country,origin,system,status,url,date_recorded,sysID,imageID,statusID,matID
Russia,Russia,(Unknown) truck,abandoned,https://i.postimg.cc/prhtMJt6/gg4.jpg,2022-05-27,3,17,4,7-3174
Russia,Russia,(Unknown) vehicle,abandoned,https://i.postimg.cc/GhKZ4wFD/43f.png,2022-05-08,4,188,4,7-41884
Russia,Russia,(Unknown) vehicle,abandoned,https://i.postimg.cc/g2NdjhQ8/657.png,2022-05-15,4,189,4,7-41894
Russia,Soviet Union,1 BTR-50 with BPU-1 turret,abandoned,https://i.postimg.cc/1XFNKS6T/1041-btr50-with-bpu1-turret-dam-aband-25-12-23.jpg,2024-02-09,66,253,4,7-662534
Russia,Russia,1 BTR-90,abandoned,https://i.postimg.cc/J7JbkV0G/1033-btr90-dam-aband-22-10-23.jpg,2023-12-13,70,257,4,7-702574
Russia,Soviet Union,1 T-54-3M,abandoned,https://i.postimg.cc/s29RHpfN/1036-T-54-3-M-dam-aband-21-02-24.jpg,2024-02-23,172,364,4,7-1723644
Russia,Soviet Union,1 T-62 Obr. 1972,abandoned,https://i.postimg.cc/4N95JpPv/1035-T-62-Obr-1972-aband-10-12-23.jpg,2024-01-09,177,369,4,7-1773694
Russia,Russia,10 BMP-2M 675-sb3KDZ,abandoned,https://i.postimg.cc/hvsT7fqR/1318-BMP-2-M-675-sb3-KDZ-dam-aband-21-10-24.jpg,2024-10-23,241,437,4,7-2414374
Russia,Soviet Union,10 UAZ-452 van,abandoned,https://i.postimg.cc/Hk2737Xj/1005-uaz452.jpg,2022-08-08,265,468,4,7-2654684
Russia,Soviet Union,1003 BMP-2(K),abandoned,https://i.postimg.cc/c1RSYb7Q/1005-16-10-23.jpg,2023-10-18,280,499,4,7-2804994
Russia,Soviet Union,1019 BMP-2(K),abandoned,https://i.postimg.cc/FHtWY9Hy/1026-bmp2-dam-aband-24-10-23.jpg,2023-10-28,294,541,4,7-2945414
Russia,Soviet Union,1029 BMP-2(K),abandoned,https://i.postimg.cc/fR4pJxQy/1006-bmp2-dam-aband-20-10-23.jpg,2023-11-02,311,585,4,7-3115854
Russia,Soviet Union,1029 BMP-2(K),abandoned,https://i.postimg.cc/TP047FL5/1031-Abandoned-Russian-BMP-2-31-10-23.jpg,2023-11-02,311,586,4,7-3115864
Russia,Soviet Union,1029 BMP-2(K),abandoned,https://i.postimg.cc/pTd1gCzG/1032-Abandoned-Russian-BMP-2-31-10-23.jpg,2023-11-02,311,587,4,7-3115874
Russia,Soviet Union,1029 BMP-2(K),abandoned,https://i.postimg.cc/qBNpKXSx/1035-Abandoned-Russian-BMP-2-31-10-23.jpg,2023-11-02,311,588,4,7-3115884
Russia,Soviet Union,103 T-72B Obr. 1989,abandoned,https://i.postimg.cc/RC7s855Y/1016-t72b1989-dam-aband-06-03-24.jpg,2024-04-08,318,608,4,7-3186084
Russia,Soviet Union,103 T-72B Obr. 1989,abandoned,https://i.postimg.cc/XvBxktkQ/1024-t72b1989-dam-aband.png,2024-04-08,318,609,4,7-3186094
Russia,Soviet Union,103 T-72B Obr. 1989,abandoned,https://i.postimg.cc/FRmhc3Dv/1038-T-72-B-Obr1989-aband-09-03-24.jpg,2024-04-08,318,610,4,7-3186104
Russia,Soviet Union,1033 BMP-2(K),abandoned,https://i.postimg.cc/Y2bvybn3/1015-2x-bmp2-1x-destr-1x-aband.jpg,2023-11-06,322,619,4,7-3226194
Russia,Soviet Union,104 T-72B Obr. 1989,abandoned,https://i.postimg.cc/qqvjY7D0/1018-T-72-B-Obr1989-aband-02-04-24.jpg,2024-04-11,335,645,4,7-3356454
Russia,Soviet Union,1044 BMP-2(K),abandoned,https://i.postimg.cc/C5NLY96W/1037-2x-dam-aband-bmp2-1x-brem-1-aband-08-11-23.jpg,2023-11-10,341,664,4,7-3416644
Russia,Soviet Union,1046 BMP-2(K),abandoned,https://i.postimg.cc/XNRKK3g7/1010-1x-destr-2x-dam-aband-bmp2-11-11-23.jpg,2023-11-14,344,672,4,7-3446724
Russia,Russia,105 T-80BVM,abandoned,https://i.postimg.cc/26Nz63yR/1023-2x-bmp2-destr-2x-t72b-destr-T-80-BVM-abandoned-15-06-23.jpg,2023-11-24,354,688,4,7-3546884
Russia,Soviet Union,1052 BMP-2(K),abandoned,https://i.postimg.cc/P5MjxXgB/1022-bmp2-dam-aband-16-11-23.jpg,2023-11-20,358,698,4,7-3586984
Russia,Soviet Union,1059 BMP-2(K),abandoned,https://i.postimg.cc/qMDbsMNN/1003-bmp2-dam-aband-07-12-23.jpg,2023-12-10,361,706,4,7-3617064
Russia,Russia,106 T-80BVM,abandoned,https://i.postimg.cc/2jP46K1C/1029-t80bvm-dam-aband-03-12-23.jpg,2023-12-08,369,717,4,7-3697174
Russia,Soviet Union,1063 BMP-2(K),abandoned,https://i.postimg.cc/sxqKXn8h/1045-bmp2-dam-aband-19-10-23.jpg,2023-12-13,374,739,4,7-3747394
Russia,Soviet Union,1063 BMP-2(K),abandoned,https://i.postimg.cc/DzTjLMzQ/1065-bmp2-dam-aband-11-12-23.jpg,2023-12-13,374,740,4,7-3747404
Russia,Soviet Union,1067 BMP-2(K),abandoned,https://i.postimg.cc/d1fPQpvM/1061-1x-bmp3-2x-bmp2-dam-aband-14-12-23.jpg,2023-12-17,375,747,4,7-3757474
Russia,Soviet Union,1067 BMP-2(K),abandoned,https://i.postimg.cc/qBY4phMt/1063-bmp2-dam-aband-16-12-23.jpg,2023-12-17,375,748,4,7-3757484
Russia,Russia,107 BTR-82AT,abandoned,https://i.postihttps://i.postimg.cc/K4XW9RD3/1004-BTR-82-AT-aband-11-05-24.jpgmg.cc/W3bBhVst/1039-BTR-82-AT-destr-06-05-24.jpg,2024-05-15,379,756,4,7-3797564
Russia,Russia,109 BTR-82AT,abandoned,https://i.postimg.cc/KcRp6JKV/1009-BTR-82-AT-dam-aband-09-05-24.jpg,2024-05-24,400,801,4,7-4008014
Russia,Soviet Union,1094 BMP-2(K),abandoned,https://i.postimg.cc/1XMG7XCY/1037-bmp2-dam-aband-12-12-23.jpg,2024-01-09,407,836,4,7-4078364
Russia,Soviet Union,1094 BMP-2(K),abandoned,https://i.postimg.cc/BvppPf17/1009-bmp2-aband-25-01-23.jpg,2024-01-09,407,837,4,7-4078374
Russia,Soviet Union,1094 BMP-2(K),abandoned,https://i.postimg.cc/5ypV6T1T/1056-bmp2-aband-15-12-23.jpg,2024-01-09,407,838,4,7-4078384
Russia,Soviet Union,1094 BMP-2(K),abandoned,https://i.postimg.cc/Gtqbx9Wm/1061-4x-bmp2-dam-aband-14-12-23.jpg,2024-01-09,407,839,4,7-4078394
Russia,Soviet Union,1094 BMP-2(K),abandoned,https://i.postimg.cc/7YZnjtkT/1005-bmp2-dam-aband-20-12-23.png,2024-01-09,407,840,4,7-4078404
Russia,Soviet Union,1094 BMP-2(K),abandoned,https://i.postimg.cc/02j8JvfS/1017-bmp2-dam-aband-15-12-23.jpg,2024-01-09,407,841,4,7-4078414
Russia,Soviet Union,1094 BMP-2(K),abandoned,https://i.postimg.cc/wTndym3K/1031-bmp2-dam-aband-24-12-23.jpg,2024-01-09,407,842,4,7-4078424
Russia,Soviet Union,1094 BMP-2(K),abandoned,https://i.postimg.cc/v8p67wwb/1020-bmp2-aband-26-12-23.jpg,2024-01-09,407,843,4,7-4078434
Russia,Soviet Union,1094 BMP-2(K),abandoned,https://i.postimg.cc/QC5CYVZs/1012-bmp2-dam-aband-28-12-23.jpg,2024-01-09,407,844,4,7-4078444
Russia,Soviet Union,1094 BMP-2(K),abandoned,https://i.postimg.cc/g0gWjQ0S/1037-bmp2-aband-27-12-23.jpg,2024-01-09,407,845,4,7-4078454
Russia,Soviet Union,1094 BMP-2(K),abandoned,https://i.postimg.cc/C5cq1sV2/1041-bmp2-aband-02-01-24.jpg,2024-01-09,407,846,4,7-4078464
Russia,Soviet Union,1094 BMP-2(K),abandoned,https://i.postimg.cc/SNQLhJp5/1014-bmp2-dam-aband-04-01-24.jpg,2024-01-09,407,847,4,7-4078474
Russia,Soviet Union,1098 BMP-2(K),abandoned,https://i.postimg.cc/T3JS7sdQ/1012-bmp2-and-mtlb-aband-08-01-24.jpg,2024-01-10,408,850,4,7-4088504
Russia,Soviet Union,11 IMR-2(M) combat engineering vehicle,abandoned,https://i.postimg.cc/B6tqKYCg/1014-IMR2.jpg,2022-09-12,429,876,4,7-4298764
Russia,Russia,110 BMP-3 688A-sb6-2KP,abandoned,https://i.postimg.cc/0y0fmtLp/1000-BMP-3-688-A-sb6-2-KP-aband-29-06-24.jpg,2024-07-03,456,915,4,7-4569154
Russia,Soviet Union,1101 BMP-2(K),abandoned,https://i.postimg.cc/L4Y70c5N/1015-bmp2-dam-aband-03-01-24.jpg,2024-01-19,463,937,4,7-4639374
Russia,Soviet Union,1101 BMP-2(K),abandoned,https://i.postimg.cc/63TMWgSJ/1016-bmp2-aband-31-12-23.jpg,2024-01-19,463,938,4,7-4639384
Russia,Soviet Union,1112 BMP-2(K),abandoned,https://i.postimg.cc/prMYWzBH/1065-bmp2-dam-aband-17-01-24.jpg,2024-01-21,477,968,4,7-4779684
Russia,Soviet Union,1112 BMP-2(K),abandoned,https://i.postimg.cc/PxwQn2Yy/1064-bmp2-dam-aband-17-01-24.jpg,2024-01-21,477,969,4,7-4779694
Russia,Soviet Union,1112 BMP-2(K),abandoned,https://i.postimg.cc/8P1MZ1Kt/1046-bmp2-dam-aband-18-01-24.jpg,2024-01-21,477,970,4,7-4779704
Russia,Soviet Union,1112 BMP-2(K),abandoned,https://i.postimg.cc/rsGGKsht/1063-bmp2-aband-17-01-24.jpg,2024-01-21,477,971,4,7-4779714
Russia,Soviet Union,1119 BMP-2(K),abandoned,https://i.postimg.cc/m2YVtZRZ/1018-bmp2-dam-aband-20-01-24.jpg,2024-01-24,478,979,4,7-4789794
Russia,Soviet Union,1119 BMP-2(K),abandoned,https://i.postimg.cc/sfZTC9Nh/1011-bmp2-dam-aband-21-01-24.jpg,2024-01-24,478,980,4,7-4789804
Russia,Soviet Union,1119 BMP-2(K),abandoned,https://i.postimg.cc/mkMj3BHw/1010-bmp2-dam-aband-21-01-24.jpg,2024-01-24,478,981,4,7-4789814
Russia,Russia,112 T-80BVM,abandoned,https://i.postimg.cc/hPJTRzdX/1006-T-80-BVM-dam-aband-22-01-24.jpg,2024-01-24,484,991,4,7-4849914
Russia,Soviet Union,112 Unknown BMP-1/2,abandoned,https://i.postimg.cc/nz2SWCgX/31d.png,2023-03-29,485,994,4,7-4859944
Russia,Soviet Union,1122 BMP-2(K),abandoned,https://i.postimg.cc/90xyt7s1/1056-2x-bmp2-dam-aband-22-01-24.jpg,2024-01-27,487,1002,4,7-48710024
Russia,Soviet Union,113 UAZ-452 van,abandoned,https://i.postimg.cc/wvvSqcM0/1025-UAZ-452-dam-aband-08-03-24.jpg,2024-04-08,495,1027,4,7-49510274
Russia,Soviet Union,1131 BMP-2(K),abandoned,https://i.postimg.cc/rpwxYVHt/1005-bmp2-dam-aband-18-12-23.jpg,2024-01-30,498,1035,4,7-49810354
Russia,Soviet Union,1131 BMP-2(K),abandoned,https://i.postimg.cc/ZqwFTBNc/1010-bmp2-dam-aband-18-12-23.jpg,2024-01-30,498,1036,4,7-49810364
Russia,Soviet Union,1131 BMP-2(K),abandoned,https://i.postimg.cc/ZR0P0bFh/1013-bmp2-dam-aband-23-01-24.jpg,2024-01-30,498,1037,4,7-49810374
Russia,Soviet Union,1131 BMP-2(K),abandoned,https://i.postimg.cc/W1n0nF5v/1019-bmp2-dam-aband-18-12-23.jpg,2024-01-30,498,1038,4,7-49810384
Russia,Soviet Union,1131 BMP-2(K),abandoned,https://i.postimg.cc/rwcSxCCj/1020-bmp2-dam-aband-28-01-24.jpg,2024-01-30,498,1039,4,7-49810394
Russia,Soviet Union,1142 BMP-2(K),abandoned,https://i.postimg.cc/ZndMTxnx/1017-bmp2-dam-aband-28-01-24.jpg,2024-02-09,507,1060,4,7-50710604
Russia,Soviet Union,115 Unknown BMP-1/2,abandoned,https://i.postimg.cc/3RQMCm3n/a2.png,2023-04-09,520,1083,4,7-52010834
Russia,Soviet Union,1154 BMP-2(K),abandoned,https://i.postimg.cc/7Yq8y5KQ/1006-bmp2-dam-aband-06-02-24.jpg,2024-02-15,523,1091,4,7-52310914
Russia,Soviet Union,1154 BMP-2(K),abandoned,https://i.postimg.cc/vHXR8Gj8/1039-bmp2-dam-aband-29-01-24.jpg,2024-02-15,523,1092,4,7-52310924
Russia,Soviet Union,1158 BMP-2(K),abandoned,https://i.postimg.cc/Bnnc0gRT/1002-T80-BV-destr-2x-bmp1-dam-aband-23-02-23.jpg,2024-02-18,524,1096,4,7-52410964
Russia,Soviet Union,1158 BMP-2(K),abandoned,https://i.postimg.cc/rmQYgJzh/1025-bmp2-aband-17-02-24.jpg,2024-02-18,524,1097,4,7-52410974
Russia,Soviet Union,116 BTR-80,abandoned,https://i.postimg.cc/mZNMWDS4/1004-btr80-dam-aband.jpg,2022-10-21,526,1100,4,7-52611004
Russia,Soviet Union,1172 BMP-2(K),abandoned,https://i.postimg.cc/jdnxJH0P/1010-bmp2-dam-aband-28-02-24.jpg,2024-03-02,549,1151,4,7-54911514
Russia,Russia,118 BTR-82AT,abandoned,https://i.postimg.cc/8kbkD6Y0/1041-BTR-82-AT-dam-aband-02-06-24.jpg,2024-06-06,553,1157,4,7-55311574
Russia,Soviet Union,118 T-62M,abandoned,https://i.postimg.cc/YSVJHGYS/1269-T-62-M-dam-aband-20-10-24.jpg,2024-10-22,556,1171,4,7-55611714
Russia,Russia,118 T-80BVM,abandoned,https://i.postimg.cc/Qd4nbQGx/1027-t80bvm-dam-aband-27-02-24.jpg,2024-04-08,557,1175,4,7-55711754
Russia,Russia,118 T-80BVM,abandoned,https://i.postimg.cc/BnbjCBjY/1040-T80-BVM-dam-aband-04-05-24.jpg,2024-05-09,557,1179,4,7-55711794
Russia,Russia,119 BMP-3 688A-sb6-2KP,abandoned,https://i.postimg.cc/hjSXPfS3/1047-BMP-3-688-A-sb6-2-KP-aband-16-07-24.jpg,2024-07-18,564,1191,4,7-56411914
Russia,Soviet Union,119 T-62M,abandoned,https://i.postimg.cc/c1282Mk8/1321-T-62-M-aband-20-10-24.jpg,2024-10-23,569,1199,4,7-56911994
Russia,Russia,12 T-80BV Obr. 2022,abandoned,https://i.postimg.cc/Wzzr3tYf/1008-T-80-BV-Obr-2022-aband-21-01-24.jpg,2024-01-24,600,1252,4,7-60012524
Russia,Russia,12 T-80BV Obr. 2022,abandoned,https://i.postimg.cc/cJc8BfVb/1026-T-80bv-Obr2022-aband-21-01-24.jpg,2024-01-24,600,1253,4,7-60012534
Russia,Russia,12 T-90M,abandoned,https://i.postimg.cc/NfvGCqFJ/1043-t90m-dam-aband-18-02-23.jpg,2023-02-21,601,1255,4,7-60112554
Russia,Soviet Union,120 UAZ-452 van,abandoned,https://i.postimg.cc/wT68vWPY/1017-UAZ-452-dam-aband-18-08-24.jpg,2024-08-22,617,1279,4,7-61712794
Russia,Soviet Union,120mm 2B16 Nona-K howitzer,abandoned,https://i.postimg.cc/sfM2Rn9R/f13.png,2022-03-19,622,1298,4,7-62212984
Russia,Soviet Union,120mm 2B16 Nona-K howitzer,abandoned,https://i.postimg.cc/5jcQqnzn/hhj.jpg,2022-03-19,622,1299,4,7-62212994
Russia,Soviet Union,120mm 2S9 Nona,abandoned,https://i.postimg.cc/KcgFMz7v/543.png,2022-03-19,625,1311,4,7-62513114
Russia,Soviet Union,122 Unknown BMP-1/2,abandoned,https://i.postimg.cc/jdKxj2FJ/1019-2x-T64bv-destr-18-07-23.jpg,2023-07-20,644,1368,4,7-64413684
Russia,Soviet Union,1220 BMP-2(K),abandoned,https://i.postimg.cc/C18BzF3J/1039-bmp2-dam-aband-26-03-24.jpg,2024-04-08,645,1419,4,7-64514194
Russia,Soviet Union,1220 BMP-2(K),abandoned,https://i.postimg.cc/Fzhrg6r4/1032-bmp2-dam-aband-21-03-24.jpg,2024-04-08,645,1420,4,7-64514204
Russia,Soviet Union,1220 BMP-2(K),abandoned,https://i.postimg.cc/DwRcXGM5/1036-bmp2-dam-aband-15-03-24.jpg,2024-04-08,645,1421,4,7-64514214
Russia,Soviet Union,1220 BMP-2(K),abandoned,https://i.postimg.cc/D0y8Kyy3/1043-bmp2-dam-aband-09-03-24.jpg,2024-04-08,645,1422,4,7-64514224
Russia,Soviet Union,1220 BMP-2(K),abandoned,https://i.postimg.cc/bN5dKh74/1046-bmp2-dam-aband-09-03-24.jpg,2024-04-08,645,1423,4,7-64514234
Russia,Soviet Union,1220 BMP-2(K),abandoned,https://i.postimg.cc/gj4DXBC6/1077-2x-bmp2-dam-aband-19-03-24.jpg,2024-04-08,645,1424,4,7-64514244
Russia,Soviet Union,1220 BMP-2(K),abandoned,https://i.postimg.cc/wTTF8gN5/1067-bmp2-dam-aband-17-03-24.jpg,2024-04-08,645,1425,4,7-64514254
Russia,Soviet Union,1220 BMP-2(K),abandoned,https://i.postimg.cc/MpTqpTfs/1064-bmp2-dam-aband-01-04-24.jpg,2024-04-08,645,1426,4,7-64514264
Russia,Soviet Union,1220 BMP-2(K),abandoned,https://i.postimg.cc/rmSLPR7p/1070-bmp2-dam-aband-01-04-24.jpg,2024-04-08,645,1427,4,7-64514274
Russia,Soviet Union,1220 BMP-2(K),abandoned,https://i.postimg.cc/Zqvm6Mcp/1071-bmp2-dam-aband-01-04-24.jpg,2024-04-08,645,1428,4,7-64514284
Russia,Soviet Union,1220 BMP-2(K),abandoned,https://i.postimg.cc/HLKNBQgf/1000-bmp2-dam-aband-17-03-24.jpg,2024-04-08,645,1429,4,7-64514294
Russia,Soviet Union,1220 BMP-2(K),abandoned,https://i.postimg.cc/gkqfmXVZ/1002-bmp2-dam-aband-02-04-24.jpg,2024-04-08,645,1430,4,7-64514304
Russia,Russia,122mm 2B17 Tornado-G,abandoned,https://i.postimg.cc/Xq1jMGMk/5544.png,2022-03-31,648,1446,4,7-64814464
Russia,Soviet Union,122mm 2S1 Gvozdika,abandoned,https://i.postimg.cc/qBYJLRq1/63.png,2022-03-19,650,1455,4,7-65014554
Russia,Soviet Union,122mm 2S1 Gvozdika,abandoned,https://i.postimg.cc/pXrnFmJS/48j.png,2022-06-29,650,1472,4,7-65014724
Russia,Soviet Union,122mm BM-21 'Grad',abandoned,https://i.postimg.cc/1t68G6Ls/Screenshot-8400.png,2022-03-19,652,1565,4,7-65215654
Russia,Soviet Union,122mm BM-21 'Grad',abandoned,https://i.postimg.cc/T3WhvbLL/v54.png,2022-03-19,652,1566,4,7-65215664
Russia,Soviet Union,122mm BM-21 'Grad',abandoned,https://i.postimg.cc/3xDpBMBL/r44.png,2022-03-19,652,1567,4,7-65215674
Russia,Soviet Union,122mm BM-21 'Grad',abandoned,https://i.postimg.cc/7Zxh5pRG/r45.png,2022-03-19,652,1568,4,7-65215684
Russia,Soviet Union,122mm BM-21 'Grad',abandoned,https://i.postimg.cc/0QS7sKvJ/490.png,2022-03-19,652,1569,4,7-65215694
Russia,Soviet Union,122mm BM-21 'Grad',abandoned,https://i.postimg.cc/nr1Wrst0/439.png,2022-03-26,652,1580,4,7-65215804
Russia,Soviet Union,122mm BM-21 Grad,abandoned,https://i.postimg.cc/KvMqQ1rx/65g.png,2022-06-26,653,1608,4,7-65316084
Russia,Soviet Union,122mm D-30 howitzer 2A18,abandoned,https://i.postimg.cc/zXqyhypY/Screenshot-8404.png,2022-03-19,655,1661,4,7-65516614
Russia,Soviet Union,122mm D-30 howitzer 2A18,abandoned,https://i.postimg.cc/DwP0wn1y/Screenshot-8485.png,2022-03-19,655,1662,4,7-65516624
Russia,Soviet Union,122mm D-30 howitzer 2A18,abandoned,https://i.postimg.cc/Fs5rrPFD/g66.png,2022-03-19,655,1663,4,7-65516634
Russia,Soviet Union,122mm D-30 howitzer 2A18,abandoned,https://i.postimg.cc/XJ8bh0Y3/57.png,2022-03-29,655,1669,4,7-65516694
Russia,Soviet Union,1230 BMP-2(K),abandoned,https://i.postimg.cc/15c8Z07B/1091-bmp2-dam-aband-30-03-24.jpg,2024-05-09,663,1698,4,7-66316984
Russia,Soviet Union,1232 BMP-2(K),abandoned,https://i.postimg.cc/g2QfyTVc/1030-bmp2-dam-aband-09-04-24.jpg,2024-04-14,665,1708,4,7-66517084
Russia,Soviet Union,1232 BMP-2(K),abandoned,https://i.postimg.cc/1XmT5hQB/1043-bmp2-dam-aband-25-02-24.jpg,2024-04-14,665,1709,4,7-66517094
Russia,Russia,124 BTR-82AT,abandoned,https://i.postimg.cc/fThhvxfW/1031-BTR-82-AT-dam-aband-21-06-24.jpg,2024-06-24,669,1721,4,7-66917214
Russia,Russia,124 BTR-82AT,abandoned,https://i.postimg.cc/jqfbN8Nk/1032-BTR-82-AT-dam-aband-21-06-24.jpg,2024-06-24,669,1722,4,7-66917224
Russia,Russia,124 BTR-82AT,abandoned,https://i.postimg.cc/d3GcY1wK/1033-BTR-82-AT-dam-aband-21-06-24.jpg,2024-06-24,669,1723,4,7-66917234
Russia,Russia,125 BMP-3 688A-sb6-2KP,abandoned,https://i.postimg.cc/tCND25ZL/1132-BMP-3-688-A-sb6-2-KP-dam-aband-25-01-24.jpg,2024-08-06,677,1754,4,7-67717544
Russia,Russia,125 T-80BVM,abandoned,https://i.postimg.cc/tJH8Dkb3/1026-T-80-BVM-dam-aband-21-06-24.jpg,2024-06-24,681,1759,4,7-68117594
Russia,Russia,125 T-80BVM,abandoned,https://i.postimg.cc/7YgcL3mD/1052-T-80-BVM-dam-aband-05-07-24.jpg,2024-07-09,681,1760,4,7-68117604
Russia,Soviet Union,1257 BMP-2(K),abandoned,https://i.postimg.cc/L8Fv4rSm/1010-bmp2-aband-23-05-24.jpg,2024-05-26,685,1779,4,7-68517794
Russia,Russia,127 T-80BVM,abandoned,https://i.postimg.cc/FKD7JWnw/1008-T-80-BVM-dam-aband-16-07-24.jpg,2024-07-21,703,1815,4,7-70318154
Russia,Soviet Union,1281 BMP-2(K),abandoned,https://i.postimg.cc/XJ58Z4Yj/1007-BMP-2-K-dam-aband-30-05-24.jpg,2024-06-09,715,1849,4,7-71518494
Russia,Russia,129 BMP-3 688A-sb6-2KP,abandoned,https://i.postimg.cc/g0npVwnw/1009-BMP-3-688-A-sb6-2-KP-dam-aband-12-08-24.jpg,2024-08-18,719,1859,4,7-71918594
Russia,Soviet Union,1297 BMP-2(K),abandoned,https://i.postimg.cc/Bt9Zfm4R/1003-bmp2-dam-aband-09-06-24.jpg,2024-06-11,724,1882,4,7-72418824
Russia,Soviet Union,1297 BMP-2(K),abandoned,https://i.postimg.cc/mZcQRhTS/1044-bmp2-dam-aband-06-06-24.jpg,2024-06-11,724,1883,4,7-72418834
Russia,Soviet Union,1297 BMP-2(K),abandoned,https://i.postimg.cc/gJ7kNY5z/1056-bmp2-dam-aband-06-08-23.jpg,2024-06-11,724,1884,4,7-72418844
Russia,Soviet Union,1297 BMP-2(K),abandoned,https://i.postimg.cc/rmsw1dfZ/1057-bmp2-aband-25-05-24.jpg,2024-06-11,724,1885,4,7-72418854
Russia,Soviet Union,131 Unknown BMP-1/2,abandoned,https://i.postimg.cc/tgfDdtqb/1015-unkn-bmp-destr-04-12-23.jpg,2023-12-08,785,1991,4,7-78519914
Russia,Soviet Union,132 Unknown BMP-1/2,abandoned,https://i.postimg.cc/d1SSvC9q/1033-unkn-bmp1-2-aband-31-10-23.jpg,2023-11-02,796,2011,4,7-79620114
Russia,Soviet Union,1320 BMP-2(K),abandoned,https://i.postimg.cc/G3fH45xR/1008-bmp2-dam-aband-24-06-24.jpg,2024-06-30,800,2023,4,7-80020234
Russia,Soviet Union,1325 BMP-2(K),abandoned,https://i.postimg.cc/NGzV8jvR/1041-BMP-2-K-dam-aband-07-01-24.jpg,2024-07-15,802,2029,4,7-80220294
Russia,Russia,134 BMP-3 688A-sb6-2KP,abandoned,https://i.postimg.cc/m2J7Vy5H/1009-BMP-3-688-A-sb6-2-KP-dam-aband-14-09-24.jpg,2024-09-20,816,2063,4,7-81620634
Russia,Russia,135 BMP-3 688A-sb6-2KP,abandoned,https://i.postimg.cc/qvFyN15j/1057-BMP-3-688-A-sb6-2-KP-dam-aband-19-09-24.jpg,2024-09-21,829,2091,4,7-82920914
Russia,Soviet Union,1359 BMP-2(K),abandoned,https://i.postimg.cc/Qdfhht63/1002-BMP-2-dam-aband-25-08-24.jpg,2024-08-30,838,2113,4,7-83821134
Russia,Russia,136 BTR-82AT,abandoned,https://i.postimg.cc/bN7WwySD/1041-BTR-82-AT-dam-aband-23-07-24.jpg,2024-07-31,841,2118,4,7-84121184
Russia,Russia,137 BTR-82AT,abandoned,https://i.postimg.cc/FK7SkDSV/1014-BTR-82-AT-aband-29-07-24.jpg,2024-08-03,852,2148,4,7-85221484
Russia,Soviet Union,139 Unknown BMP-1/2,abandoned,https://i.postimg.cc/P5N8Cv7y/1042-unkn-bmp-dam-aband-22-01-24.jpg,2024-01-27,877,2200,4,7-87722004
Russia,Soviet Union,140 Unknown BMP-1/2,abandoned,https://i.postimg.cc/hGNQqmL1/1039-unkn-bmp-dam-aband-09-01-24.jpg,2024-01-21,915,2253,4,7-91522534
Russia,Soviet Union,140 Unknown BMP-1/2,abandoned,https://i.postimg.cc/D0TWSKYW/1042-unkn-bmp-dam-aband-18-01-24.jpg,2024-01-21,915,2254,4,7-91522544
Russia,Soviet Union,1400 BMP-2(K),abandoned,https://i.postimg.cc/ZRLDw46T/1142-BMP-2-K-dam-aband-03-10-24.jpg,2024-10-22,918,2273,4,7-91822734
Russia,Soviet Union,1400 BMP-2(K),abandoned,https://i.postimg.cc/vByN7cgq/1091-BMP-2-K-dam-aband-12-10-24.jpg,2024-10-22,918,2274,4,7-91822744
Russia,Soviet Union,141 Unknown BMP-1/2,abandoned,https://twitter.com/bayraktar_1love/status/1737780638701261204,2024-01-09,925,2292,4,7-92522924
Russia,Soviet Union,141 Unknown BMP-1/2,abandoned,https://i.postimg.cc/gj51ZCzy/1045-unkn-bmp-aband-21-12-23.jpg,2024-01-09,925,2293,4,7-92522934
Russia,Soviet Union,141 Unknown BMP-1/2,abandoned,https://i.postimg.cc/jS3frhcn/1011-unkn-tank-and-bmp-aband-29-12-23.jpg,2024-01-09,925,2294,4,7-92522944
Russia,Soviet Union,141 Unknown BMP-1/2,abandoned,https://i.postimg.cc/L5DzPMjN/1013-unkn-bmp-aband-04-01-24.jpg,2024-01-09,925,2295,4,7-92522954
Russia,Soviet Union,142 Unknown BMP-1/2,abandoned,https://i.postimg.cc/mDP8DQZK/1034-unkn-bmp-aband-21-01-24.jpg,2024-01-24,936,2315,4,7-93623154
Russia,Soviet Union,142 Unknown BMP-1/2,abandoned,https://i.postimg.cc/FRwGJ77z/1035-unkn-bmp-aband-21-01-24.jpg,2024-01-24,936,2316,4,7-93623164
Russia,Soviet Union,145 Unknown BMP-1/2,abandoned,https://i.postimg.cc/Sj0Z4b2Z/1059-unkn-bmp-aband-06-02-24.jpg,2024-02-09,960,2383,4,7-96023834
Russia,Russia,146 Unknown tank,abandoned,https://i.postimg.cc/8zSNkws4/1030-unkn-tank-aband.jpg,2022-10-06,970,2398,4,7-97023984
Russia,Russia,149 BTR-82AT,abandoned,https://i.postimg.cc/zXXcbsLv/1015-BTR-82-AT-aband-07-08-24.jpg,2024-08-18,987,2426,4,7-98724264
Russia,Russia,149 BTR-82AT,abandoned,https://i.postimg.cc/D07YcDBC/1016-BTR-82-AT-aband-07-08-24.jpg,2024-08-18,987,2427,4,7-98724274
Russia,Russia,149 BTR-82AT,abandoned,https://i.postimg.cc/fRPph8RL/1034-BTR-82-AT-dam-aband-16-08-24.jpg,2024-08-18,987,2428,4,7-98724284
Russia,Russia,15 BMP-1 675-sb3KDZ,abandoned,https://i.postimg.cc/3RphP5Hp/1004-BMP-1-675-sb3-KDZ-dam-aband-30-05-24.jpg,2024-06-06,1004,2451,4,7-100424514
Russia,Soviet Union,15 T-62MV,abandoned,https://i.postimg.cc/tgG55XHW/1022-t62mv-dam-aband-23-06-23.jpg,2023-06-25,1014,2463,4,7-101424634
Russia,Soviet Union,152mm 2A65 Msta-B howitzer,abandoned,https://i.postimg.cc/13CTS2R9/431f.png,2022-03-19,1044,2536,4,7-104425364
Russia,Soviet Union,152mm 2S19 Msta-S,abandoned,https://i.postimg.cc/Nf5WZ40V/32da.png,2022-03-19,1045,2564,4,7-104525644
Russia,Soviet Union,152mm 2S19 Msta-S,abandoned,https://i.postimg.cc/VkNQR04y/2r.jpg,2022-03-19,1045,2566,4,7-104525664
Russia,Soviet Union,152mm 2S19 Msta-S,abandoned,https://i.postimg.cc/Y08W5pnP/557723.png,2022-03-19,1045,2567,4,7-104525674
Russia,Soviet Union,152mm 2S19 Msta-S,abandoned,https://i.postimg.cc/SKkpzp7Z/aa2.jpg,2022-03-19,1045,2568,4,7-104525684
Russia,Soviet Union,152mm 2S19 Msta-S,abandoned,https://i.postimg.cc/LsDFt0xm/aa3.jpg,2022-03-19,1045,2569,4,7-104525694
Russia,Soviet Union,152mm 2S19 Msta-S,abandoned,https://i.postimg.cc/3NSNyzNR/ff3.jpg,2022-03-19,1045,2570,4,7-104525704
Russia,Soviet Union,152mm 2S19 Msta-S,abandoned,https://i.postimg.cc/YqhYV3pF/764.png,2022-03-19,1045,2571,4,7-104525714
Russia,Soviet Union,152mm 2S19 Msta-S,abandoned,https://i.postimg.cc/VvcXHJpv/d27.png,2022-03-19,1045,2572,4,7-104525724
Russia,Soviet Union,152mm 2S19 Msta-S,abandoned,https://i.postimg.cc/NFFhC8rz/3350.jpg,2022-03-19,1045,2573,4,7-104525734
Russia,Soviet Union,152mm 2S19 Msta-S,abandoned,https://i.postimg.cc/TwVtf4qx/5490.png,2022-03-19,1045,2579,4,7-104525794
Russia,Soviet Union,152mm 2S19 Msta-S,abandoned,https://i.postimg.cc/K8TKNKZ6/431.png,2022-03-30,1045,2588,4,7-104525884
Russia,Soviet Union,152mm 2S19 Msta-S,abandoned,https://i.postimg.cc/g07hV40m/5547.png,2022-03-30,1045,2589,4,7-104525894
Russia,Soviet Union,152mm 2S19 Msta-S,abandoned,https://i.postimg.cc/V6hfPDxL/19.png,2022-04-04,1045,2595,4,7-104525954
Russia,Soviet Union,152mm 2S19 Msta-S,abandoned,https://i.postimg.cc/mk7nKMHw/489.png,2022-05-01,1045,2613,4,7-104526134
Russia,Soviet Union,152mm 2S3 Akatsiya,abandoned,https://i.postimg.cc/85D97Vs5/3v.png,2022-03-19,1046,2638,4,7-104626384
Russia,Soviet Union,152mm 2S3 Akatsiya,abandoned,https://i.postimg.cc/zD2FmSBx/j76.png,2022-03-19,1046,2639,4,7-104626394
Russia,Soviet Union,152mm 2S3 Akatsiya,abandoned,https://i.postimg.cc/Y9BBtK7d/470.png,2022-03-19,1046,2640,4,7-104626404
Russia,Soviet Union,152mm 2S3 Akatsiya,abandoned,https://i.postimg.cc/wxDRxYgf/3316.png,2022-03-26,1046,2646,4,7-104626464
Russia,Soviet Union,152mm 2S3 Akatsiya,abandoned,https://i.postimg.cc/qBbfFfc5/r5.jpg,2022-03-26,1046,2647,4,7-104626474
Russia,Soviet Union,152mm 2S3 Akatsiya,abandoned,https://i.postimg.cc/VvH30ML8/r6.jpg,2022-03-26,1046,2648,4,7-104626484
Russia,Russia,154 BTR-82AT,abandoned,https://i.postimg.cc/gJ6y5GGT/1005-BTR-82-AT-dam-aband-22-08-24.jpg,2024-08-25,1061,2838,4,7-106128384
Russia,Russia,155 BMP-3 688A-sb6-2KP,abandoned,https://i.postimg.cc/QMwk3tr8/1022-BMP-3-688-A-sb6-2-KP-aband-09-10-24.jpg,2024-10-22,1068,2859,4,7-106828594
Russia,Russia,155 BMP-3 688A-sb6-2KP,abandoned,https://i.postimg.cc/gcvyCmtp/1221-BMP-3-688-A-sb6-2-KP-aband-23-09-24.jpg,2024-10-22,1068,2860,4,7-106828604
Russia,Russia,155 BMP-3 688A-sb6-2KP,abandoned,https://i.postimg.cc/pXCfdkt1/1222-BMP-3-688-A-sb6-2-KP-dam-aband-23-09-24.jpg,2024-10-22,1068,2861,4,7-106828614
Russia,Soviet Union,155 Unknown BMP-1/2,abandoned,https://i.postimg.cc/N0v8XHG5/1003-unkn-bmp-aband-31-05-23.jpg,2024-02-18,1073,2875,4,7-107328754
Russia,Soviet Union,155 Unknown BMP-1/2,abandoned,https://i.postimg.cc/SRP1bx6C/1027-unkn-bmp-aband-17-02-24.jpg,2024-02-18,1073,2876,4,7-107328764
Russia,Soviet Union,155 Unknown BMP-1/2,abandoned,https://i.postimg.cc/MT2WqzDk/1031-unkn-bmp-aband-16-02-24.jpg,2024-02-18,1073,2877,4,7-107328774
Russia,Soviet Union,157 Unknown BMP-1/2,abandoned,https://i.postimg.cc/v81YV5cm/1011-unkn-bmp-aband-09-02-24.jpg,2024-02-21,1092,2915,4,7-109229154
Russia,Soviet Union,158 BTR-80,abandoned,https://i.postimg.cc/yNYJHDjJ/1012-btr80-aband-07-06-23.jpg,2023-06-11,1097,2923,4,7-109729234
Russia,Soviet Union,16 BTR-70,abandoned,https://i.postimg.cc/fbb1nz0L/1259-BTR-70-dam-aband-18-10-24.jpg,2024-10-22,1125,2961,4,7-112529614
Russia,Russia,16 T-80BV Obr. 2022,abandoned,https://i.postimg.cc/Pq5p5TJ3/1040-T-80-BVM-obr2022-1x-destr-1x-dam-aband-07-02-24.jpg,2024-02-09,1137,2984,4,7-113729844
Russia,Soviet Union,164 BMP-1(P),abandoned,https://twitter.com/Blue_Sauron/status/1577397473257361408,2022-10-05,1170,3039,4,7-117030394
Russia,Russia,167 GAZ Tigr-M,abandoned,https://i.postimg.cc/N0vSkTpM/1007-GAZ-tigr-M-aband-19-05-24.jpg,2024-05-24,1191,3080,4,7-119130804
Russia,Soviet Union,167 Unknown BMP-1/2,abandoned,https://i.postimg.cc/VL1rD7G5/1012-unkn-bmp-dam-aband-20-03-24.jpg,2024-04-08,1194,3101,4,7-119431014
Russia,Soviet Union,167 Unknown BMP-1/2,abandoned,https://i.postimg.cc/k5mQM6tR/1057-unkn-bmp-dam-aband-09-03-24.jpg,2024-04-08,1194,3102,4,7-119431024
Russia,Soviet Union,167 Unknown BMP-1/2,abandoned,https://i.postimg.cc/Cx2jZV7j/1013-unkn-bmp-dam-aband-30-03-24.jpg,2024-04-08,1194,3103,4,7-119431034
Russia,Soviet Union,167 Unknown BMP-1/2,abandoned,https://i.postimg.cc/Wb2mC8tJ/1014-unkn-bmp-dam-aband-30-03-24.jpg,2024-04-08,1194,3104,4,7-119431044
Russia,Soviet Union,167 Unknown BMP-1/2,abandoned,https://i.postimg.cc/T2ST3mXp/1081-unkn-bmp-dam-aband-02-04-24.jpg,2024-04-08,1194,3105,4,7-119431054
Russia,Soviet Union,167 Unknown BMP-1/2,abandoned,https://i.postimg.cc/pVwRRWkt/1012-unkn-bmp-dam-aband-02-04-24.jpg,2024-04-08,1194,3106,4,7-119431064
Russia,Soviet Union,167 Unknown BMP-1/2,abandoned,https://i.postimg.cc/6p0XrdK9/1045-unkn-bmp-dam-aband-05-04-24.jpg,2024-04-08,1194,3107,4,7-119431074
Russia,Soviet Union,168 BMP-1(P),abandoned,https://i.postimg.cc/gkRGP1cr/1029-bmp1-aband.jpg,2022-10-06,1199,3119,4,7-119931194
Russia,Soviet Union,17 1V14 battery command and forward observer vehicle,abandoned,https://i.postimg.cc/RhfQQc5g/1019-1-V14-M-aband-04-03-23.jpg,2023-07-28,1220,3165,4,7-122031654
Russia,Soviet Union,17 T-72AV,abandoned,https://i.postimg.cc/3W5fP1mH/1020-T-72-AV-dam-aband-09-04-24.jpg,2024-04-14,1239,3204,4,7-123932044
Russia,Russia,174 BMP-3 688A-sb6-2KP,abandoned,https://i.postimg.cc/brpsR8nZ/1051-BMP-3-688-A-sb6-2-KP-aband-11-11-24.jpg,2024-11-14,1273,3255,4,7-127332554
Russia,Russia,174 BMP-3 688A-sb6-2KP,abandoned,https://i.postimg.cc/76g57b5v/1050-BMP-3-688-A-sb6-2-KP-aband-11-11-24.jpg,2024-11-14,1273,3256,4,7-127332564
Russia,Russia,174 BMP-3 688A-sb6-2KP,abandoned,https://i.postimg.cc/cJtgxFZL/1049-BMP-3-688-A-sb6-2-KP-dam-aband-11-11-24.jpg,2024-11-14,1273,3257,4,7-127332574
Russia,Soviet Union,175 BTR-80,abandoned,https://i.postimg.cc/YqN4CPXT/1036-btr80-dam-aband-30-05-23.jpg,2023-10-06,1284,3276,4,7-128432764
Russia,Soviet Union,176 BTR-80,abandoned,https://i.postimg.cc/br97gV2z/1040-2x-bmp1-1x-btr80-aband-11-10-23.jpg,2023-10-12,1291,3284,4,7-129132844
Russia,Russia,176 BTR-82AT,abandoned,https://i.postimg.cc/vZ3mTYRv/1026-BTR-82-AT-dam-aband-30-09-24.jpg,2024-10-03,1292,3286,4,7-129232864
Russia,Russia,176 BTR-82AT,abandoned,https://i.postimg.cc/3JQNbfC2/1027-BTR-82-AT-dam-aband-30-09-24.jpg,2024-10-03,1292,3287,4,7-129232874
Russia,Soviet Union,176 MT-LBVM and MT-LBVMK,abandoned,https://i.postimg.cc/yYthh002/1037-MT-LBVMK-dam-aband-03-07-23.jpg,2023-07-14,1294,3290,4,7-129432904
Russia,Soviet Union,177 Unknown BMP-1/2,abandoned,https://i.postimg.cc/V672K6Gn/1016-unkn-bmp-dam-aband-20-03-24.jpg,2024-04-27,1302,3308,4,7-130233084
Russia,Soviet Union,18 T-62MV,abandoned,https://i.postimg.cc/Df6cQRq6/1002-t62mv-dam-aband-08-01-23.jpg,2024-01-10,1341,3365,4,7-134133654
Russia,Soviet Union,181 BTR-80,abandoned,https://i.postimg.cc/CMR82vVH/1065-btr80-dam-aband-11-10-23.jpg,2023-10-22,1356,3382,4,7-135633824
Russia,Soviet Union,181 T-80BV,abandoned,https://i.postimg.cc/2857gx7R/1019-t80bv-dam-aband.jpg,2022-12-05,1359,3387,4,7-135933874
Russia,Soviet Union,183 BTR-80,abandoned,https://i.postimg.cc/056Mq5Lk/1065-btr80-dam-aband-11-10-23.jpg,2023-11-02,1370,3403,4,7-137034034
Russia,Soviet Union,183 Unknown BMP-1/2,abandoned,https://i.postimg.cc/1thyq5LX/1027-unkn-bmp-dam-aband-10-05-24.jpg,2024-05-15,1373,3409,4,7-137334094
Russia,Soviet Union,183 Unknown BMP-1/2,abandoned,https://i.postimg.cc/BbJsm7ZG/1032-unkn-bmp-aband-12-05-24.jpg,2024-05-15,1373,3410,4,7-137334104
Russia,Soviet Union,185 BTR-80,abandoned,https://i.postimg.cc/sggTN8y2/1010-mtlb-destr-btr80-dam-aband-05-11-23.jpg,2023-11-10,1382,3428,4,7-138234284
Russia,Soviet Union,188 Unknown BMP-1/2,abandoned,https://i.postimg.cc/LX032CkS/1006-unkn-bmp-dam-aband-23-05-24.jpg,2024-05-26,1392,3457,4,7-139234574
Russia,Soviet Union,189 T-80BV,abandoned,https://twitter.com/UAWeapons/status/1601185077626810368,2022-12-11,1399,3475,4,7-139934754
Russia,Soviet Union,192 BTR-80,abandoned,https://i.postimg.cc/hG63g66z/1008-BTR-80-aband-31-12-23.jpg,2024-01-19,1435,3533,4,7-143535334
Russia,Soviet Union,192 BTR-80,abandoned,https://i.postimg.cc/FzQWkc9h/1009-BTR-80-aband-31-12-23.jpg,2024-01-19,1435,3534,4,7-143535344
Russia,Soviet Union,192 MT-LBVM and MT-LBVMK,abandoned,https://i.postimg.cc/LXGVB2Ps/1043-mtlb-dam-aband-24-12-23.jpg,2024-01-09,1436,3536,4,7-143635364
Russia,Soviet Union,192 T-80BV,abandoned,https://i.postimg.cc/QMJQBB2j/1038-t80bv-aband.jpg,2022-12-15,1437,3539,4,7-143735394
Russia,Russia,193 Unknown tank,abandoned,https://i.postimg.cc/dVjFxL4y/1015-4x-unkn-tank-2x-destr-2x-aband-1x-mtlb-destr-1x-unkn-vehicle-08-02-23.jpg,2023-02-12,1441,3548,4,7-144135484
Russia,Russia,193 Unknown tank,abandoned,https://i.postimg.cc/mgsRjQN4/1010-1x-t72b3-aband-1x-unkn-tank-aband-09-02-23.jpg,2023-02-12,1441,3549,4,7-144135494
Russia,Russia,194 GAZ Tigr-M,abandoned,https://i.postimg.cc/rFYWY8Lf/1061-GAZ-Tigr-M-dam-aband-04-09-24.jpg,2024-09-21,1444,3558,4,7-144435584
Russia,Soviet Union,196 T-80BV,abandoned,https://i.postimg.cc/Vk38X9Fv/1000-t80bv-dam-aband.jpg,2022-12-30,1457,3589,4,7-145735894
Russia,Russia,198 BTR-82AT,abandoned,https://i.postimg.cc/rp5drKSZ/1314-BTR-82-AT-aband-18-10-24.jpg,2024-10-23,1466,3613,4,7-146636134
Russia,Russia,198 BTR-82AT,abandoned,https://i.postimg.cc/Tw9ptFNr/1315-BTR-82-AT-aband-18-10-24.jpg,2024-10-23,1466,3614,4,7-146636144
Russia,Russia,198 BTR-82AT,abandoned,https://i.postimg.cc/xCYXyn5f/1316-BTR-82-AT-aband-18-10-24.jpg,2024-10-23,1466,3615,4,7-146636154
Russia,Soviet Union,199 BTR-80,abandoned,https://i.postimg.cc/RVbdVpj1/1050-btr80-dam-aband-01-03-24.jpg,2024-03-02,1474,3639,4,7-147436394
Russia,Soviet Union,199 BTR-80,abandoned,https://i.postimg.cc/59gpD2gR/1000-BTR-80-dam-aband-27-02-24.jpg,2024-03-02,1474,3640,4,7-147436404
Russia,Soviet Union,199 BTR-80,abandoned,https://i.postimg.cc/wMq23Cq2/1017-BTR-80-dam-aband-27-02-24.jpg,2024-03-02,1474,3641,4,7-147436414
Russia,Soviet Union,199 BTR-80,abandoned,https://i.postimg.cc/02NZv1H2/1019-BTR-80-dam-aband-26-02-24.jpg,2024-03-02,1474,3642,4,7-147436424
Russia,Soviet Union,199 MT-LBVM and MT-LBVMK,abandoned,https://i.postimg.cc/GpZLHJpq/1021-mtlbvmk-dam-aband-10-10-23.jpg,2024-02-28,1475,3643,4,7-147536434
Russia,Soviet Union,1V13 battery fire control center,abandoned,https://i.postimg.cc/CxMBs7WF/436.png,2022-03-19,1487,3683,4,7-148736834
Russia,Soviet Union,1V13 battery fire control center,abandoned,https://i.postimg.cc/gc14s4Fb/a2.png,2022-03-26,1487,3686,4,7-148736864
Russia,Soviet Union,1V13 battery fire control center,abandoned,https://i.postimg.cc/sgntV80G/44fss.png,2022-03-26,1487,3687,4,7-148736874
Russia,Soviet Union,1V13 battery fire control center,abandoned,https://i.postimg.cc/c4K0H35q/3211.png,2022-03-30,1487,3689,4,7-148736894
Russia,Soviet Union,1V13 battery fire control center,abandoned,https://i.postimg.cc/132LjY94/3213.png,2022-03-30,1487,3690,4,7-148736904
Russia,Soviet Union,1V14 battery command and forward observer vehicle,abandoned,https://i.postimg.cc/63JZBWDQ/b76.png,2022-03-26,1489,3699,4,7-148936994
Russia,Russia,2 MTP-A2.1 recovery vehicle,abandoned,https://i.postimg.cc/mr1k4CZC/Screenshot-8402.png,2022-06-26,1564,3791,4,7-156437914
Russia,Soviet Union,2 T-72 'Ural',abandoned,https://i.postimg.cc/59CtGKz2/1018-t72ural-dam-aband-19-05-23.jpg,2023-05-23,1586,3816,4,7-158638164
Russia,Soviet Union,2 T-80B,abandoned,https://i.postimg.cc/BQ0pVZmx/1031-t80b-dam-aband-02-11-23.jpg,2023-11-11,1589,3820,4,7-158938204
Russia,Russia,2 T-80BVM Obr. 2022,abandoned,https://twitter.com/UAWeapons/status/1660286197497753600,2023-05-22,1592,3824,4,7-159238244
Russia,Russia,2 Unknown BMD,abandoned,https://i.postimg.cc/8PdZ2NSB/1052-btr-mdm-destr-2x-unkn-bmd-aband-06-01-24.jpg,2024-01-19,1601,3834,4,7-160138344
Russia,Soviet Union,20 T-62MV,abandoned,https://i.postimg.cc/NfyGNJk5/1016-T-62-MV-dam-aband-11-02-24.jpg,2024-03-02,1634,3882,4,7-163438824
Russia,Soviet Union,200 Unknown BMP-1/2,abandoned,https://i.postimg.cc/PxJ3DdNk/1059-unkn-bmp-dam-aband-28-07-24.jpg,2024-07-31,1645,3897,4,7-164538974
Russia,Soviet Union,200 Unknown BMP-1/2,abandoned,https://i.postimg.cc/nzWdYNQ9/1060-unkn-bmp-dam-aband-28-07-24.jpg,2024-07-31,1645,3898,4,7-164538984
Russia,Soviet Union,202 BMP-1(P),abandoned,https://twitter.com/UAWeapons/status/1590375007930417152,2022-11-10,1651,3910,4,7-165139104
Russia,Soviet Union,203 Unknown BMP-1/2,abandoned,https://i.postimg.cc/YCJj9Fkc/1044-unkn-bmp-aband-11-08-24.jpg,2024-08-12,1661,3934,4,7-166139344
Russia,Soviet Union,204 BTR-80,abandoned,https://i.postimg.cc/cHnRfNG8/1105-btr80-dam-aband-08-12-23.jpg,2024-04-08,1663,3943,4,7-166339434
Russia,Soviet Union,204 BTR-80,abandoned,https://i.postimg.cc/9fDbktsP/1069-btr80-dam-aband-10-03-24.jpg,2024-04-08,1663,3944,4,7-166339444
Russia,Soviet Union,204 BTR-80,abandoned,https://i.postimg.cc/g0hJGG2t/1042-btr80-dam-aband-14-03-24.jpg,2024-04-08,1663,3945,4,7-166339454
Russia,Soviet Union,204 BTR-80,abandoned,https://i.postimg.cc/QMX9sz2Q/1024-BTR-80-aband-29-02-24.jpg,2024-04-08,1663,3946,4,7-166339464
Russia,Russia,204 Unknown tank,abandoned,https://twitter.com/UAWeapons/status/1557732021937455104,2022-08-13,1666,3956,4,7-166639564
Russia,Russia,204 Unknown tank,abandoned,https://i.postimg.cc/8kwYcCfR/1002-unkn-tank.jpg,2022-08-13,1666,3957,4,7-166639574
Russia,Soviet Union,207 Unknown BMP-1/2,abandoned,https://i.postimg.cc/sfBBjXmg/1013-unkn-bmp-aband-09-02-24.jpg,2024-08-18,1684,4006,4,7-168440064
Russia,Soviet Union,208 MT-LBVM and MT-LBVMK,abandoned,https://i.postimg.cc/Df486Qbc/1029-MT-LBVM-K-dam-aband-04-09-24.jpg,2024-09-05,1688,4017,4,7-168840174
Russia,Soviet Union,209 T-80BV,abandoned,https://i.postimg.cc/NMSHWvVC/1014-t80bv-dam-aband-31-01-23.jpg,2023-02-03,1694,4026,4,7-169440264
Russia,Soviet Union,21 T-72AV,abandoned,https://i.postimg.cc/C51YbwX0/1012-T-72-AV-dam-aband-16-06-24.jpg,2024-06-20,1715,4055,4,7-171540554
Russia,Soviet Union,211 BMP-1(P),abandoned,https://i.postimg.cc/jdr64fMQ/1021-bmp1-dam-aband.jpg,2022-11-16,1727,4079,4,7-172740794
Russia,Soviet Union,211 BTR-80,abandoned,https://i.postimg.cc/430hnvVm/1041-BTR-80-aband-15-05-24.jpg,2024-06-02,1728,4084,4,7-172840844
Russia,Soviet Union,213 Unknown BMP-1/2,abandoned,https://i.postimg.cc/VNbpz1Jz/1010-BMP-1-or-2-dam-aband-04-09-24.jpg,2024-09-09,1738,4100,4,7-173841004
Russia,Soviet Union,214 152mm 2S19 Msta-S,abandoned,https://i.postimg.cc/Nf3Fkvwg/1053-152mm-2-S19-Msta-S-dam-aband-15-08-24.jpg,2024-08-19,1740,4115,4,7-174041154
Russia,Soviet Union,216 T-80BV,abandoned,https://twitter.com/UAWeapons/status/1622943432581779459,2023-02-12,1753,4152,4,7-175341524
Russia,Soviet Union,216 T-80BV,abandoned,https://i.postimg.cc/bvw7VLZ7/1032-t80bv-dam-09-02-23.jpg,2023-02-12,1753,4153,4,7-175341534
Russia,Soviet Union,216 Unknown BMP-1/2,abandoned,https://i.postimg.cc/FHz0FMDY/1034-BMP-1-or-2-dam-aband-20-09-24.jpg,2024-09-21,1754,4155,4,7-175441554
Russia,Soviet Union,216 Unknown BMP-1/2,abandoned,https://i.postimg.cc/jjJNPzVK/1062-BMP-1-or-2-dam-aband-17-07-24.jpg,2024-09-21,1754,4156,4,7-175441564
Russia,Russia,217 BTR-82AT,abandoned,https://i.postimg.cc/rsv80Rq6/1102-BTR-82-AT-dam-aband-20-10-24.jpg,2024-11-06,1757,4177,4,7-175741774
Russia,Russia,217 BTR-82AT,abandoned,https://i.postimg.cc/fyLWHdDW/1012-BTR-82-AT-dam-aband-01-11-24.jpg,2024-11-06,1757,4178,4,7-175741784
Russia,Soviet Union,218 T-80BV,abandoned,https://i.postimg.cc/8zVxQgLR/1042-2x-t80bv-dam-aband-12-02-23.jpg,2023-02-13,1764,4187,4,7-176441874
Russia,Soviet Union,218 T-80BV,abandoned,https://i.postimg.cc/gkxT6kHq/1026-t80bv-aband-06-02-23.jpg,2023-02-13,1764,4188,4,7-176441884
Russia,Soviet Union,219 Unknown BMP-1/2,abandoned,https://i.postimg.cc/x87cFnrZ/1009-unkn-bmp-dam-aband-23-09-24.jpg,2024-09-25,1768,4196,4,7-176841964
Russia,Soviet Union,22 River link pontoon (for PMP(-M) floating bridge system),abandoned,https://i.postimg.cc/mgJwTM1H/1101-River-link-pontoon-for-PMP-M-floating-bridge-system-aband-17-04-22.jpg,2024-01-23,1785,4239,4,7-178542394
Russia,Russia,220mm TOS-1A,abandoned,https://i.postimg.cc/FHk1HzFy/r1.jpg,2022-03-26,1798,4347,4,7-179843474
Russia,Soviet Union,224 BTR-80,abandoned,https://i.postimg.cc/Y9cSqHwY/1038-BTR-80-aband-28-07-24.jpg,2024-08-03,1814,4426,4,7-181444264
Russia,Russia,226 Unknown tank,abandoned,https://i.postimg.cc/g0JBYvSX/443f.png,2023-04-04,1821,4441,4,7-182144414
Russia,Russia,227 BTR-82AT,abandoned,https://i.postimg.cc/VsXXnR0C/1051-BTR-82-AT-dam-aband-07-11-24.jpg,2024-11-14,1823,4457,4,7-182344574
Russia,Soviet Union,228 BTR-80,abandoned,https://i.postimg.cc/YSp3D5P6/1004-BTR-80-aband-22-08-24.jpg,2024-08-25,1826,4462,4,7-182644624
Russia,Soviet Union,229 T-80BV,abandoned,https://twitter.com/UAWeapons/status/1626579093801271304,2023-02-18,1830,4472,4,7-183044724
Russia,Soviet Union,229 T-80BV,abandoned,https://i.postimg.cc/3NRK5BLK/1025-2x-t80bv-1x-aband-1x-dam-aband-11-02-23.jpg,2023-02-18,1830,4473,4,7-183044734
Russia,Russia,229 Unknown tank,abandoned,https://i.postimg.cc/WzdjsRck/1015-unkn-tank-aband-28-03-23.jpg,2023-04-05,1831,4476,4,7-183144764
Russia,Russia,229 Unknown tank,abandoned,https://i.postimg.cc/0Q2wX91K/1018-2x-unkn-tank-dam-aband-02-05-23.jpg,2023-05-06,1831,4479,4,7-183144794
Russia,Soviet Union,231 BMP-1(P),abandoned,https://i.postimg.cc/Hnwj7SHP/1005-bmp1-aband.jpg,2022-12-15,1860,4529,4,7-186045294
Russia,Soviet Union,231 BMP-1(P),abandoned,https://i.postimg.cc/D0v3B5LN/1033-bmp1-aband.jpg,2022-12-15,1860,4530,4,7-186045304
Russia,Soviet Union,231 Unknown BMP-1/2,abandoned,https://i.postimg.cc/wj1Kb7pD/1055-BMP-1-or-2-dam-aband-01-11-24.jpg,2024-11-14,1862,4533,4,7-186245334
Russia,Soviet Union,231 Unknown BMP-1/2,abandoned,https://i.postimg.cc/SNTFrcwy/1060-BMP-1-or-2-dam-aband-29-10-24.jpg,2024-11-14,1862,4534,4,7-186245344
Russia,Soviet Union,232 BTR-80,abandoned,https://i.postimg.cc/C1WXQPVD/1046-BTR-80-aband-27-09-24.jpg,2024-09-29,1866,4540,4,7-186645404
Russia,Soviet Union,233 T-80BV,abandoned,https://i.postimg.cc/2yRYthkb/1036-t80bv-dam-aband-19-02-23.jpg,2023-02-21,1869,4555,4,7-186945554
Russia,Soviet Union,233 T-80BV,abandoned,https://i.postimg.cc/sgM7gJPw/1001-bmp3-and-t-80bv-dam-aband-06-02-23.jpg,2023-02-23,1869,4556,4,7-186945564
Russia,Russia,234 T-72B3,abandoned,https://twitter.com/UAWeapons/status/1593277101003755521,2022-11-18,1873,4566,4,7-187345664
Russia,Soviet Union,238 BMP-1(P),abandoned,https://i.postimg.cc/XJPbVTY2/1015-bmp1-dam-aband.jpg,2022-12-30,1887,4591,4,7-188745914
Russia,Soviet Union,238 T-80BV,abandoned,https://twitter.com/UAWeapons/status/1630135537750142977,2023-03-01,1890,4595,4,7-189045954
Russia,Russia,24 EOV-3521 excavator,abandoned,https://i.postimg.cc/j2B58p7Q/1036-EOV-3521-excavator-dam-aband-14-06-24.jpg,2024-08-06,1905,4621,4,7-190546214
Russia,Soviet Union,24 IMR-2(M) combat engineering vehicle,abandoned,https://i.postimg.cc/XXMtDyMz/1109-imr2-dam-aband-06-02-23.jpg,2023-02-12,1906,4622,4,7-190646224
Russia,Soviet Union,24 T-62MV,abandoned,https://i.postimg.cc/W3g5XXRh/1017-t62mv-aband-14-05-24.jpg,2024-05-18,1914,4638,4,7-191446384
Russia,Russia,242 Unknown tank,abandoned,https://i.postimg.cc/nrbnpZmc/1041-unkn-tank-aband-10-05-23.png,2023-05-23,1928,4727,4,7-192847274
Russia,Soviet Union,244 T-80BV,abandoned,https://i.postimg.cc/52RyPWV1/1006-t80bv-dam-aband-03-03-23.jpg,2023-03-04,1935,4746,4,7-193547464
Russia,Soviet Union,244 T-80BV,abandoned,https://i.postimg.cc/XYJXc7tQ/1007-t80bv-dam-aband-03-03-23.jpg,2023-03-04,1935,4747,4,7-193547474
Russia,Soviet Union,25 BREM-1 armoured recovery vehicle,abandoned,https://i.postimg.cc/X7M0NwP5/1017-t72b-and-brem1-aband-08-02-23.jpg,2023-02-12,1956,4784,4,7-195647844
Russia,Soviet Union,25 River link pontoon (for PMP(-M) floating bridge system),abandoned,https://i.postimg.cc/Pq8zcLyj/1008-River-link-pontoon-for-PMP-M-floating-bridge-system-dam-aband-28-08-24.jpg,2024-09-03,1966,4796,4,7-196647964
Russia,Russia,25 T-80BV Obr. 2022,abandoned,https://i.postimg.cc/JnqpPXqP/1020-T-80-BV-Obr2022-dam-aband-19-01-24.jpg,2024-04-11,1970,4825,4,7-197048254
Russia,Russia,255 Unknown tank,abandoned,https://i.postimg.cc/MZLM4XKj/1034-unkn-tank-dam-aband-13-06-23.jpg,2023-06-14,1984,4864,4,7-198448644
Russia,Soviet Union,256 T-80BV,abandoned,https://twitter.com/UAWeapons/status/1632458755446063106,2023-03-07,1986,4873,4,7-198648734
Russia,Soviet Union,256 T-80BV,abandoned,https://i.postimg.cc/524HDy1N/1000-t80bv-dam-aband-2x-bmp2-destr-27-02-23.jpg,2023-03-07,1986,4874,4,7-198648744
Russia,Soviet Union,26 BRM-1 and BRM-1K reconnaissance vehicle,abandoned,https://i.postimg.cc/MH5RvRmc/1009-bmp1-dam-aband-26-01-23.jpg,2023-01-30,2009,4913,4,7-200949134
Russia,Soviet Union,266 T-80BV,abandoned,https://i.postimg.cc/P5rfXBWG/1028-t80bv-dam-aband-16-03-23.jpg,2023-03-20,2041,4974,4,7-204149744
Russia,Soviet Union,266 T-80BV,abandoned,https://i.postimg.cc/T1V21xNx/1032-t80bv-dam-aband-28-11-22.jpg,2023-03-20,2041,4975,4,7-204149754
Russia,Russia,266 Unknown tank,abandoned,https://i.postimg.cc/T20K5LrQ/1020-1x-destr-1x-dam-aband-unkn-tank-19-08-23.jpg,2023-08-21,2042,4977,4,7-204249774
Russia,Soviet Union,267 BMP-1(P),abandoned,https://i.postimg.cc/8ktswz18/1012-bmp1-dam-aband-28-01-23.jpg,2023-01-30,2043,4984,4,7-204349844
Russia,Soviet Union,27 BREM-1 armoured recovery vehicle,abandoned,https://i.postimg.cc/c4jBktHW/1028-brem1-aband-xx-08-22.jpg,2023-02-21,2056,5003,4,7-205650034
Russia,Soviet Union,27 IMR-2(M) combat engineering vehicle,abandoned,https://i.postimg.cc/C5gkvgY8/13.png,2023-04-08,2059,5007,4,7-205950074
Russia,Russia,27 T-80BV Obr. 2022,abandoned,https://i.postimg.cc/63KVv1vf/1016-t80bv-obr2022-dam-aband-18-04-24.jpg,2024-04-21,2066,5016,4,7-206650164
Russia,Soviet Union,271 BMP-1(P),abandoned,https://i.postimg.cc/26hVmcLJ/1006-bmp1-dam-aband-02-02-23.jpg,2023-02-05,2074,5028,4,7-207450284
Russia,Soviet Union,273 T-80BV,abandoned,https://i.postimg.cc/rpfGkc17/5541.png,2023-03-26,2078,5041,4,7-207850414
Russia,Russia,277 T-72B3,abandoned,https://i.postimg.cc/6QHXBFs6/1002-t72b3-dam-aband-09-02-23.jpg,2023-02-12,2087,5071,4,7-208750714
Russia,Russia,277 T-72B3,abandoned,https://i.postimg.cc/y823p1WS/1100-t72b3-dam-aband-06-02-23.jpg,2023-02-12,2087,5072,4,7-208750724
Russia,Russia,277 T-72B3,abandoned,https://i.postimg.cc/FFGd5g7v/1101-t72b3-dam-aband-06-02-23.jpg,2023-02-12,2087,5073,4,7-208750734
Russia,Russia,277 T-72B3,abandoned,https://i.postimg.cc/6qZJL38T/1004-1x-mtlb-dam-aband-2x-bmp2-1x-destr-1x-dam-aband-2x-t72b3-dam-aband-09-02-23.jpg,2023-02-12,2087,5074,4,7-208750744
Russia,Russia,277 T-72B3,abandoned,https://i.postimg.cc/mgsRjQN4/1010-1x-t72b3-aband-1x-unkn-tank-aband-09-02-23.jpg,2023-02-12,2087,3549,4,7-208735494
Russia,Russia,277 T-72B3,abandoned,https://i.postimg.cc/8kxTJ87j/1006-1x-t72b3-destr-1x-t90a-destr-09-02-23.jpg,2023-02-12,2087,5075,4,7-208750754
Russia,Russia,277 T-72B3,abandoned,https://i.postimg.cc/pV0T1W6X/1103-t72b3-dam-aband-06-02-23.jpg,2023-02-12,2087,5076,4,7-208750764
Russia,Russia,279 Unknown tank,abandoned,https://i.postimg.cc/HWXLWfZ8/1010-2x-unkn-tank-dam-aband-12-10-23.jpg,2023-10-15,2093,5087,4,7-209350874
Russia,Soviet Union,283 T-80BV,abandoned,https://i.postimg.cc/s29yBnP9/1021-t80bv-dam-aband-07-05-23.jpg,2023-05-11,2120,5130,4,7-212051304
Russia,Russia,284 T-72B3,abandoned,https://i.postimg.cc/zvW2tVvv/1000-2x-T-72b3-1x-t72-2x-bmp3-2x-btr82-dan-aband-1x-bmp3-destr-24-01-23.jpg,2023-02-15,2122,5133,4,7-212251334
Russia,Russia,285 Unknown tank,abandoned,https://i.postimg.cc/Hn3cL4TR/1024-1x-destr-1x-dam-aband-unkn-tank-Remdiesel-Z-STS-Akhmat-destr-15-10-23.jpg,2023-10-18,2124,5137,4,7-212451374
Russia,Russia,285 Unknown tank,abandoned,https://i.postimg.cc/V613cN27/1015-unkn-tank-aband-18-11-23.jpg,2023-12-14,2124,5141,4,7-212451414
Russia,Soviet Union,287 BMP-1(P),abandoned,https://twitter.com/UAWeapons/status/1622943432581779459,2023-02-12,2125,4152,4,7-212541524
Russia,Soviet Union,287 BMP-1(P),abandoned,https://i.postimg.cc/MH8VrTP7/1044-bmp1-dam-aband-04-02-23.jpg,2023-02-12,2125,5150,4,7-212551504
Russia,Soviet Union,287 BMP-1(P),abandoned,https://i.postimg.cc/Y9T1JFFx/1000-2x-bmp-1-1x-destr-1x-dam-09-02-23.jpg,2023-02-12,2125,5145,4,7-212551454
Russia,Soviet Union,287 BMP-1(P),abandoned,https://i.postimg.cc/sfTvfdC0/1007-bmp1-dam-aband-07-02-23.jpg,2023-02-12,2125,5151,4,7-212551514
Russia,Russia,287 T-72B3,abandoned,https://i.postimg.cc/9Fkf265s/1026-t80bv-destr-and-t72b3-dam-aband-16-02-23.jpg,2023-02-18,2126,4470,4,7-212644704
Russia,Russia,287 Unknown tank,abandoned,https://i.postimg.cc/xjz9fCS2/1039-unkn-tank-aband-23-10-23.jpg,2023-10-25,2127,5155,4,7-212751554
Russia,Russia,288 Unknown tank,abandoned,https://i.postimg.cc/2jXcjkDY/1010-unkn-tank-dam-aband-10-12-23.jpg,2024-01-09,2129,5167,4,7-212951674
Russia,Russia,288 Unknown tank,abandoned,https://i.postimg.cc/T1ZJVPdW/1032-unkn-tank-dam-aband-10-12-23.jpg,2024-01-09,2129,5168,4,7-212951684
Russia,Russia,288 Unknown tank,abandoned,https://i.postimg.cc/85ffVGYz/1015-unkn-tank-dam-aband-28-12-23.jpg,2024-01-09,2129,5169,4,7-212951694
Russia,Russia,288 Unknown tank,abandoned,https://i.postimg.cc/jS3frhcn/1011-unkn-tank-and-bmp-aband-29-12-23.jpg,2024-01-09,2129,2294,4,7-212922944
Russia,Russia,289 Unknown tank,abandoned,https://i.postimg.cc/nzpZYVhR/1004-unkn-tank-dam-aband-20-10-23.jpg,2023-10-26,2131,5170,4,7-213151704
Russia,Russia,289 Unknown tank,abandoned,https://i.postimg.cc/8C8TcmQV/1005-unkn-tank-and-btr82-aband-2x-unkn-afv-destr-20-10-23.jpg,2023-10-26,2131,5171,4,7-213151714
Russia,Russia,29 T-90M,abandoned,https://i.postimg.cc/VN02R8fZ/1023-t90m-dam-aband-04-08-23.jpg,2023-08-06,2148,5191,4,7-214851914
Russia,Russia,290 Unknown tank,abandoned,https://i.postimg.cc/GpJxThQG/1003-Unknown-tank-dam-aband-26-11-23.jpg,2024-01-19,2154,5207,4,7-215452074
Russia,Russia,290 Unknown tank,abandoned,https://i.postimg.cc/vHkzpKTg/1000-Unknown-tank-aband-12-01-24.jpg,2024-01-19,2154,5208,4,7-215452084
Russia,Russia,290 Unknown tank,abandoned,https://i.postimg.cc/Cx8NY4nv/1014-Unknown-tank-aband-31-12-23.jpg,2024-01-19,2154,5209,4,7-215452094
Russia,Russia,290 Unknown tank,abandoned,https://i.postimg.cc/FRrgy5Wq/1017-unkn-tank-aband-31-12-23.jpg,2024-01-19,2154,5210,4,7-215452104
Russia,Russia,291 T-72B3,abandoned,https://i.postimg.cc/ZnYH71hW/1003-t72b3-dam-aband-25-02-23.jpg,2023-02-27,2155,5217,4,7-215552174
Russia,Russia,291 Unknown tank,abandoned,https://i.postimg.cc/FH9mJy4P/1015-2x-unkn-tank-aband-18-11-23.jpg,2023-11-27,2156,5223,4,7-215652234
Russia,Russia,291 Unknown tank,abandoned,https://i.postimg.cc/cCTHK0HH/1043-unkn-tank-aband-30-10-23.jpg,2023-11-27,2156,5224,4,7-215652244
Russia,Soviet Union,292 T-80BV,abandoned,https://i.postimg.cc/q7sJgVvm/1007-t80bv-dam-aband-15-05-23.jpg,2023-05-24,2159,5236,4,7-215952364
Russia,Russia,293 Unknown tank,abandoned,https://i.postimg.cc/mrMMY2nR/1017-unkn-tank-aband-31-10-23.jpg,2023-11-10,2161,5241,4,7-216152414
Russia,Russia,293 Unknown tank,abandoned,https://i.postimg.cc/tJkVq2W6/1052-unkn-tank-aband-04-01-24.jpg,2024-01-21,2161,5242,4,7-216152424
Russia,Russia,293 Unknown tank,abandoned,https://i.postimg.cc/prWp6z4L/1000-unkn-tank-dam-aband-28-12-23.jpg,2024-01-21,2161,5243,4,7-216152434
Russia,Russia,294 Unknown tank,abandoned,https://i.postimg.cc/DZPHr1xP/1017-unkn-tank-dam-aband-31-10-23.jpg,2023-11-02,2163,5248,4,7-216352484
Russia,Soviet Union,295 BMP-1(P),abandoned,https://i.postimg.cc/4yJztJnY/1008-bmp1-aband-10-02-23.jpg,2023-02-21,2164,5250,4,7-216452504
Russia,Russia,295 T-72B3,abandoned,https://i.postimg.cc/CxcZ00LC/1004-t72b3-dam-aband-04-03-23.jpg,2023-03-07,2166,5259,4,7-216652594
Russia,Russia,2K22M1 Tunguska,abandoned,https://i.postimg.cc/BZ7r1kkf/3d2.png,2022-03-19,2172,5277,4,7-217252774
Russia,Russia,2K22M1 Tunguska,abandoned,https://i.postimg.cc/htLpLCsr/gw.png,2022-03-19,2172,5278,4,7-217252784
Russia,Russia,2K22M1 Tunguska,abandoned,https://i.postimg.cc/9MqLyHJZ/764.png,2022-03-19,2172,5279,4,7-217252794
Russia,Russia,2K22M1 Tunguska,abandoned,https://i.postimg.cc/Qt3jK6LJ/66577.png,2022-03-19,2172,5280,4,7-217252804
Russia,Russia,2K22M1 Tunguska,abandoned,https://i.postimg.cc/6pD3WrQj/gy67.png,2022-03-19,2172,5281,4,7-217252814
Russia,Russia,2K22M1 Tunguska,abandoned,https://i.postimg.cc/vTkPtPTr/668.png,2022-05-29,2172,5284,4,7-217252844
Russia,Soviet Union,3 T-72 'Ural',abandoned,https://i.postimg.cc/CMrk2Hzy/1012-t72ural-aband-21-01-24.jpg,2024-01-24,2242,5368,4,7-224253684
Russia,Russia,3 Unknown BMP-1/2 675-sb3KDZ,abandoned,https://i.postimg.cc/1tHBcVCj/1020-BMP-1-or-2-675-sb3-KDZ-aband-30-08-24.jpg,2024-08-31,2253,5381,4,7-225353814
Russia,Soviet Union,3 Unknown T-54/55,abandoned,https://i.postimg.cc/pTqMF7mQ/1081-unkn-t54-55-dam-aband-17-02-24.jpg,2024-04-08,2261,5391,4,7-226153914
Russia,Soviet Union,30 IMR-2(M) combat engineering vehicle,abandoned,https://i.postimg.cc/FHkWFNbt/1034-imr2-dam-aband-09-10-23.jpg,2023-10-15,2274,5406,4,7-227454064
Russia,Soviet Union,301 T-80BV,abandoned,https://i.postimg.cc/ZKmBYsKv/1019-t80bv-dam-aband-10-06-23.jpg,2023-06-11,2296,5459,4,7-229654594
Russia,Soviet Union,302 BMP-1(P),abandoned,https://twitter.com/UAWeapons/status/1628044473635598340,2023-02-23,2297,5460,4,7-229754604
Russia,Russia,303 T-72B3,abandoned,https://i.postimg.cc/B6G0Xqkx/1018-t72b3-aband-20-04-23.jpg,2023-05-02,2301,5471,4,7-230154714
Russia,Russia,303 Unknown tank,abandoned,https://i.postimg.cc/qR34C4cz/1048-Unknown-tank-dam-aband-23-01-24.jpg,2024-01-27,2303,5475,4,7-230354754
Russia,Russia,304 T-72B3,abandoned,https://postlmg.cc/dhTQRzCD,2023-03-26,2306,5483,4,7-230654834
Russia,Russia,304 T-72B3,abandoned,https://i.postimg.cc/bwnqPYs5/1038-t72b3-aband-08-03-23.jpg,2023-05-11,2306,5486,4,7-230654864
Russia,Russia,304 Unknown tank,abandoned,https://i.postimg.cc/bv01V72L/1005-unkn-tank-aband-04-01-24.jpg,2024-01-24,2307,5494,4,7-230754944
Russia,Russia,304 Unknown tank,abandoned,https://i.postimg.cc/rwx4zBgc/1014-unkn-tank-aband-21-01-24.jpg,2024-01-24,2307,5495,4,7-230754954
Russia,Russia,304 Unknown tank,abandoned,https://i.postimg.cc/wvfySgx5/1022-unkn-tank-dam-aband-17-01-24.jpg,2024-01-24,2307,5496,4,7-230754964
Russia,Russia,304 Unknown tank,abandoned,https://i.postimg.cc/G3fTKL5d/1031-unkn-tank-aband-21-01-24.jpg,2024-01-24,2307,5497,4,7-230754974
Russia,Russia,304 Unknown tank,abandoned,https://i.postimg.cc/cLSR71v6/1069-2x-unkn-tank-1x-bmp3-1x-mtlb-aband-1x-mtlb-dam-aband-23-01-24.jpg,2024-01-24,2307,5498,4,7-230754984
Russia,Russia,31 BMP-1 675-sb3KDZ,abandoned,https://i.postimg.cc/C5QHZpsb/1033-BMP-1-675-sb3-KDZ-aband-06-10-24.jpg,2024-10-09,2325,5552,4,7-232555524
Russia,Russia,31 BMP-1 675-sb3KDZ,abandoned,https://i.postimg.cc/Bv9pcs9g/1034-BMP-1-675-sb3-KDZ-dam-aband-06-10-24.jpg,2024-10-09,2325,5553,4,7-232555534
Russia,Russia,31 BMP-1 675-sb3KDZ,abandoned,https://i.postimg.cc/R07Rg8vz/1051-BMP-1-AM-675-sb3-KDZ-dam-aband-08-10-24.jpg,2024-10-09,2325,5554,4,7-232555544
Russia,Soviet Union,31 BREM-1 armoured recovery vehicle,abandoned,https://i.postimg.cc/DwFvf0H4/1016-BREM-1-BTR-82-A-T-72-A-T-72-B3-dam-aband-08-07-23.jpg,2023-07-09,2326,5555,4,7-232655554
Russia,Soviet Union,31 IMR-2(M) combat engineering vehicle,abandoned,https://i.postimg.cc/BbBnXphj/1028-imr2-aband-31-08-23.jpg,2023-11-10,2328,5558,4,7-232855584
Russia,Russia,312 T-72B3,abandoned,https://i.postimg.cc/x1xNCV6F/1030-1x-t72b3-dam-aband-09-02-23.jpg,2023-06-04,2350,5591,4,7-235055914
Russia,Russia,314 Unknown tank,abandoned,https://i.postimg.cc/1zQtT62N/1046-Unknown-tank-dam-aband-18-12-24.jpg,2024-02-23,2355,5602,4,7-235556024
Russia,Russia,314 Unknown tank,abandoned,https://i.postimg.cc/LX98xV1y/1056-unkn-tank-dam-aband-21-02-24.jpg,2024-02-23,2355,5603,4,7-235556034
Russia,Russia,315 T-72B3,abandoned,https://i.postimg.cc/PrcKCW36/1005-t72b3-dam-aband-22-06-23.jpg,2023-06-25,2357,5611,4,7-235756114
Russia,Russia,316 T-72B3,abandoned,https://i.postimg.cc/Znhxjxwq/1016-t72b3-dam-aband-22-06-23.jpg,2023-06-28,2359,5613,4,7-235956134
Russia,Russia,319 T-72B3,abandoned,https://twitter.com/UAWeapons/status/1676873776187731969,2023-07-07,2365,5628,4,7-236556284
Russia,Russia,319 Unknown tank,abandoned,https://i.postimg.cc/8c5932Vx/1022-2x-t80bv-and-unkn-tank-dam-aband-17-02-24.jpg,2024-02-18,2366,5631,4,7-236656314
Russia,Russia,32 R-149MA1 command and staff vehicle,abandoned,https://postimg.cc/JDHcKJry,2022-08-13,2378,5650,4,7-237856504
Russia,Russia,320 T-72B3,abandoned,https://i.postimg.cc/DwFvf0H4/1016-BREM-1-BTR-82-A-T-72-A-T-72-B3-dam-aband-08-07-23.jpg,2023-07-09,2387,5555,4,7-238755554
Russia,Russia,321 T-72B3,abandoned,https://i.postimg.cc/T3nKTC1X/1017-t72b3-aband-09-07-23.jpg,2023-07-10,2390,5679,4,7-239056794
Russia,Russia,323 Unknown tank,abandoned,https://i.postimg.cc/m2jhnBNM/1013-Unknown-tank-dam-aband-02-02-24.jpg,2024-02-09,2394,5696,4,7-239456964
Russia,Russia,323 Unknown tank,abandoned,https://i.postimg.cc/65W5qyF9/1021-unkn-tank-aband-30-01-24.jpg,2024-02-09,2394,5697,4,7-239456974
Russia,Russia,323 Unknown tank,abandoned,https://i.postimg.cc/44bxXzLL/1024-unkn-tank-dam-aband-30-01-24.jpg,2024-02-09,2394,5698,4,7-239456984
Russia,Russia,323 Unknown tank,abandoned,https://i.postimg.cc/90VXGMMY/1025-unkn-tank-aband-30-01-24.jpg,2024-02-09,2394,5699,4,7-239456994
Russia,Russia,323 Unknown tank,abandoned,https://i.postimg.cc/1zqy26VK/1033-unkn-tank-aband-26-01-24.jpg,2024-02-09,2394,5700,4,7-239457004
Russia,Russia,323 Unknown tank,abandoned,https://i.postimg.cc/MT1pmSpn/1014-Unknown-tank-dam-aband-02-02-24.jpg,2024-02-09,2394,5701,4,7-239457014
Russia,Russia,323 Unknown tank,abandoned,https://i.postimg.cc/8CrH6BWJ/1011-unkn-tank-dam-aband-27-12-23.jpg,2024-02-09,2394,5702,4,7-239457024
Russia,Russia,323 Unknown tank,abandoned,https://i.postimg.cc/3JSCfbF0/1018-Unknown-tank-dam-aband-03-02-24.jpg,2024-02-09,2394,5703,4,7-239457034
Russia,Russia,323 Unknown tank,abandoned,https://i.postimg.cc/dVgRwkXq/1019-Unknown-tank-dam-aband-03-02-24.jpg,2024-02-09,2394,5704,4,7-239457044
Russia,Russia,323 Unknown tank,abandoned,https://i.postimg.cc/y6gRR1P2/1050-Unknown-tank-dam-aband-07-02-24.jpg,2024-02-09,2394,5705,4,7-239457054
Russia,Soviet Union,324 T-80BV,abandoned,https://i.postimg.cc/gkSqGgbS/1012-t80bv-dam-aband-28-06-23.jpg,2023-06-30,2395,5710,4,7-239557104
Russia,Russia,325 BTR-82A(M),abandoned,https://i.postimg.cc/wvZ3tPpJ/1030-btr82a-dam-aband-and-t80bv-destr.jpg,2022-11-03,2396,3001,4,7-239630014
Russia,Soviet Union,326 BMP-1(P),abandoned,https://i.postimg.cc/fT7fqSzd/1006-bmp1-aband-09-03-23.jpg,2023-03-11,2399,5724,4,7-239957244
Russia,Russia,328 T-72B3,abandoned,https://i.postimg.cc/FzCFWSp4/1044-t72b3-dam-aband-17-08-23.jpg,2023-08-21,2402,5727,4,7-240257274
Russia,Russia,329 T-72B3,abandoned,https://i.postimg.cc/J0tMSfm3/1005-72-B3-and-80-BVM-dam-aband-20-08-23.jpg,2023-08-24,2405,5733,4,7-240557334
Russia,Russia,329 Unknown tank,abandoned,https://i.postimg.cc/CxVmX5gg/1102-unkn-tank-dam-aband-05-04-24.jpg,2024-04-26,2406,5734,4,7-240657344
Russia,Russia,33 T-80BV Obr. 2022,abandoned,https://i.postimg.cc/9QFV42Xc/1045-t80bv-obr2022-dam-aband-04-06-24.jpg,2024-06-06,2421,5755,4,7-242157554
Russia,Russia,33 T-80BV Obr. 2022,abandoned,https://i.postimg.cc/VsqcDvdY/1067-t80bv-obr2022-dam-aband-01-06-24.jpg,2024-06-06,2421,5756,4,7-242157564
Russia,Russia,330 Unknown tank,abandoned,https://i.postimg.cc/1zSDgz30/1005-Unknown-tank-dam-aband-21-04-24.jpg,2024-04-28,2431,5774,4,7-243157744
Russia,Russia,332 T-72B3,abandoned,https://i.postimg.cc/gkxDdQG7/5554.png,2023-08-30,2435,5785,4,7-243557854
Russia,Russia,332 Unknown tank,abandoned,https://i.postimg.cc/QxdbmPn6/1010-Unknown-tank-dam-aband-01-04-24.jpg,2024-04-21,2437,5791,4,7-243757914
Russia,Soviet Union,333 BMP-1(P),abandoned,https://i.postimg.cc/vTMbqnZD/1019-bmp1-dam-aband-26-02-23.jpg,2023-03-16,2438,5795,4,7-243857954
Russia,Russia,334 Unknown tank,abandoned,https://i.postimg.cc/FF3fNh4w/1036-Unknown-tank-dam-aband-01-03-24.jpg,2024-04-08,2443,5821,4,7-244358214
Russia,Russia,334 Unknown tank,abandoned,https://i.postimg.cc/zGJHx646/1024-Unknown-tank-dam-aband-22-01-24.jpg,2024-04-08,2443,5822,4,7-244358224
Russia,Russia,334 Unknown tank,abandoned,https://i.postimg.cc/D0k8LMqC/1025-Unknown-tank-aband-22-01-24.jpg,2024-04-08,2443,5823,4,7-244358234
Russia,Russia,334 Unknown tank,abandoned,https://i.postimg.cc/j2HCX4cR/1026-Unknown-tank-aband-22-01-24.jpg,2024-04-08,2443,5824,4,7-244358244
Russia,Russia,334 Unknown tank,abandoned,https://i.postimg.cc/prrhNXq5/1041-unkn-tank-dam-aband-09-03-24.jpg,2024-04-08,2443,5825,4,7-244358254
Russia,Russia,334 Unknown tank,abandoned,https://i.postimg.cc/FKG0HmTD/1036-Unknown-tank-dam-aband-22-03-24.jpg,2024-04-08,2443,5826,4,7-244358264
Russia,Russia,334 Unknown tank,abandoned,https://i.postimg.cc/prBcPftc/1014-Unknown-tank-dam-aband-02-04-24.jpg,2024-04-08,2443,5827,4,7-244358274
Russia,Russia,334 Unknown tank,abandoned,https://i.postimg.cc/SxR1pY1V/1035-Unknown-tank-aband-21-03-24.jpg,2024-04-08,2443,5828,4,7-244358284
Russia,Russia,334 Unknown tank,abandoned,https://i.postimg.cc/rpCrnQGH/1042-Unknown-tank-dam-aband-05-04-24.jpg,2024-04-08,2443,5829,4,7-244358294
Russia,Russia,334 Unknown tank,abandoned,https://i.postimg.cc/cHx8VwXL/1043-unkn-tank-dam-aband-05-04-24.jpg,2024-04-08,2443,5830,4,7-244358304
Russia,Russia,334 Unknown tank,abandoned,https://i.postimg.cc/FKq5s8Jg/1015-Unknown-tank-dam-aband-09-03-24.jpg,2024-05-02,2443,5834,4,7-244358344
Russia,Russia,335 Unknown tank,abandoned,https://i.postimg.cc/Hnn9zhjk/1036-unkn-tank-dam-aband-07-04-24.jpg,2024-04-11,2444,5835,4,7-244458354
Russia,Russia,335 Ural-4320,abandoned,https://i.postimg.cc/zfZxn94Q/1118_Ural-4320_damaged_and_abandoned.jpg,2022-07-28,2445,5865,4,7-244558654
Russia,Russia,335 Ural-4320,abandoned,https://i.postimg.cc/SRsdSqzn/1117_Ural-4320_abandoned.jpg,2022-07-28,2445,5866,4,7-244558664
Russia,Russia,335 Ural-4320,abandoned,https://i.postimg.cc/bNYcn21n/1089-Ural-4320-abandoned.jpg,2022-07-28,2445,5867,4,7-244558674
Russia,Russia,337 Unknown tank,abandoned,https://i.postimg.cc/qqw8VvV8/1026-unkn-tank-aband-02-05-24.jpg,2024-05-04,2448,5877,4,7-244858774
Russia,Russia,339 T-72B3,abandoned,https://i.postimg.cc/fyBP7Tg5/4313.png,2023-09-11,2454,5916,4,7-245459164
Russia,Russia,339 T-72B3,abandoned,https://i.postimg.cc/bwbMh8NJ/3212.png,2023-09-11,2454,5917,4,7-245459174
Russia,Soviet Union,34 IMR-2(M) combat engineering vehicle,abandoned,https://i.postimg.cc/Y2fTHhkk/1024-imr2-dam-aband-01-05-24.jpg,2024-05-09,2461,5925,4,7-246159254
Russia,Russia,34 T-90M,abandoned,https://twitter.com/UAWeapons/status/1691132746171666448,2023-08-15,2470,5940,4,7-247059404
Russia,Soviet Union,343 T-80BV,abandoned,https://i.postimg.cc/NFxPr3vB/1034-t80bv-aband-09-07-23.jpg,2023-07-14,2488,5984,4,7-248859844
Russia,Soviet Union,343 T-80BV,abandoned,https://i.postimg.cc/1thW7m9y/1035-t80bv-aband-09-07-23.jpg,2023-07-14,2488,5985,4,7-248859854
Russia,Russia,344 T-72B3,abandoned,https://i.postimg.cc/rFHnk9JQ/1041-t72b3-aband-11-10-23.jpg,2023-10-12,2490,5988,4,7-249059884
Russia,Soviet Union,346 BMP-1(P),abandoned,https://twitter.com/GloOouD/status/1641418947315613696,2023-03-31,2494,5992,4,7-249459924
Russia,Soviet Union,347 BMP-1(P),abandoned,https://i.postimg.cc/brvzBDvp/1001-bmp1-dam-aband-04-04-23.jpg,2023-04-05,2498,6002,4,7-249860024
Russia,Soviet Union,347 BMP-1(P),abandoned,https://twitter.com/UAWeapons/status/1643343199321161729,2023-04-06,2498,6003,4,7-249860034
Russia,Soviet Union,347 BMP-1(P),abandoned,https://i.postimg.cc/W4thWvnf/332d5.png,2023-04-06,2498,6004,4,7-249860044
Russia,Russia,347 T-72B3,abandoned,https://i.postimg.cc/YS0HdtjY/1017-T-72-B3-dam-aband-11-11-23.jpg,2023-11-27,2500,6008,4,7-250060084
Russia,Russia,347 Unknown tank,abandoned,https://i.postimg.cc/90XmQcT8/1098-Unknown-tank-dam-aband-30-03-24.jpg,2024-05-09,2501,6014,4,7-250160144
Russia,Russia,347 Unknown tank,abandoned,https://i.postimg.cc/9F8MzwLG/1094-Unknown-tank-dam-aband-30-03-24.jpg,2024-05-09,2501,6015,4,7-250160154
Russia,Russia,347 Unknown tank,abandoned,https://i.postimg.cc/13b3rhhX/1093-Unknown-tank-aband-30-03-24.jpg,2024-05-09,2501,6016,4,7-250160164
Russia,Russia,347 Unknown tank,abandoned,https://i.postimg.cc/L665H339/1092-Unknown-tank-dam-aband-30-03-24.jpg,2024-05-09,2501,6017,4,7-250160174
Russia,Russia,347 Unknown tank,abandoned,https://i.postimg.cc/Wpmqp3Rn/1055-unkn-tank-aband-07-03-24.jpg,2024-05-09,2501,6018,4,7-250160184
Russia,Russia,349 T-72B3,abandoned,https://i.postimg.cc/MT8FVxxQ/1003-72-B3-dam-aband-25-10-23.jpg,2023-10-28,2508,6030,4,7-250860304
Russia,Russia,349 T-72B3,abandoned,https://i.postimg.cc/cHzLF2pC/1013-t72b3-aband-unkn-t72-1x-destr-1x-dam-aband-04-12-23.jpg,2023-12-08,2508,6034,4,7-250860344
Russia,Russia,349 T-72B3,abandoned,https://i.postimg.cc/L616QY0Y/1016-T-72-B3-dam-aband-11-02-24.jpg,2024-02-15,2508,6039,4,7-250860394
Russia,Russia,349 T-72B3,abandoned,https://i.postimg.cc/cJNScDW3/1013-t72b3-dam-aband-16-02-24.jpg,2024-02-23,2508,6041,4,7-250860414
Russia,Russia,35 T-80BVM,abandoned,https://i.postimg.cc/qMTDvQnb/1003-t80bvm.jpg,2022-08-30,2523,6063,4,7-252360634
Russia,Russia,35 T-90M,abandoned,https://postimg.cc/7C4qWVjY,2023-09-05,2524,6064,4,7-252460644
Russia,Russia,350 T-72B3,abandoned,https://i.postimg.cc/0Qdznct4/1031-t72b3-dam-aband-15-01-24.jpg,2024-01-21,2529,6078,4,7-252960784
Russia,Russia,350 T-72B3,abandoned,https://i.postimg.cc/ydVYv7LH/1036-T-72-B3-dama-aband-29-02-24.jpg,2024-03-02,2529,6080,4,7-252960804
Russia,Russia,351 Unknown tank,abandoned,https://i.postimg.cc/G2m95094/1004-Unknown-tank-dam-aband-19-05-24.jpg,2024-05-24,2532,6088,4,7-253260884
Russia,Russia,352 T-72B3,abandoned,https://i.postimg.cc/66PRrcQp/1019-T-72-B3-dam-aband-22-04-24.jpg,2024-04-27,2535,6095,4,7-253560954
Russia,Russia,352 Unknown tank,abandoned,https://i.postimg.cc/Wpm9ZW6y/1030-unkn-tank-dam-aband-14-05-24.jpg,2024-05-18,2536,6099,4,7-253660994
Russia,Russia,353 T-72B3,abandoned,https://i.postimg.cc/X77WTjkb/1057-t72b3-dam-aband-15-12-23.jpg,2024-01-09,2540,6112,4,7-254061124
Russia,Russia,355 BTR-82A(M),abandoned,https://twitter.com/UAWeapons/status/1597208161047703553,2022-11-30,2544,6123,4,7-254461234
Russia,Russia,356 T-72B3,abandoned,https://i.postimg.cc/HWbXJzMb/1037-T72-B3-dam-aband-30-04-24.jpg,2024-05-09,2547,6128,4,7-254761284
Russia,Russia,358 Unknown tank,abandoned,https://i.postimg.cc/qM6r8dyy/1049-Unknown-tank-dam-aband-22-05-24.jpg,2024-05-26,2551,6149,4,7-255161494
Russia,Russia,358 Unknown tank,abandoned,https://i.postimg.cc/zBD5WbFG/1009-Unknown-tank-aband-23-05-24.jpg,2024-05-26,2551,6150,4,7-255161504
Russia,Soviet Union,359 T-80BV,abandoned,https://i.postimg.cc/hPDJyZFk/1027-t80bv-dam-aband-22-07-23.jpg,2023-07-24,2555,6158,4,7-255561584
Russia,Soviet Union,36 MT-LB with ZU-23 AA gun,abandoned,https://i.postimg.cc/8kynTp9c/1030-unkn-t72-and-MT-LB-with-ZU-23-aband-31-10-23.jpg,2023-11-02,2563,6168,4,7-256361684
Russia,Russia,361 Ural-4320,abandoned,https://i.postimg.cc/GhTrHLBz/1006-Ural-4320.jpg,2022-08-24,2575,6210,4,7-257562104
Russia,Russia,363 T-72B3,abandoned,https://i.postimg.cc/Y23TBgKB/1038-T-72-B3-dam-aband-12-06-24.jpg,2024-06-17,2580,6227,4,7-258062274
Russia,Russia,363 Unknown tank,abandoned,https://i.postimg.cc/W1PMqkx8/1058-Unknown-tank-dam-aband-29-05-24.jpg,2024-05-31,2582,6235,4,7-258262354
Russia,Russia,363 Unknown tank,abandoned,https://i.postimg.cc/QNymCVXY/1011-unkn-tank-dam-aband-17-05-24.jpg,2024-05-31,2582,6236,4,7-258262364
Russia,Russia,365 T-72B3,abandoned,https://i.postimg.cc/02hxJRfg/1030-T-72-B3-dam-aband-17-06-24.jpg,2024-06-20,2584,6239,4,7-258462394
Russia,Russia,366 Unknown tank,abandoned,https://i.postimg.cc/gjFmr6j7/1003-Unknown-tank-dam-aband-29-05-24.jpg,2024-06-06,2589,6253,4,7-258962534
Russia,Russia,369 T-72B3,abandoned,https://i.postimg.cc/mkx2pHHB/1024-t72b3-dam-aband-12-06-24.jpg,2024-07-15,2593,6262,4,7-259362624
Russia,Russia,370 BTR-82A(M),abandoned,https://i.postimg.cc/QM9zTHYN/1024-bmp3-and-btr82a-dam-aband.jpg,2022-12-11,2617,6307,4,7-261763074
Russia,Russia,370 Unknown tank,abandoned,https://i.postimg.cc/Zn2WyJkK/1009-Unknown-tank-dam-aband-30-05-24.jpg,2024-06-09,2620,6314,4,7-262063144
Russia,Russia,370 Unknown tank,abandoned,https://i.postimg.cc/3wYdGLqp/1032-Unknown-tank-dam-aband-24-05-24.jpg,2024-06-09,2620,6315,4,7-262063154
Russia,Soviet Union,372 BMP-1(P),abandoned,https://twitter.com/UAWeapons/status/1660286197497753600,2023-05-22,2624,3824,4,7-262438244
Russia,Soviet Union,374 T-80BV,abandoned,https://i.postimg.cc/L8PQYk8t/1005-t80bv-dam-aband-07-08-23.jpg,2023-08-09,2634,6351,4,7-263463514
Russia,Russia,377 BTR-82A(M),abandoned,https://i.postimg.cc/13ZFwPK4/1500-btr82a-aband-14-05-22.jpg,2023-01-06,2644,6368,4,7-264463684
Russia,Soviet Union,38 IMR-2(M) combat engineering vehicle,abandoned,https://i.postimg.cc/ncNS1ttG/1056-imr2-dam-aband-08-07-24.jpg,2024-07-09,2657,6387,4,7-265763874
Russia,Russia,38 T-80BV Obr. 2022,abandoned,https://i.postimg.cc/SRw2ySX0/1040-t80bv-obr2022-dam-aband-12-07-24.jpg,2024-07-24,2662,6397,4,7-266263974
Russia,Soviet Union,381 BMP-1(P),abandoned,https://i.postimg.cc/RFF6KnLs/1018-bmp1-dan-aband-24-05-23.jpg,2023-06-01,2670,6407,4,7-267064074
Russia,Soviet Union,381 BMP-1(P),abandoned,https://i.postimg.cc/rmPdJFh8/1010-bmp1-aband-21-05-23.jpg,2023-06-01,2670,6408,4,7-267064084
Russia,Soviet Union,384 T-80BV,abandoned,https://i.postimg.cc/7LbYj3mh/1016-2x-t80bv-1x-destr-1x-aband-1x-bmp1-destr-14-08-23.jpg,2023-08-15,2676,6420,4,7-267664204
Russia,Russia,384 Unknown tank,abandoned,https://i.postimg.cc/y63XYrdf/1014-Unknown-tank-dam-aband-31-05-24.jpg,2024-07-03,2677,6425,4,7-267764254
Russia,Russia,384 Unknown tank,abandoned,https://i.postimg.cc/tC0d1tn9/1013-Unknown-tank-dam-aband-31-05-24.jpg,2024-07-03,2677,6426,4,7-267764264
Russia,Soviet Union,392 BMP-1(P),abandoned,https://i.postimg.cc/rFDYndMN/1014-bmp1-dam-aband-11-06-23.jpg,2023-06-23,2707,6513,4,7-270765134
Russia,Soviet Union,392 T-80BV,abandoned,https://i.postimg.cc/tCm7DKvx/1031-t80bv-aband-23-07-23.jpg,2023-08-21,2709,6520,4,7-270965204
Russia,Soviet Union,395 T-80BV,abandoned,https://i.postimg.cc/mgZCfQTj/1001-t80bv-dam-aband-20-08-23.jpg,2023-08-24,2711,6525,4,7-271165254
Russia,Russia,395 Unknown tank,abandoned,https://i.postimg.cc/v8647QVG/1000-Unknown-tank-aband-08-07-24.jpg,2024-07-15,2712,6529,4,7-271265294
Russia,Russia,395 Unknown tank,abandoned,https://i.postimg.cc/VvLgz74M/1044-Unknown-tank-aband-09-07-24.jpg,2024-07-15,2712,6530,4,7-271265304
Russia,Soviet Union,397 T-80BV,abandoned,https://i.postimg.cc/kgdZnvTF/1501-t80bv-dam-aband-20-08-23.jpg,2023-08-27,2716,6543,4,7-271665434
Russia,Russia,397 Unknown tank,abandoned,https://i.postimg.cc/JnvgsKf7/1011-Unknown-tank-dam-aband-04-07-24.jpg,2024-07-09,2717,6550,4,7-271765504
Russia,Russia,399 BTR-82A(M),abandoned,https://i.postimg.cc/Kv83yg9v/1021-btr82a-dam-aband-24-01-23.jpg,2023-01-30,2719,6562,4,7-271965624
Russia,Russia,4 9A331M TLAR (for 9K332 Tor-M2),abandoned,https://i.postimg.cc/9XnwhNCn/1012.jpg,2022-07-09,2732,6580,4,7-273265804
Russia,Russia,4 T-72B Obr. 2022,abandoned,https://i.postimg.cc/cLKTshcY/1016-t72b-2022-dam-aband-14-07-23.jpg,2023-07-17,2767,6621,4,7-276766214
Russia,Russia,4 T-90M,abandoned,https://twitter.com/UAWeapons/status/1581733028870488064,2022-10-17,2772,6629,4,7-277266294
Russia,Soviet Union,4 Unknown T-54/55,abandoned,https://i.postimg.cc/KjbMBZLR/1106-unkn-t54-55-dam-aband-31-03-24.jpg,2024-06-11,2782,6640,4,7-278266404
Russia,Soviet Union,4 Ural-4320 (for PMP floating bridge system),abandoned,https://i.postimg.cc/y6prPRt3/1102-Ural-4320-for-PMP-floating-bridge-system-aband-17-04-22.jpg,2024-01-23,2787,6648,4,7-278766484
Russia,Soviet Union,40 T-72A,abandoned,https://i.postimg.cc/3N1qRr1N/1015-t72a-dam-aband-04-08-23.jpg,2023-08-06,2801,6679,4,7-280166794
Russia,Russia,401 Unknown tank,abandoned,https://i.postimg.cc/KYVbgM9g/1033-Unknown-tank-dam-aband-23-07-24.jpg,2024-07-25,2808,6691,4,7-280866914
Russia,Russia,401 Unknown tank,abandoned,https://i.postimg.cc/nLf6SGH7/1046-Unknown-tank-aband-14-06-24.jpg,2024-07-27,2808,6693,4,7-280866934
Russia,Soviet Union,402 BMP-1(P),abandoned,https://i.postimg.cc/q7pstx1c/1048-bmp1-dam-aband-25-06-23.jpg,2023-06-28,2809,6698,4,7-280966984
Russia,Russia,405 Unknown tank,abandoned,https://i.postimg.cc/QM8xSWr5/1010-Unknown-tank-dam-aband-25-07-24.jpg,2024-07-30,2816,6719,4,7-281667194
Russia,Russia,405 Unknown tank,abandoned,https://i.postimg.cc/GmdnFwkS/1063-Unknown-tank-dam-aband-25-07-24.jpg,2024-07-30,2816,6720,4,7-281667204
Russia,Russia,406 BTR-82A(M),abandoned,https://i.postimg.cc/zvW2tVvv/1000-2x-T-72b3-1x-t72-2x-bmp3-2x-btr82-dan-aband-1x-bmp3-destr-24-01-23.jpg,2023-02-15,2817,5133,4,7-281751334
Russia,Soviet Union,41 IMR-2(M) combat engineering vehicle,abandoned,https://i.postimg.cc/j534nsfz/1050-IMR-2-M-combat-engineering-vehicle-dam-aband-28-10-24.jpg,2024-11-06,2830,6745,4,7-283067454
Russia,Russia,411 Unknown tank,abandoned,https://i.postimg.cc/Hx8Gcb7n/1024-Unknown-tank-aband-30-07-24.jpg,2024-08-06,2841,6766,4,7-284167664
Russia,Soviet Union,418 BMP-1(P),abandoned,https://i.postimg.cc/3RLRLwrL/1015-bmp1-damaged-and-abandoned-09-07-23.jpg,2023-07-10,2848,6789,4,7-284867894
Russia,Soviet Union,418 BMP-1(P),abandoned,https://i.postimg.cc/qBSBgSNC/1014-bmp1-abandoned-09-07-23.jpg,2023-07-10,2848,6790,4,7-284867904
Russia,Soviet Union,418 BMP-1(P),abandoned,https://i.postimg.cc/FFMfw7gq/1019-bmp1-abandoned-09-07-23.jpg,2023-07-10,2848,6791,4,7-284867914
Russia,Russia,419 Unknown tank,abandoned,https://i.postimg.cc/65jLW3RM/1055-Unknown-tank-aband-24-07-24.jpg,2024-08-19,2851,6798,4,7-285167984
Russia,Russia,419 Unknown tank,abandoned,https://i.postimg.cc/8CWhmmYY/1056-Unknown-tank-aband-24-07-24.jpg,2024-08-19,2851,6799,4,7-285167994
Russia,Russia,419 Unknown tank,abandoned,https://i.postimg.cc/9QDPrhYC/1057-unkn-tank-dam-aband-14-08-24.jpg,2024-08-19,2851,6800,4,7-285168004
Russia,Soviet Union,425 BMP-1(P),abandoned,https://i.postimg.cc/gJg9QWh7/1001-bmp1-dam-aband-13-07-23.jpg,2023-07-14,2873,6842,4,7-287368424
Russia,Russia,429 BTR-82A(M),abandoned,https://twitter.com/naalsio26/status/1651029309526618115,2023-04-28,2883,6866,4,7-288368664
Russia,Russia,431 Unknown tank,abandoned,https://i.postimg.cc/K8wQxNJC/1012-Unknown-tank-aband-21-09-24.jpg,2024-09-25,2903,6903,4,7-290369034
Russia,Russia,437 BTR-82A(M),abandoned,https://i.postimg.cc/kXN1jSHW/6h.png,2023-04-17,2911,6933,4,7-291169334
Russia,Russia,449 Unknown tank,abandoned,https://i.postimg.cc/Zqz2wBtt/1270-unkn-tank-dam-aband-20-10-24.jpg,2024-10-22,2952,7047,4,7-295270474
Russia,Russia,455 Unknown tank,abandoned,https://i.postimg.cc/ZRGjYJSG/1047-Unknown-tank-dam-aband-24-10-24.jpg,2024-11-06,2970,7080,4,7-297070804
Russia,Russia,456 BTR-82A(M),abandoned,https://i.postimg.cc/DwFvf0H4/1016-BREM-1-BTR-82-A-T-72-A-T-72-B3-dam-aband-08-07-23.jpg,2023-07-09,2972,5555,4,7-297255554
Russia,Russia,461 Unknown tank,abandoned,https://i.postimg.cc/prqyGzW8/1034-Unknown-tank-aband-01-11-24.jpg,2024-11-14,2991,7121,4,7-299171214
Russia,Russia,462 BTR-82A(M),abandoned,https://i.postimg.cc/L8sKw1J2/1001-btr82a-dam-aband-17-07-23.jpg,2023-07-20,2993,7130,4,7-299371304
Russia,Soviet Union,479 BMP-1(P),abandoned,https://i.postimg.cc/V648Y3sp/436.png,2023-08-29,3028,7197,4,7-302871974
Russia,Soviet Union,490 BMP-1(P),abandoned,https://i.postimg.cc/vTcrKxqJ/32766.png,2023-09-08,3074,7293,4,7-307472934
Russia,Soviet Union,490 BMP-1(P),abandoned,https://i.postimg.cc/QtRwN793/652.png,2023-09-08,3074,7294,4,7-307472944
Russia,Russia,5 AMN-590951,abandoned,https://twitter.com/UAWeapons/status/1660389486730067974,2023-05-23,3105,7351,4,7-310573514
Russia,Russia,50 (Unknown) vehicle,abandoned,https://i.postimg.cc/Xq6GD1t0/1002-Unknown-vehicle-dam-aband-28-12-23.jpg,2024-01-21,3148,7401,4,7-314874014
Russia,Russia,51 BMP-1AM,abandoned,https://i.postimg.cc/JzWdHv03/1043-BMP-1-AM-Basurmanin-dam-aband-10-09-24.jpg,2024-10-06,3168,7449,4,7-316874494
Russia,Russia,51 Unknown BTR-80/BTR-82A,abandoned,https://i.postimg.cc/2S03jFcL/1039-BTR-80-82-A-dam-aband-08-11-23.jpg,2023-11-14,3172,7460,4,7-317274604
Russia,Russia,518 BTR-82A(M),abandoned,https://i.postimg.cc/8C8TcmQV/1005-unkn-tank-and-btr82-aband-2x-unkn-afv-destr-20-10-23.jpg,2023-10-26,3188,5171,4,7-318851714
Russia,Soviet Union,52 T-64BV,abandoned,https://i.postimg.cc/cJ1RNdnM/337.png,2023-04-08,3194,7531,4,7-319475314
Russia,Russia,52 Unknown BTR-80/BTR-82A,abandoned,https://i.postimg.cc/7ZrJthXQ/1054-BTR-80-or-82-dam-aband-02-04-24.jpg,2024-04-08,3198,7542,4,7-319875424
Russia,Russia,53 T-80BV Obr. 2022,abandoned,https://i.postimg.cc/P5HSsTJR/1021-t80bv-obr2022-dam-aband-29-09-24.jpg,2024-10-09,3222,7616,4,7-322276164
Russia,Russia,550 KamAZ 6x6,abandoned,https://twitter.com/UAWeapons/status/1591015600046116865,2022-11-12,3269,7739,4,7-326977394
Russia,Russia,560 BTR-82A(M),abandoned,https://i.postimg.cc/hj626ydP/1046-btr82a-dam-aband-25-11-23.jpg,2023-11-27,3293,7799,4,7-329377994
Russia,Russia,560 BTR-82A(M),abandoned,https://i.postimg.cc/rwMQBtKW/1047-btr82a-aband-25-11-23.jpg,2023-11-27,3293,7800,4,7-329378004
Russia,Russia,571 BTR-82A(M),abandoned,https://twitter.com/Danspiun/status/1732013886268694558,2023-12-08,3317,7847,4,7-331778474
Russia,Russia,577 BTR-82A(M),abandoned,https://i.postimg.cc/J7PP84cp/1019-btr82a-aband-09-12-23.jpg,2023-12-10,3324,7896,4,7-332478964
Russia,Russia,577 BTR-82A(M),abandoned,https://i.postimg.cc/wBXQG6jc/1025-btr82a-dam-aband-09-12-23.jpg,2023-12-10,3324,7897,4,7-332478974
Russia,Russia,58 T-80BV Obr. 2022,abandoned,https://i.postimg.cc/Hkw2jkKc/1051-t80bv-obr2022-aband-28-10-24.jpg,2024-11-06,3334,7912,4,7-333479124
Russia,Russia,587 BTR-82A(M),abandoned,https://i.postimg.cc/25NSBJK7/1061-btr82a-dam-aband-11-12-23.jpg,2023-12-13,3345,7949,4,7-334579494
Russia,Russia,587 BTR-82A(M),abandoned,https://i.postimg.cc/J4gnRt3g/1060-btr82a-dam-aband-11-12-23.jpg,2023-12-13,3345,7950,4,7-334579504
Russia,Russia,587 BTR-82A(M),abandoned,https://i.postimg.cc/BQtbW2FH/1049-btr82a-dam-aband-19-10-23.jpg,2023-12-13,3345,7951,4,7-334579514
Russia,Russia,587 BTR-82A(M),abandoned,https://i.postimg.cc/JzfG5tGJ/1027-btr82-aband-23-10-23.jpg,2023-12-13,3345,7952,4,7-334579524
Russia,Russia,587 BTR-82A(M),abandoned,https://i.postimg.cc/501yDG52/1009-btr82a-aband-04-12-23.jpg,2023-12-13,3345,7953,4,7-334579534
Russia,Russia,587 BTR-82A(M),abandoned,https://i.postimg.cc/pVC5M26b/1008-btr82a-aband-04-12-23.jpg,2023-12-13,3345,7954,4,7-334579544
Russia,Soviet Union,596 BMP-2(K),abandoned,https://twitter.com/UAWeapons/status/1584532037829939200,2022-10-25,3370,2928,4,7-337029284
Russia,Soviet Union,6 T-62MV,abandoned,https://i.postimg.cc/xjWHFMwX/1000-t62mv-dam-aband.jpg,2022-10-20,3408,8072,4,7-340880724
Russia,Russia,6 T-80BV Obr. 2022,abandoned,https://i.postimg.cc/prLXJCDC/1042-t80bvm-unkn-t80-bmp1-and-bmp2-destr-20-08-23.jpg,2023-08-21,3410,7181,4,7-341071814
Russia,Russia,6 T-90S,abandoned,https://twitter.com/UAWeapons/status/1622633889314250752,2023-02-07,3412,8079,4,7-341280794
Russia,Russia,602 BTR-82A(M),abandoned,https://i.postimg.cc/bw4qFryL/1021-btr82a-dam-aband-17-02-24.jpg,2024-04-08,3441,8168,4,7-344181684
Russia,Russia,602 BTR-82A(M),abandoned,https://i.postimg.cc/sfc0kzqJ/1030-btr82a-dam-aband-08-03-24.jpg,2024-04-08,3441,8169,4,7-344181694
Russia,Russia,602 BTR-82A(M),abandoned,https://i.postimg.cc/JnQGgB8Q/1016-btr82a-dam-aband-21-02-24.jpg,2024-04-08,3441,8170,4,7-344181704
Russia,Russia,602 BTR-82A(M),abandoned,https://i.postimg.cc/k5rq9RLW/1048-btr82a-aband-01-04-24.jpg,2024-04-08,3441,8171,4,7-344181714
Russia,Russia,602 BTR-82A(M),abandoned,https://i.postimg.cc/7ZJwpntx/1047-btr82a-dam-aband-01-04-24.jpg,2024-04-08,3441,8172,4,7-344181724
Russia,Russia,602 BTR-82A(M),abandoned,https://i.postimg.cc/Qxrt20vX/1063-btr82a-dam-aband-05-04-24.jpg,2024-04-08,3441,8173,4,7-344181734
Russia,Soviet Union,606 BMP-2(K),abandoned,https://twitter.com/UAWeapons/status/1589181759211524098,2022-11-08,3446,8185,4,7-344681854
Russia,Russia,606 BTR-82A(M),abandoned,https://i.postimg.cc/BbKNDD4m/1007-btr82a-aband-31-12-23.jpg,2024-01-19,3447,8192,4,7-344781924
Russia,Russia,606 BTR-82A(M),abandoned,https://i.postimg.cc/FFdT2t30/1012-BTR-82-AT-aband-31-12-23.jpg,2024-01-19,3447,8193,4,7-344781934
Russia,Russia,607 BTR-82A(M),abandoned,https://i.postimg.cc/rFq0cMr3/1045-btr82a-dam-aband-19-01-24.jpg,2024-01-21,3450,8199,4,7-345081994
Russia,Russia,609 BTR-82A(M),abandoned,https://i.postimg.cc/sDdwjQk0/1027-btr82a-dam-aband-21-01-24.jpg,2024-01-24,3453,8206,4,7-345382064
Russia,Russia,61 Ural-43206,abandoned,https://i.postimg.cc/R0QNMfTp/1141-Ural-43206-abandoned-and-damaged.jpg,2022-07-28,3465,8234,4,7-346582344
Russia,Russia,610 BTR-82A(M),abandoned,https://i.postimg.cc/Z5G342dJ/1057-btr82a-dam-aband-14-04-24.jpg,2024-04-17,3467,8241,4,7-346782414
Russia,Russia,610 BTR-82A(M),abandoned,https://i.postimg.cc/9MV7q9bS/1058-btr82a-dam-aband-14-04-24.jpg,2024-04-17,3467,8242,4,7-346782424
Russia,Russia,616 BTR-82A(M),abandoned,https://i.postimg.cc/Jz8L396c/1060-btr82a-aband-06-02-24.jpg,2024-02-09,3473,8274,4,7-347382744
Russia,Russia,616 BTR-82A(M),abandoned,https://i.postimg.cc/RFprq0pY/1023-btr82a-dam-aband-11-12-23.jpg,2024-05-02,3473,8277,4,7-347382774
Russia,Russia,62 Unknown BTR-80/BTR-82A,abandoned,https://i.postimg.cc/Wzf1VR47/1047-unkn-btr-dam-aband-04-06-24.jpg,2024-06-06,3489,8321,4,7-348983214
Russia,Russia,620 BTR-82A(M),abandoned,https://i.postimg.cc/bv0x9wdL/1004-BTR-82-AT-aband-11-02-24.jpg,2024-02-18,3492,8326,4,7-349283264
Russia,Russia,622 BTR-82A(M),abandoned,https://i.postimg.cc/yNB4C95m/1079-btr82a-aband-07-05-24.jpg,2024-05-09,3494,8332,4,7-349483324
Russia,Russia,624 BTR-82A(M),abandoned,https://i.postimg.cc/RVxcnZMG/1014-btr82a-dam-aband-17-02-24.jpg,2024-02-23,3497,8346,4,7-349783464
Russia,Russia,625 BTR-82A(M),abandoned,https://i.postimg.cc/15PrL2dr/1039-btr82a-dam-aband-08-05-24.jpg,2024-05-12,3500,8361,4,7-350083614
Russia,Russia,628 BTR-82A(M),abandoned,https://i.postimg.cc/tgQmQ2CJ/1042-btr82a-aband-25-02-24.jpg,2024-02-26,3503,8370,4,7-350383704
Russia,Russia,631 Ural-4320,abandoned,https://postimg.cc/VJT1p7p5,2023-04-03,3522,8415,4,7-352284154
Russia,Russia,634 BTR-82A(M),abandoned,https://i.postimg.cc/bNCzSjp0/1046-BTR-82-A-M-aband-04-06-24.jpg,2024-06-06,3525,8423,4,7-352584234
Russia,Russia,637 BTR-82A(M),abandoned,https://i.postimg.cc/d0gfSJHd/1008-BTR-82-A-M-dam-aband-30-05-24.jpg,2024-06-09,3530,8446,4,7-353084464
Russia,Russia,639 BTR-82A(M),abandoned,https://i.postimg.cc/wjHPS478/1111-btr82a-aband-09-06-24.jpg,2024-06-12,3534,8452,4,7-353484524
Russia,Russia,64 Unknown BTR-80/BTR-82A,abandoned,https://i.postimg.cc/W40Zq4JQ/1036-BTR-80-or-82-aband-16-07-24.jpg,2024-07-18,3546,8473,4,7-354684734
Russia,Russia,642 BTR-82A(M),abandoned,https://i.postimg.cc/gjKgKHFn/1058-btr82a-dam-aband-23-05-24.jpg,2024-06-15,3549,8484,4,7-354984844
Russia,Russia,65 Unknown BTR-80/BTR-82A,abandoned,https://i.postimg.cc/Y04XWMJv/1031-BTR-80-or-82-aband-13-07-24.jpg,2024-07-21,3574,8544,4,7-357485444
Russia,Russia,658 BTR-82A(M),abandoned,https://i.postimg.cc/2y8CVRgL/1018-btr82a-dam-aband-07-07-24.jpg,2024-07-15,3587,8593,4,7-358785934
Russia,Russia,660 BTR-82A(M),abandoned,https://i.postimg.cc/cCsxxkjk/1025-BTR-82-A-M-dam-aband-17-07-24.jpg,2024-07-21,3604,8617,4,7-360486174
Russia,Russia,664 BTR-82A(M),abandoned,https://i.postimg.cc/qvjPV7Dg/1027-BTR-82-A-M-aband-23-07-24.jpg,2024-07-24,3607,8629,4,7-360786294
Russia,Russia,664 Ural-4320,abandoned,https://i.postimg.cc/jq7w2sb8/1018-ural4320-aband-26-02-22.jpg,2023-05-17,3608,8633,4,7-360886334
Russia,Russia,668 BTR-82A(M),abandoned,https://i.postimg.cc/hG6dLTbW/1013-BTR-82-A-aband-29-07-24.jpg,2024-08-03,3616,8650,4,7-361686504
Russia,Soviet Union,67 T-62M,abandoned,https://i.postimg.cc/Jzf348Lr/1021-t62m-dam-aband-21-12-23.jpg,2024-01-10,3624,8660,4,7-362486604
Russia,Russia,673 BTR-82A(M),abandoned,https://i.postimg.cc/m2X6QmMw/1012-BTR-82-A-M-dam-aband-15-08-24.jpg,2024-08-18,3638,8695,4,7-363886954
Russia,Russia,686 BTR-82A(M),abandoned,https://i.postimg.cc/3JMDJQnn/1012-BTR-82-A-M-dam-aband-04-09-24.jpg,2024-09-09,3671,8759,4,7-367187594
Russia,Russia,686 BTR-82A(M),abandoned,https://i.postimg.cc/JnvHkfm7/1061-BTR-82-A-M-dam-aband-04-09-24.jpg,2024-09-09,3671,8760,4,7-367187604
Russia,Soviet Union,689 BMP-2(K),abandoned,https://i.postimg.cc/SsBxhTfn/1029-bmp2-aband-14-01-23.jpg,2023-01-21,3679,8781,4,7-367987814
Russia,Soviet Union,69 T-64BV,abandoned,https://i.postimg.cc/0NcRYBJS/1046-t64bv-dam-aband-18-10-23.jpg,2023-10-22,3686,8792,4,7-368687924
Russia,Russia,69 ZALA 421-16Е,abandoned,https://i.postimg.cc/MTzdYW9b/1023-ZALA-421-16-reconnaissance-UAV-aband-22-07-24.jpg,2024-07-25,3691,8798,4,7-369187984
Russia,Russia,690 BTR-82A(M),abandoned,https://i.postimg.cc/PrJY4GYd/1019-BTR-82-A-M-dam-aband-12-09-24.jpg,2024-09-21,3692,8800,4,7-369288004
Russia,Russia,690 BTR-82A(M),abandoned,https://i.postimg.cc/Hns5RRN4/1059-BTR-82-A-M-aband-19-09-24.jpg,2024-09-21,3692,8801,4,7-369288014
Russia,Russia,7 BMP-1 765-SB3KDZ,abandoned,https://i.postimg.cc/pTD5Z43D/1042-BMP-1-SB3-KDZ-dam-aband-25-02-24.jpg,2024-04-14,3715,8845,4,7-371588454
Russia,Russia,7 BREM-L armoured recovery vehicle,abandoned,https://i.postimg.cc/G36GB29z/1305-brem-L-dam-aband-17-02-24.jpg,2024-04-08,3720,8856,4,7-372088564
Russia,Soviet Union,702 BMP-2(K),abandoned,https://i.postimg.cc/NF4LLtyM/1004-2x-bmp2-dam-aband-1x-BTR82-A-destr-25-01-23.jpg,2023-01-30,3766,6553,4,7-376665534
Russia,Soviet Union,702 BMP-2(K),abandoned,https://i.postimg.cc/gk7jFtXN/1013-bmp2-dam-aband-28-01-23.jpg,2023-01-30,3766,8925,4,7-376689254
Russia,Soviet Union,702 BMP-2(K),abandoned,https://i.postimg.cc/vT31VQms/1020-bmp2-dam-aband-24-01-23.jpg,2023-01-30,3766,8926,4,7-376689264
Russia,Russia,710 BTR-82A(M),abandoned,https://i.postimg.cc/DzSLBbMv/1042-BTR-82-A-M-dam-aband-06-09-24.jpg,2024-10-22,3789,8989,4,7-378989894
Russia,Russia,710 BTR-82A(M),abandoned,https://i.postimg.cc/Jz6jNQKY/1159-BTR-82-A-M-dam-aband-10-10-24.jpg,2024-10-22,3789,8990,4,7-378989904
Russia,Russia,710 Ural-4320,abandoned,https://i.postimg.cc/QCtz5WqC/1049-ural4320-dam-aband-25-06-23.jpg,2023-06-28,3790,9001,4,7-379090014
Russia,Russia,713 BTR-82A(M),abandoned,https://i.postimg.cc/YCGLtXjH/1313-BTR-82-A-M-aband-18-10-24.jpg,2024-10-23,3793,9010,4,7-379390104
Russia,Soviet Union,72 T-64BV,abandoned,https://i.postimg.cc/Dyzd0W42/1016-64-BV-and-72-B-dam-aband-19-10-23.jpg,2023-11-06,3803,9031,4,7-380390314
Russia,Russia,726 BTR-82A(M),abandoned,https://i.postimg.cc/fRXzgDnd/1035-BTR-82-A-M-dam-aband-26-10-24.jpg,2024-11-06,3816,9064,4,7-381690644
Russia,Soviet Union,73 T-62M,abandoned,https://i.postimg.cc/XvQVBwXh/1036-T-62-M-dam-aband-12-02-24.jpg,2024-02-15,3821,9075,4,7-382190754
Russia,Soviet Union,734 BMP-2(K),abandoned,https://twitter.com/UAWeapons/status/1622943432581779459,2023-02-12,3831,4152,4,7-383141524
Russia,Soviet Union,734 BMP-2(K),abandoned,https://i.postimg.cc/6qZJL38T/1004-1x-mtlb-dam-aband-2x-bmp2-1x-destr-1x-dam-aband-2x-t72b3-dam-aband-09-02-23.jpg,2023-02-12,3831,5074,4,7-383150744
Russia,Soviet Union,734 BMP-2(K),abandoned,https://i.postimg.cc/7653s956/1001-bmp2-dam-aband-09-02-23.jpg,2023-02-12,3831,9111,4,7-383191114
Russia,Soviet Union,734 BMP-2(K),abandoned,https://i.postimg.cc/3RdHN97X/1005-1x-bmp2-destr-1x-mtlb-aband-1x-t72b3-aband-09-02-23.jpg,2023-02-12,3831,9112,4,7-383191124
Russia,Soviet Union,734 BMP-2(K),abandoned,https://i.postimg.cc/3wKQTpyM/1108-bmp2-aband-06-02-23.jpg,2023-02-12,3831,9113,4,7-383191134
Russia,Soviet Union,734 BMP-2(K),abandoned,https://twitter.com/UAWeapons/status/1624007672965083136,2023-02-12,3831,9114,4,7-383191144
Russia,Soviet Union,734 BMP-2(K),abandoned,https://i.postimg.cc/m2hhtXbZ/1004-2x-bmp2-dam-aband-07-02-23.jpg,2023-02-12,3831,9115,4,7-383191154
Russia,Soviet Union,734 BMP-2(K),abandoned,https://i.postimg.cc/qqFJsrkJ/1012-bmp2-aband-07-02-23.jpg,2023-02-12,3831,9116,4,7-383191164
Russia,Soviet Union,734 BMP-2(K),abandoned,https://i.postimg.cc/TYyYRK9p/1013-bmp2-dam-aband-07-02-23.jpg,2023-02-12,3831,9117,4,7-383191174
Russia,Soviet Union,734 BMP-2(K),abandoned,https://i.postimg.cc/kXkMD71w/1014-bmp2-aband-07-02-23.jpg,2023-02-12,3831,9118,4,7-383191184
Russia,Russia,74 T-80BVM,abandoned,https://twitter.com/UAWeapons/status/1636692524830957571,2023-03-20,3846,9162,4,7-384691624
Russia,Russia,74 Ural-4320 tanker,abandoned,https://i.postimg.cc/3xMyy4yj/1013.jpg,2022-07-09,3849,9167,4,7-384991674
Russia,Russia,741 BTR-82A(M),abandoned,https://i.postimg.cc/ZKkVhnpr/1050-BTR-82-A-M-dam-aband-07-11-24.jpg,2024-11-14,3851,9182,4,7-385191824
Russia,Russia,741 BTR-82A(M),abandoned,https://i.postimg.cc/Yq1827zT/1052-BTR-82-A-M-dam-aband-07-11-24.jpg,2024-11-14,3851,9183,4,7-385191834
Russia,Russia,741 BTR-82A(M),abandoned,https://i.postimg.cc/pXkqzLjn/1055-BTR-82-A-M-dam-aband-07-11-24.jpg,2024-11-14,3851,9184,4,7-385191844
Russia,Russia,741 BTR-82A(M),abandoned,https://i.postimg.cc/NjMb4v8C/1057-BTR-82-A-M-aband-07-11-24.jpg,2024-11-14,3851,9185,4,7-385191854
Russia,Soviet Union,743 BMP-2(K),abandoned,https://i.postimg.cc/L4Crkzcs/1005-bmp2-aband-14-02-23.jpg,2023-02-15,3853,9193,4,7-385391934
Russia,Soviet Union,75 BTR-D,abandoned,https://i.postimg.cc/LXc2pJCx/1028-BTR-D-aband-13-06-23.jpg,2023-06-14,3862,9219,4,7-386292194
Russia,Soviet Union,755 BMP-2(K),abandoned,https://i.postimg.cc/9Qg2PRT1/1002-T80-BV-destr-2x-bmp1-dam-aband-23-02-23.jpg,2023-02-24,3875,4567,4,7-387545674
Russia,Soviet Union,76 T-62M,abandoned,https://i.postimg.cc/q7Znqz75/1026-1x-destr-2x-dam-aband-T62-M-06-02-23.jpg,2024-02-18,3885,9263,4,7-388592634
Russia,Russia,761 KamAZ 6x6,abandoned,https://i.postimg.cc/cCZdNpkp/1014-kamaz6x6-aband-23-05-23.jpg,2023-06-01,3895,9286,4,7-389592864
Russia,Soviet Union,764 BMP-2(K),abandoned,https://i.postimg.cc/Wbrt5H4J/1033-2x-bmp2-1x-destr-1x-dam-aband-02-03-23.jpg,2023-03-04,3898,9296,4,7-389892964
Russia,Soviet Union,77 T-64BV,abandoned,https://i.postimg.cc/kg244rdJ/1044-T-64-BV-destr-30-10-23.jpg,2023-11-27,3914,9323,4,7-391493234
Russia,Soviet Union,77 T-64BV,abandoned,https://i.postimg.cc/yNpVKk2L/1007_T-64BV_aband_t64bv_21_11_23.jpg,2023-11-28,3914,9324,4,7-391493244
Russia,Soviet Union,77 T-72B Obr. 1989,abandoned,https://i.postimg.cc/3RdHN97X/1005-1x-bmp2-destr-1x-mtlb-aband-1x-t72b3-aband-09-02-23.jpg,2023-02-12,3915,9112,4,7-391591124
Russia,Soviet Union,77 T-72B Obr. 1989,abandoned,https://i.postimg.cc/jdLjppp6/1104-t72b1989-dam-aband-06-02-23.jpg,2023-02-12,3915,9328,4,7-391593284
Russia,Soviet Union,77 T-72B Obr. 1989,abandoned,https://i.postimg.cc/gkQ0mMpC/1105-t72b1989-dam-aband-06-02-23.jpg,2023-02-12,3915,9329,4,7-391593294
Russia,Soviet Union,775 BMP-2(K),abandoned,https://i.postimg.cc/kgpdmJLd/1042-2x-bmp2-aband-04-03-23.jpg,2023-03-07,3923,9349,4,7-392393494
Russia,Soviet Union,78 BTR-D,abandoned,https://i.postimg.cc/C5Hs9B4P/1029-BTR-D-dam-aband-13-08-23.jpg,2023-08-15,3931,9362,4,7-393193624
Russia,Soviet Union,78 T-72B Obr. 1989,abandoned,https://twitter.com/UAWeapons/status/1628044473635598340,2023-02-23,3935,5460,4,7-393554604
Russia,Soviet Union,789 BMP-2(K),abandoned,https://twitter.com/UAWeapons/status/1635313931731492865,2023-03-16,3950,5792,4,7-395057924
Russia,Soviet Union,79 T-62M,abandoned,https://i.postimg.cc/bwQcFjyb/1032-T-62-M-dam-aband-12-04-24.jpg,2024-04-17,3958,9417,4,7-395894174
Russia,Soviet Union,79 T-62M,abandoned,https://i.postimg.cc/mktWdzk2/1033-T-62-M-dam-aband-12-04-24.jpg,2024-04-17,3958,9418,4,7-395894184
Russia,Russia,8 BMP-2M 675-sb3KDZ,abandoned,https://i.postimg.cc/90TDgqzt/1004-BMP-2-M-675-sb3-KDZ-dam-aband-27-07-24.jpg,2024-07-31,3987,9468,4,7-398794684
Russia,Russia,8 BREM-L armoured recovery vehicle,abandoned,https://i.postimg.cc/V6Ld5BwM/1011-BREM-L-Beglyanka-armoured-recovery-vehicle-aband-02-08-24.jpg,2024-08-06,3988,9469,4,7-398894694
Russia,Soviet Union,8 T-62M,abandoned,https://i.postimg.cc/FHvqwqSC/1007-t62m-dam-aban.jpg,2022-10-04,4003,9484,4,7-400394844
Russia,Soviet Union,804 BMP-2(K),abandoned,https://twitter.com/UAWeapons/status/1638845891254558720,2023-03-26,4030,4917,4,7-403049174
Russia,Soviet Union,807 BMP-2(K),abandoned,https://i.postimg.cc/bJpD8zvX/4313.png,2023-03-28,4033,9539,4,7-403395394
Russia,Soviet Union,81 T-62M,abandoned,https://i.postimg.cc/V63LKJWz/1020-T-62-M-dam-aband-20-04-24.jpg,2024-04-24,4037,9542,4,7-403795424
Russia,Soviet Union,81 T-64BV,abandoned,https://i.postimg.cc/QtnrhwF4/1008-T-64-BV-dam-aband-18-12-23.jpg,2024-01-30,4038,9545,4,7-403895454
Russia,Soviet Union,81 T-64BV,abandoned,https://i.postimg.cc/tJKQV6tF/1009-T-64-BV-dam-aband-18-12-23.jpg,2024-01-30,4038,9546,4,7-403895464
Russia,Soviet Union,811 BMP-2(K),abandoned,https://i.postimg.cc/7PFyFHxK/4.png,2023-03-29,4040,9551,4,7-404095514
Russia,Soviet Union,812 BMP-2(K),abandoned,https://i.postimg.cc/vH9fRXMD/1019-bmp2-aband-14-02-23.jpg,2023-05-02,4041,9569,4,7-404195694
Russia,Soviet Union,812 BMP-2(K),abandoned,https://i.postimg.cc/Df4bs5S5/1044-bmp2-dam-aband-28-04-23.jpg,2023-05-02,4041,9570,4,7-404195704
Russia,Soviet Union,814 BMP-2(K),abandoned,https://i.postimg.cc/wM3zbrF6/4430.png,2023-04-08,4044,9585,4,7-404495854
Russia,Soviet Union,82 T-72B Obr. 1989,abandoned,https://i.postimg.cc/Xq9G6ypX/1002-t72b-1989-aband-05-03-23.jpg,2023-03-07,4052,9601,4,7-405296014
Russia,Soviet Union,827 BMP-2(K),abandoned,https://twitter.com/UAWeapons/status/1660286197497753600,2023-05-22,4062,3824,4,7-406238244
Russia,Soviet Union,83 T-72B Obr. 1989,abandoned,https://i.postimg.cc/sX6f34fy/1301-t72b1989-dam-aband.jpg,2023-03-20,4072,9643,4,7-407296434
Russia,Soviet Union,833 BMP-2(K),abandoned,https://i.postimg.cc/GpzT4jGT/1017-bmp2-aband-23-05-23.jpg,2023-06-01,4080,9658,4,7-408096584
Russia,Soviet Union,84 T-72B Obr. 1989,abandoned,https://i.postimg.cc/bNSwnVvB/245.png,2023-03-29,4092,9684,4,7-409296844
Russia,Soviet Union,848 BMP-2(K),abandoned,https://i.postimg.cc/qRxT21ns/1016-2x-bmp2-1x-destr-1x-dam-aband-18-06-23.jpg,2023-06-19,4105,9710,4,7-410597104
Russia,Russia,86 T-80BVM,abandoned,https://i.postimg.cc/c4R5jpYr/1001-t80bvm-dam-aband-10-07-23.jpg,2023-07-14,4127,9753,4,7-412797534
Russia,Russia,87 T-80BVM,abandoned,https://i.postimg.cc/FHqWc8KD/1032-t80bvm-dam-aband-15-07-23.jpg,2023-07-17,4149,9809,4,7-414998094
Russia,Russia,89 BTR-82AT,abandoned,https://i.postimg.cc/4dwbSfy7/1050-BTR-82-AT-dam-aband-07-03-24.jpg,2024-04-08,4174,9905,4,7-417499054
Russia,Russia,89 BTR-82AT,abandoned,https://i.postimg.cc/hjkjPrj1/1020-BTR-82-AT-dam-aband-02-04-24.jpg,2024-04-08,4174,9906,4,7-417499064
Russia,Russia,89 BTR-82AT,abandoned,https://i.postimg.cc/Xq9vZCBS/1021-BTR-82-AT-dam-aband-02-04-24.jpg,2024-04-08,4174,9907,4,7-417499074
Russia,Soviet Union,896 BMP-2(K),abandoned,https://i.postimg.cc/CxtZTS0s/1041-2x-bmp3-destr-1x-bmp2-dam-aband-21-07-23.jpg,2023-07-22,4184,9930,4,7-418499304
Russia,Soviet Union,9 KrAZ-255 (for PMP floating bridge system),abandoned,https://i.postimg.cc/Nfp4rvFW/1009-Kr-AZ-255-for-PMP-floating-bridge-system-dam-aband-28-08-24.jpg,2024-09-03,4209,9963,4,7-420999634
Russia,Russia,9 T-62MV Obr. 2022,abandoned,https://i.postimg.cc/3J9ZznYP/1019-T62-MV-Obr2022-dam-aband-02-05-24.jpg,2024-05-04,4222,9986,4,7-422299864
Russia,Russia,9 T-62MV Obr. 2022,abandoned,https://i.postimg.cc/nL9YjxBJ/1009-T62-MV-Obr2022-dam-aband-01-05-24.jpg,2024-05-04,4222,9987,4,7-422299874
Russia,Russia,9 T-62MV Obr. 2022,abandoned,https://i.postimg.cc/3RMj2qFD/1010-T62-MV-Obr2022-dam-aband-01-05-24.jpg,2024-05-04,4222,9988,4,7-422299884
Russia,Russia,9 T-62MV Obr. 2022,abandoned,https://i.postimg.cc/NFB1zrVs/1011-T62-MV-Obr2022-dam-aband-01-05-24.jpg,2024-05-04,4222,9989,4,7-422299894
Russia,Soviet Union,92 T-62M,abandoned,https://i.postimg.cc/Gm7wrvPR/1002-T-62-M-dam-aband-02-06-24.jpg,2024-06-24,4295,10144,4,7-4295101444
Russia,Soviet Union,926 BMP-2(K),abandoned,https://i.postimg.cc/sxC5ZQPr/1018-bmp2-dam-aband-12-08-23.jpg,2023-08-16,4311,10188,4,7-4311101884
Russia,Soviet Union,933 BMP-2(K),abandoned,https://i.postimg.cc/dVZ5HK6k/1026-brem1-destr-and-bmp2-dam-aband-19-08-23.jpg,2023-08-21,4325,6054,4,7-432560544
Russia,Soviet Union,933 BMP-2(K),abandoned,https://i.postimg.cc/bJpLwShk/1033-bmp2-aband-23-07-23.jpg,2023-08-21,4325,10209,4,7-4325102094
Russia,Soviet Union,95 T-62M,abandoned,https://i.postimg.cc/Y2FHQvCF/1105-T-62-M-aband-30-01-24.jpg,2024-07-15,4361,10296,4,7-4361102964
Russia,Russia,95 T-80BVM,abandoned,https://i.postimg.cc/J0tMSfm3/1005-72-B3-and-80-BVM-dam-aband-20-08-23.jpg,2023-08-24,4363,5733,4,7-436357334
Russia,Soviet Union,97 T-72B Obr. 1989,abandoned,https://i.postimg.cc/029Gq8r4/1024-T72b1989-aband-and-T80bvm-destr-15-10-23.jpg,2023-12-09,4392,763,4,7-43927634
Russia,Soviet Union,970 BMP-2(K),abandoned,https://i.postimg.cc/s2zyRwj8/328.png,2023-09-14,4401,10373,4,7-4401103734
Russia,Soviet Union,976 BMP-2(K),abandoned,https://i.postimg.cc/0NfNx9pj/2249.png,2023-09-21,4406,10390,4,7-4406103904
Russia,Soviet Union,976 BMP-2(K),abandoned,https://i.postimg.cc/k44Hjd9L/3g3.png,2023-09-21,4406,10391,4,7-4406103914
Russia,Russia,98 T-80U,abandoned,https://i.postimg.cc/Gmk4H0Xd/1031-T-80-U-dam-aband-24-05-24.jpg,2024-06-09,4422,10421,4,7-4422104214
Russia,Soviet Union,99 T-72B Obr. 1989,abandoned,https://i.postimg.cc/5071gLHB/1015-T-72-B-Obr-1989-dam-aband-01-02-24.jpg,2024-03-02,4443,10460,4,7-4443104604
Russia,Soviet Union,9A330 Tor TLAR (for 9K330 Tor-M),abandoned,https://i.postimg.cc/8PS5zQYB/4310.png,2022-03-19,4462,10524,4,7-4462105244
Russia,Soviet Union,9A330 Tor TLAR (for 9K330 Tor-M),abandoned,https://i.postimg.cc/mgHPxQR3/5k.png,2022-03-19,4462,10525,4,7-4462105254
Russia,Russia,9A331 TLAR (for 9K331 Tor-M1),abandoned,https://i.postimg.cc/6pfMfZYj/f430.jpg,2022-03-19,4464,10540,4,7-4464105404
Russia,Soviet Union,9K33 Osa,abandoned,https://i.postimg.cc/PxkdsRX3/438.png,2022-03-19,4472,10595,4,7-4472105954
Russia,Soviet Union,9K33 Osa,abandoned,https://i.postimg.cc/3RKjWRVn/6657.png,2022-03-19,4472,10596,4,7-4472105964
Russia,Soviet Union,9K35 Strela-10,abandoned,https://i.postimg.cc/rmQmjFmn/542.png,2022-03-19,4474,10620,4,7-4474106204
Russia,Soviet Union,9K35 Strela-10,abandoned,https://i.postimg.cc/FKXqgKZj/n8.jpg,2022-03-19,4474,10621,4,7-4474106214
Russia,Soviet Union,9K35 Strela-10,abandoned,https://i.postimg.cc/gcVRwKgk/v56.png,2022-03-19,4474,10622,4,7-4474106224
Russia,Soviet Union,9M114 Kokon,abandoned,https://i.postimg.cc/Qdw6LXPV/98u.png,2022-03-19,4479,10694,4,7-4479106944
Russia,Soviet Union,9M114 Kokon,abandoned,https://i.postimg.cc/8PNsyDd1/3f.jpg,2022-03-19,4479,10695,4,7-4479106954
Russia,Soviet Union,9P149 Shturm-S,abandoned,https://i.postimg.cc/3JJmTx8c/77666.jpg,2022-06-05,4481,10703,4,7-4481107034
Russia,Soviet Union,9P149 Shturm-S ATGM carrier,abandoned,https://i.postimg.cc/Qdw6LXPV/98u.png,2022-03-19,4482,10694,4,7-4482106944
Russia,Soviet Union,9P149 Shturm-S ATGM carrier,abandoned,https://i.postimg.cc/8PNsyDd1/3f.jpg,2022-03-19,4482,10695,4,7-4482106954
Russia,Soviet Union,9P149 Shturm-S ATGM carrier,abandoned,https://i.postimg.cc/QNk4QVWH/1f.png,2022-03-29,4482,10712,4,7-4482107124
Russia,Russia,"9S931-3/9S932-2 intelligence, control and command vehicle (for Barnaul-T)",abandoned,https://i.postimg.cc/28FY7N7Y/4f2.jpg,2022-04-02,4489,10730,4,7-4489107304
Russia,Russia,AMN-590951,abandoned,https://i.postimg.cc/13hGxb01/1038-ural-59095-dam-aband-18-10-23.jpg,2023-10-22,4494,10761,4,7-4494107614
Russia,Russia,AMN-590951,abandoned,https://i.postimg.cc/7PR195f6/1045-ural-59095-dam-aband-18-10-23.jpg,2023-10-22,4494,10762,4,7-4494107624
Russia,Russia,AMN-590951,abandoned,https://i.postimg.cc/J7qPHk2V/1033-AMN-590951-aband-10-12-23.jpg,2024-01-09,4494,10768,4,7-4494107684
Russia,Russia,Barnaul-T 9<U+0421>932-1 automated system for air defence units,abandoned,https://i.postimg.cc/fTrQXZpK/g2.jpg,2022-03-19,4498,10797,4,7-4498107974
Russia,Soviet Union,BAT-2 heavy engineering vehicle,abandoned,https://i.postimg.cc/02PWXdtR/1016-BAT-2-dam-aband-27-12-23.jpg,2024-02-09,4500,10814,4,7-4500108144
Russia,Soviet Union,BMD-2,abandoned,https://i.postimg.cc/hvdB25Hw/j2.jpg,2022-03-19,4502,10836,4,7-4502108364
Russia,Soviet Union,BMD-2,abandoned,https://i.postimg.cc/xjLsrGfV/79.png,2022-03-19,4502,10837,4,7-4502108374
Russia,Soviet Union,BMD-2,abandoned,https://i.postimg.cc/W4N1CS83/v1.png,2022-03-19,4502,10680,4,7-4502106804
Russia,Soviet Union,BMD-2,abandoned,https://i.postimg.cc/R0G3QWB8/g6.jpg,2022-03-19,4502,10838,4,7-4502108384
Russia,Soviet Union,BMD-2,abandoned,https://i.postimg.cc/yxkdsj2X/8879.jpg,2022-03-19,4502,10839,4,7-4502108394
Russia,Soviet Union,BMD-2,abandoned,https://i.postimg.cc/5NVXwfjS/350.png,2022-03-19,4502,10840,4,7-4502108404
Russia,Soviet Union,BMD-2,abandoned,https://i.postimg.cc/q7ynHGm8/r6.png,2022-03-19,4502,10841,4,7-4502108414
Russia,Soviet Union,BMD-2,abandoned,https://i.postimg.cc/7hqDdFSC/1011.jpg,2022-07-18,4502,10933,4,7-4502109334
Russia,Soviet Union,BMD-2,abandoned,https://i.postimg.cc/ncKxWZrF/1020-bmd2-dam-aband-08-07-23.jpg,2023-07-09,4502,11049,4,7-4502110494
Russia,Soviet Union,BMD-2,abandoned,https://i.postimg.cc/J4JgJPsR/1008-bmd2-dam-aband-24-07-23.jpg,2023-07-26,4502,11051,4,7-4502110514
Russia,Soviet Union,BMD-2,abandoned,https://i.postimg.cc/L5WKwCtW/1004-bmd2-dam-aband-20-10-23.jpg,2023-10-22,4502,11070,4,7-4502110704
Russia,Soviet Union,BMD-2,abandoned,https://i.postimg.cc/mDrk5PTb/1043-bmd2-dam-aband-13-12-23.jpg,2023-12-17,4502,11088,4,7-4502110884
Russia,Soviet Union,BMD-2,abandoned,https://i.postimg.cc/Kj3BYv3v/1046-bmd2-dam-aband-10-12-23.jpg,2024-01-09,4502,11092,4,7-4502110924
Russia,Soviet Union,BMD-2,abandoned,https://i.postimg.cc/bvPbrfLn/1006-bmd2-dam-aband-14-02-24.jpg,2024-02-18,4502,11097,4,7-4502110974
Russia,Soviet Union,BMD-2,abandoned,https://i.postimg.cc/NfVPy6TZ/1056-BMD-2-dam-aband-04-04-24.jpg,2024-04-11,4502,11113,4,7-4502111134
Russia,Soviet Union,BMD-2,abandoned,https://i.postimg.cc/WzLVdxhh/1006-BMD-2-dam-aband-28-05-24.jpg,2024-06-02,4502,11124,4,7-4502111244
Russia,Soviet Union,BMD-2,abandoned,https://i.postimg.cc/ZRq731ff/1054-BMD-2-dam-aband-18-05-24.jpg,2024-07-15,4502,11128,4,7-4502111284
Russia,Soviet Union,BMD-2,abandoned,https://i.postimg.cc/X7bmP9Zr/1040-BMD-2-dam-aband-29-09-24.jpg,2024-10-03,4502,11145,4,7-4502111454
Russia,Russia,BMD-4M,abandoned,https://i.postimg.cc/MZy05BrN/674.png,2022-03-19,4503,11161,4,7-4503111614
Russia,Russia,BMD-4M,abandoned,https://i.postimg.cc/KYVQ34Vs/1012-BMD-4-dam-aband-30-06-23.jpg,2023-08-01,4503,11210,4,7-4503112104
Russia,Russia,BMD-4M,abandoned,https://i.postimg.cc/zv6MwhLd/1002-bmd4m-dam-aband-31-10-23.jpg,2023-11-02,4503,11222,4,7-4503112224
Russia,Russia,BMD-4M,abandoned,https://i.postimg.cc/kgsfqXbH/1050-bmd4m-dam-aband-24-11-23.jpg,2023-11-27,4503,11224,4,7-4503112244
Russia,Russia,BMD-4M,abandoned,https://i.postimg.cc/gJz5TTmY/1002-bmd4m-aband-29-12-23.jpg,2024-01-09,4503,11237,4,7-4503112374
Russia,Russia,BMD-4M,abandoned,https://i.postimg.cc/V6jvQVLz/1049-bmd4m-dam-aband-17-01-24.jpg,2024-01-21,4503,11242,4,7-4503112424
Russia,Russia,BMD-4M,abandoned,https://i.postimg.cc/wjf72hK0/1000-bmd4m-dam-aband-04-03-24.jpg,2024-04-08,4503,11252,4,7-4503112524
Russia,Russia,BMD-4M,abandoned,https://i.postimg.cc/SNQvwNj6/1017-BMD-4-M-dam-aband-13-05-24.jpg,2024-08-09,4503,11259,4,7-4503112594
Russia,Russia,BMD-4M,abandoned,https://i.postimg.cc/5NSTWjvn/1030-BMD-4-M-dam-aband-30-09-24.jpg,2024-10-03,4503,11264,4,7-4503112644
Russia,Soviet Union,BMK-130M/BMK-150 towing and motor boat,abandoned,https://i.postimg.cc/2yFgdmxY/57j.png,2022-03-26,4504,11270,4,7-4504112704
Russia,Soviet Union,BMK-460 towing and motor boat,abandoned,https://i.postimg.cc/dQhHKCYh/87j.png,2022-05-14,4505,11276,4,7-4505112764
Russia,Soviet Union,BMK-460 towing and motor boat,abandoned,https://i.postimg.cc/hj9Ln38X/442.jpg,2022-05-26,4505,11278,4,7-4505112784
Russia,Soviet Union,BMK-460 towing and motor boat,abandoned,https://i.postimg.cc/L4NSYhXX/554f.jpg,2022-05-27,4505,11279,4,7-4505112794
Russia,Soviet Union,BMK-460 towing and motor boat,abandoned,https://i.postimg.cc/6q81dyJS/4f70.png,2022-05-29,4505,11280,4,7-4505112804
Russia,Soviet Union,BMK-460 towing and motor boat,abandoned,https://i.postimg.cc/hPxWtr7P/INqk1cd-M-jpg-large.jpg,2022-06-29,4505,11282,4,7-4505112824
Russia,Soviet Union,BMP-1(P),abandoned,https://i.postimg.cc/D0F7t6vH/b55.jpg,2022-04-01,4507,11312,4,7-4507113124
Russia,Soviet Union,BMP-1(P),abandoned,https://i.postimg.cc/QMPbRrpP/8j.png,2022-05-14,4507,11330,4,7-4507113304
Russia,Soviet Union,BMP-1(P),abandoned,https://i.postimg.cc/W4wTp5Qd/6h5.png,2022-05-26,4507,11355,4,7-4507113554
Russia,Soviet Union,BMP-1(P),abandoned,https://i.postimg.cc/8Cpqfmv7/3322.jpg,2022-05-26,4507,11356,4,7-4507113564
Russia,Soviet Union,BMP-1(P),abandoned,https://i.postimg.cc/8ztZ9QFC/cs3.jpg,2022-05-26,4507,11357,4,7-4507113574
Russia,Soviet Union,BMP-1(P),abandoned,https://i.postimg.cc/P5dzz35Q/dd.jpg,2022-05-26,4507,11358,4,7-4507113584
Russia,Soviet Union,BMP-1(P),abandoned,https://i.postimg.cc/d3MG7nfd/dr.jpg,2022-05-26,4507,11359,4,7-4507113594
Russia,Soviet Union,BMP-1(P),abandoned,https://i.postimg.cc/bJLsPghp/ggg5.jpg,2022-05-26,4507,11360,4,7-4507113604
Russia,Soviet Union,BMP-1(P),abandoned,https://i.postimg.cc/sx43xwB6/33d.jpg,2022-05-26,4507,11361,4,7-4507113614
Russia,Soviet Union,BMP-1(P),abandoned,https://i.postimg.cc/pXwSB7s7/441.jpg,2022-05-26,4507,11362,4,7-4507113624
Russia,Soviet Union,BMP-1(P),abandoned,https://i.postimg.cc/CLz7N7gC/d3.jpg,2022-06-11,4507,11368,4,7-4507113684
Russia,Soviet Union,BMP-1(P),abandoned,https://i.postimg.cc/Z5cKsDdh/478.png,2022-06-26,4507,11374,4,7-4507113744
Russia,Soviet Union,BMP-1(P),abandoned,https://twitter.com/UAWeapons/status/1536424104957460480,2022-06-26,4507,11369,4,7-4507113694
Russia,Soviet Union,BMP-1(P),abandoned,https://i.postimg.cc/kMx3QrtW/3251.png,2023-09-25,4507,11384,4,7-4507113844
Russia,Soviet Union,BMP-1(P),abandoned,https://i.postimg.cc/hjTw1xhK/319.png,2023-09-25,4507,11385,4,7-4507113854
Russia,Soviet Union,BMP-1(P),abandoned,https://i.postimg.cc/br97gV2z/1040-2x-bmp1-1x-btr80-aband-11-10-23.jpg,2023-10-12,4507,3284,4,7-450732844
Russia,Soviet Union,BMP-1(P),abandoned,https://i.postimg.cc/htTWZ0fC/1039-bmp1-dam-aband-18-10-23.jpg,2023-10-22,4507,11403,4,7-4507114034
Russia,Soviet Union,BMP-1(P),abandoned,https://i.postimg.cc/LsSdcZPm/1040-bmp1-dam-aband-18-10-23.jpg,2023-10-22,4507,11404,4,7-4507114044
Russia,Soviet Union,BMP-1(P),abandoned,https://i.postimg.cc/FKxtNsb3/1041-bmp1-dam-aband-18-10-23.jpg,2023-10-22,4507,11405,4,7-4507114054
Russia,Soviet Union,BMP-1(P),abandoned,https://i.postimg.cc/HnPSzzXX/1028-1x-t64bv-1x-bmp1-destr-bmp1-aband-31-10-23.jpg,2023-11-02,4507,8961,4,7-450789614
Russia,Soviet Union,BMP-1(P),abandoned,https://i.postimg.cc/L4brFcyz/1021-bmp1-aband-31-10-23.jpg,2023-11-02,4507,11420,4,7-4507114204
Russia,Soviet Union,BMP-1(P),abandoned,https://i.postimg.cc/SRR2SMT3/1040-1x-unkn-tank-destr-2x-bmp1-dam-aband-04-11-23.jpg,2023-11-06,4507,5237,4,7-450752374
Russia,Soviet Union,BMP-1(P),abandoned,https://i.postimg.cc/CxMnZsGG/1002-bmp1-dam-aband-06-11-23.jpg,2023-11-10,4507,11422,4,7-4507114224
Russia,Soviet Union,BMP-1(P),abandoned,https://i.postimg.cc/RZ9c8R8k/1001-bmp1-dam-aband-10-11-23.jpg,2023-11-14,4507,11423,4,7-4507114234
Russia,Soviet Union,BMP-1(P),abandoned,https://twitter.com/Danspiun/status/1732470404894060709,2023-12-07,4507,11430,4,7-4507114304
Russia,Soviet Union,BMP-1(P),abandoned,https://i.postimg.cc/QdJRqzw3/1019-bmp1-aband-03-12-23.jpg,2023-12-08,4507,11433,4,7-4507114334
Russia,Soviet Union,BMP-1(P),abandoned,https://i.postimg.cc/9Xv5XZZv/1018-bmp1-dam-aband-03-12-23.jpg,2023-12-08,4507,11434,4,7-4507114344
Russia,Soviet Union,BMP-1(P),abandoned,https://i.postimg.cc/9fnw5pbq/1056-bmp1-dam-aband-12-10-23.jpg,2023-12-13,4507,11443,4,7-4507114434
Russia,Soviet Union,BMP-1(P),abandoned,https://i.postimg.cc/fW0ms66W/1026-bmp1-dam-aband-24-10-23.jpg,2023-12-13,4507,11444,4,7-4507114444
Russia,Soviet Union,BMP-1(P),abandoned,https://twitter.com/Danspiun/status/1736003718909157560,2024-01-09,4507,11463,4,7-4507114634
Russia,Soviet Union,BMP-1(P),abandoned,https://i.postimg.cc/zfRkDJvV/1014-bmp1-dam-aband-10-12-23.jpg,2024-01-09,4507,11464,4,7-4507114644
Russia,Soviet Union,BMP-1(P),abandoned,https://twitter.com/NOELreports/status/1737736296049582440,2024-01-09,4507,11465,4,7-4507114654
Russia,Soviet Union,BMP-1(P),abandoned,https://i.postimg.cc/QM3GSZp0/1034-bmp1-aband-24-12-23.jpg,2024-01-09,4507,11466,4,7-4507114664
Russia,Soviet Union,BMP-1(P),abandoned,https://i.postimg.cc/XNyrY1Gh/1029-bmp1-aband-21-12-23.jpg,2024-01-09,4507,11467,4,7-4507114674
Russia,Soviet Union,BMP-1(P),abandoned,https://i.postimg.cc/LXx7RwqF/1041-bmp1-dam-aband-25-12-23.jpg,2024-01-09,4507,11468,4,7-4507114684
Russia,Soviet Union,BMP-1(P),abandoned,https://i.postimg.cc/Yqvc2rfn/1005-bmp1-dam-aband-29-12-23.jpg,2024-01-09,4507,11469,4,7-4507114694
Russia,Soviet Union,BMP-1(P),abandoned,https://i.postimg.cc/LX7NnvKq/1013-bmp1-aband-20-12-23.jpg,2024-01-19,4507,11475,4,7-4507114754
Russia,Soviet Union,BMP-1(P),abandoned,https://i.postimg.cc/QdF3kDhz/1037-bmp1-dam-aband-19-01-24.jpg,2024-01-21,4507,11483,4,7-4507114834
Russia,Soviet Union,BMP-1(P),abandoned,https://i.postimg.cc/4NLG9ykt/1012-bmp1-dam-aband-18-10-23.jpg,2024-01-21,4507,11484,4,7-4507114844
Russia,Soviet Union,BMP-1(P),abandoned,https://i.postimg.cc/t70TjgK6/1068-unkn-tank-destr-2x-bmp1-aband-22-01-24.jpg,2024-01-24,4507,5493,4,7-450754934
Russia,Soviet Union,BMP-1(P),abandoned,https://i.postimg.cc/t4HzDHyh/1006-BMP-1-P-dam-aband-18-12-23.jpg,2024-01-30,4507,11496,4,7-4507114964
Russia,Soviet Union,BMP-1(P),abandoned,https://i.postimg.cc/Df9NxHpj/1032-bmp1-dam-aband-27-01-24.jpg,2024-02-09,4507,11505,4,7-4507115054
Russia,Soviet Union,BMP-1(P),abandoned,https://i.postimg.cc/B6dmwPpL/1053-bmp1-dam-aband-01-02-24.jpg,2024-02-09,4507,11506,4,7-4507115064
Russia,Soviet Union,BMP-1(P),abandoned,https://i.postimg.cc/FzS3ZqS5/1012-bmp1-dam-aband-27-12-23.jpg,2024-02-09,4507,11507,4,7-4507115074
Russia,Soviet Union,BMP-1(P),abandoned,https://i.postimg.cc/zvSsgNGj/1038-BMP-1-dam-aband-29-01-24.jpg,2024-02-15,4507,11519,4,7-4507115194
Russia,Soviet Union,BMP-1(P),abandoned,https://i.postimg.cc/sg6QKjRk/1019-bmp1-dam-aband-17-02-24.jpg,2024-02-23,4507,11533,4,7-4507115334
Russia,Soviet Union,BMP-1(P),abandoned,https://i.postimg.cc/5ydFvsMj/1000-bmp1-dam-aband-31-08-23.jpg,2024-02-23,4507,11534,4,7-4507115344
Russia,Soviet Union,BMP-1(P),abandoned,https://i.postimg.cc/jSrmtNmQ/1109-bmp1-dam-aband-31-05-23.jpg,2024-02-23,4507,11535,4,7-4507115354
Russia,Soviet Union,BMP-1(P),abandoned,https://i.postimg.cc/Dy7cVj47/1040-BMP-1-P-dam-aband-20-02-24.jpg,2024-02-23,4507,11536,4,7-4507115364
Russia,Soviet Union,BMP-1(P),abandoned,https://i.postimg.cc/G347ST1K/1051-bmp1-dam-aband-19-02-24.jpg,2024-02-23,4507,11537,4,7-4507115374
Russia,Soviet Union,BMP-1(P),abandoned,https://i.postimg.cc/WpxWRpNv/1055-BMP-1-P-aband-21-02-24.jpg,2024-02-23,4507,11538,4,7-4507115384
Russia,Soviet Union,BMP-1(P),abandoned,https://i.postimg.cc/4dXLnycT/1033-bmp1-aband-23-02-24.jpg,2024-02-26,4507,11545,4,7-4507115454
Russia,Soviet Union,BMP-1(P),abandoned,https://i.postimg.cc/YqzWCyyM/1034-bmp1-aband-28-02-24.jpg,2024-02-29,4507,11548,4,7-4507115484
Russia,Soviet Union,BMP-1(P),abandoned,https://i.postimg.cc/NMZ1R91t/1015-BMP-1-P-dam-aband-23-02-24.jpg,2024-02-29,4507,11549,4,7-4507115494
Russia,Soviet Union,BMP-1(P),abandoned,https://i.postimg.cc/1tBHNwJh/1041-BMP-1-P-dam-aband-22-03-24.jpg,2024-04-08,4507,11590,4,7-4507115904
Russia,Soviet Union,BMP-1(P),abandoned,https://i.postimg.cc/9QSTtTXR/1009-BMP-1-P-dam-aband-08-03-24.jpg,2024-04-08,4507,11591,4,7-4507115914
Russia,Soviet Union,BMP-1(P),abandoned,https://i.postimg.cc/tTbs2NKT/1026-bmp1-dam-aband-08-03-24.jpg,2024-04-08,4507,11592,4,7-4507115924
Russia,Soviet Union,BMP-1(P),abandoned,https://i.postimg.cc/8CR5Jr7V/1049-bmp1-dam-aband-19-02-24.jpg,2024-04-08,4507,11593,4,7-4507115934
Russia,Soviet Union,BMP-1(P),abandoned,https://i.postimg.cc/tCBNRW5Y/1070-BMP-1-P-dam-aband-17-03-24.jpg,2024-04-08,4507,11594,4,7-4507115944
Russia,Soviet Union,BMP-1(P),abandoned,https://i.postimg.cc/hGJffNjZ/1017-BMP-1-P-dam-aband-20-03-24.jpg,2024-04-08,4507,11595,4,7-4507115954
Russia,Soviet Union,BMP-1(P),abandoned,https://i.postimg.cc/LsZ8HfCr/1020-BMP-1-P-dam-aband-20-03-24.jpg,2024-04-08,4507,11596,4,7-4507115964
Russia,Soviet Union,BMP-1(P),abandoned,https://i.postimg.cc/Yq9XYn5X/1032-BMP-1-P-aband-24-03-24.jpg,2024-04-08,4507,11597,4,7-4507115974
Russia,Soviet Union,BMP-1(P),abandoned,https://i.postimg.cc/9039p4dv/1002-bmp1-dam-aband-24-03-24.jpg,2024-04-08,4507,11598,4,7-4507115984
Russia,Soviet Union,BMP-1(P),abandoned,https://i.postimg.cc/zf508LcM/1009-BMP-1-P-dam-aband-30-03-24.jpg,2024-04-08,4507,11599,4,7-4507115994
Russia,Soviet Union,BMP-1(P),abandoned,https://i.postimg.cc/pr7sHqwY/1015-BMP-1-P-dam-aband-27-03-24.jpg,2024-04-08,4507,11600,4,7-4507116004
Russia,Soviet Union,BMP-1(P),abandoned,https://i.postimg.cc/k4BkL9Tr/1056-bmp1-dam-aband-09-04-24.jpg,2024-04-14,4507,11617,4,7-4507116174
Russia,Soviet Union,BMP-1(P),abandoned,https://i.postimg.cc/Y9ZJHVPv/1068-BMP-1-P-dam-aband-10-04-24.jpg,2024-04-14,4507,11618,4,7-4507116184
Russia,Soviet Union,BMP-1(P),abandoned,https://i.postimg.cc/ZKJR2cV9/1042-bmp1-dam-aband-09-01-24.jpg,2024-04-21,4507,11630,4,7-4507116304
Russia,Soviet Union,BMP-1(P),abandoned,https://i.postimg.cc/mgrbQvvL/1019-bmp1-dam-aband-21-04-24.jpg,2024-04-24,4507,11639,4,7-4507116394
Russia,Soviet Union,BMP-1(P),abandoned,https://i.postimg.cc/T3Yx3rh0/1059-bmp1-aband-31-03-24.jpg,2024-05-02,4507,11644,4,7-4507116444
Russia,Soviet Union,BMP-1(P),abandoned,https://i.postimg.cc/SxN0dnDk/1104-bmp1-aband-18-06-23.jpg,2024-05-04,4507,11648,4,7-4507116484
Russia,Soviet Union,BMP-1(P),abandoned,https://i.postimg.cc/J7X8f1Y5/1084-bmp1-dam-aband-06-04-24.jpg,2024-05-09,4507,11654,4,7-4507116544
Russia,Soviet Union,BMP-1(P),abandoned,https://i.postimg.cc/3N2HmB0c/1085-bmp1-dam-aband-06-04-24.jpg,2024-05-09,4507,11655,4,7-4507116554
Russia,Soviet Union,BMP-1(P),abandoned,https://i.postimg.cc/6pWN4CWM/1090-bmp1-dam-aband-24-03-24.jpg,2024-05-09,4507,11656,4,7-4507116564
Russia,Soviet Union,BMP-1(P),abandoned,https://i.postimg.cc/s2kcrp7x/1033-bmp1-dam-aband-09-08-22.jpg,2024-05-15,4507,11662,4,7-4507116624
Russia,Soviet Union,BMP-1(P),abandoned,https://i.postimg.cc/CxVvf0vT/1026-bmp1-dam-aband-17-05-24.jpg,2024-05-24,4507,11666,4,7-4507116664
Russia,Soviet Union,BMP-1(P),abandoned,https://i.postimg.cc/bwCqn9TG/1057-BMP-1-P-aband-30-05-24.jpg,2024-06-06,4507,11675,4,7-4507116754
Russia,Soviet Union,BMP-1(P),abandoned,https://i.postimg.cc/Z5bjx4hv/1055-bmp1-dam-aband-09-06-24.jpg,2024-06-11,4507,11681,4,7-4507116814
Russia,Soviet Union,BMP-1(P),abandoned,https://i.postimg.cc/jj8RGD8T/1007-bmp1-dam-aband-24-06-24.jpg,2024-06-30,4507,11690,4,7-4507116904
Russia,Soviet Union,BMP-1(P),abandoned,https://i.postimg.cc/8PM6hLYp/1004-bmp1-aband-08-07-24.jpg,2024-07-15,4507,11700,4,7-4507117004
Russia,Soviet Union,BMP-1(P),abandoned,https://i.postimg.cc/rst82C4K/1005-bmp1-dam-aband-08-07-24.jpg,2024-07-15,4507,11701,4,7-4507117014
Russia,Soviet Union,BMP-1(P),abandoned,https://i.postimg.cc/MZcRpCbj/1006-bmp1-dam-aband-08-07-24.jpg,2024-07-15,4507,11702,4,7-4507117024
Russia,Soviet Union,BMP-1(P),abandoned,https://i.postimg.cc/Z5JFZqtt/1008-bmp1-dam-aband-23-09-24.jpg,2024-09-25,4507,11743,4,7-4507117434
Russia,Soviet Union,BMP-1(P),abandoned,https://i.postimg.cc/SsXHNw9q/1018-BMP-1-P-dam-aband-09-10-24.jpg,2024-10-22,4507,11760,4,7-4507117604
Russia,Soviet Union,BMP-1(P),abandoned,https://i.postimg.cc/HkCjT4Pp/1001-BMP-1-P-dam-aband-02-11-24.jpg,2024-11-14,4507,11771,4,7-4507117714
Russia,Russia,BMP-1AM,abandoned,https://i.postimg.cc/0Nbx8HDv/dc.jpg,2022-05-08,4508,11772,4,7-4508117724
Russia,Russia,BMP-1AM,abandoned,https://i.postimg.cc/j5fbfwMk/d4.jpg,2022-05-08,4508,11773,4,7-4508117734
Russia,Russia,BMP-1AM,abandoned,https://i.postimg.cc/SQrpTVVm/548.png,2022-05-29,4508,11778,4,7-4508117784
Russia,Russia,BMP-1AM,abandoned,https://twitter.com/UAWeapons/status/1628467332648411137,2023-02-23,4508,11800,4,7-4508118004
Russia,Russia,BMP-1AM,abandoned,https://i.postimg.cc/2SNYFz2v/1023-BMP-1-P-dam-aband-15-08-23.jpg,2023-08-24,4508,11810,4,7-4508118104
Russia,Russia,BMP-1AM,abandoned,https://i.postimg.cc/3rnkfHx6/548.png,2023-09-14,4508,11813,4,7-4508118134
Russia,Russia,BMP-1AM,abandoned,https://twitter.com/Danspiun/status/1724039908635849028,2023-11-14,4508,11815,4,7-4508118154
Russia,Russia,BMP-1AM,abandoned,https://i.postimg.cc/wx5Vnw3G/1052-bmp1am-dam-aband-12-10-23.jpg,2023-12-13,4508,11820,4,7-4508118204
Russia,Russia,BMP-1AM,abandoned,https://i.postimg.cc/mDqnf5Lr/1022-BMP-1-AM-aband-30-01-24.jpg,2024-02-09,4508,11824,4,7-4508118244
Russia,Russia,BMP-1AM,abandoned,https://i.postimg.cc/mg5gCBMn/1029-bmp1am-dam-aband-05-03-24.jpg,2024-04-08,4508,11830,4,7-4508118304
Russia,Soviet Union,BMP-1Khs,abandoned,https://i.postimg.cc/6qdwks4D/n7.jpg,2022-03-19,4509,11834,4,7-4509118344
Russia,Soviet Union,BMP-2,abandoned,https://i.postimg.cc/vBy9TRg0/77699.png,2022-03-19,4511,11883,4,7-4511118834
Russia,Soviet Union,BMP-2,abandoned,https://i.postimg.cc/XYyYKfsy/Screenshot-8236.png,2022-03-19,4511,11884,4,7-4511118844
Russia,Soviet Union,BMP-2,abandoned,https://i.postimg.cc/2jX5hmCS/u1.jpg,2022-03-19,4511,11885,4,7-4511118854
Russia,Soviet Union,BMP-2,abandoned,https://i.postimg.cc/5NY2mGtq/u2.jpg,2022-03-19,4511,11886,4,7-4511118864
Russia,Soviet Union,BMP-2,abandoned,https://i.postimg.cc/BQzv1YB0/Screenshot-8238.png,2022-03-19,4511,11887,4,7-4511118874
Russia,Soviet Union,BMP-2,abandoned,https://i.postimg.cc/tJM8dQNL/h77.png,2022-03-19,4511,11888,4,7-4511118884
Russia,Soviet Union,BMP-2,abandoned,https://i.postimg.cc/zBg2tRx0/436.png,2022-03-19,4511,11889,4,7-4511118894
Russia,Soviet Union,BMP-2,abandoned,https://i.postimg.cc/MGgQyPNn/ff22.png,2022-03-19,4511,11890,4,7-4511118904
Russia,Soviet Union,BMP-2,abandoned,https://i.postimg.cc/DwqTZzsJ/aa5.jpg,2022-03-19,4511,11891,4,7-4511118914
Russia,Soviet Union,BMP-2,abandoned,https://i.postimg.cc/15MCpgJd/3r5.png,2022-03-19,4511,11892,4,7-4511118924
Russia,Soviet Union,BMP-2,abandoned,https://i.postimg.cc/qR49PRwf/5540.jpg,2022-03-19,4511,11893,4,7-4511118934
Russia,Soviet Union,BMP-2,abandoned,https://i.postimg.cc/RZVFPVYR/465.png,2022-03-19,4511,11894,4,7-4511118944
Russia,Soviet Union,BMP-2,abandoned,https://i.postimg.cc/rF84w7J1/fsl.png,2022-03-19,4511,11896,4,7-4511118964
Russia,Soviet Union,BMP-2,abandoned,https://i.postimg.cc/gkfPzLKt/65.png,2022-03-29,4511,11946,4,7-4511119464
Russia,Soviet Union,BMP-2,abandoned,https://i.postimg.cc/W342ytqB/bmp2aban.png,2022-04-06,4511,11989,4,7-4511119894
Russia,Soviet Union,BMP-2,abandoned,https://i.postimg.cc/T16zGXFS/ab1.png,2022-04-18,4511,12033,4,7-4511120334
Russia,Soviet Union,BMP-2,abandoned,https://i.postimg.cc/7hwWdnTr/ab10.png,2022-04-18,4511,12034,4,7-4511120344
Russia,Soviet Union,BMP-2,abandoned,https://i.postimg.cc/RFcYgDhT/ab11.png,2022-04-18,4511,12035,4,7-4511120354
Russia,Soviet Union,BMP-2,abandoned,https://i.postimg.cc/Jzn9RxY1/ab2.png,2022-04-18,4511,12036,4,7-4511120364
Russia,Soviet Union,BMP-2,abandoned,https://i.postimg.cc/j5V9Qbx5/ab9.png,2022-04-18,4511,12037,4,7-4511120374
Russia,Soviet Union,BMP-2,abandoned,https://i.postimg.cc/MGTLkhhC/655.jpg,2022-04-24,4511,12048,4,7-4511120484
Russia,Soviet Union,BMP-2,abandoned,https://postlmg.cc/XXqxFmgP,2022-05-01,4511,12062,4,7-4511120624
Russia,Soviet Union,BMP-2,abandoned,https://i.postimg.cc/DznHJRJz/r2.jpg,2022-05-01,4511,12063,4,7-4511120634
Russia,Soviet Union,BMP-2,abandoned,https://i.postimg.cc/4d30wt1k/r1.jpg,2022-05-01,4511,12064,4,7-4511120644
Russia,Soviet Union,BMP-2,abandoned,https://i.postimg.cc/MHv6Bc4t/366.jpg,2022-05-01,4511,12059,4,7-4511120594
Russia,Soviet Union,BMP-2,abandoned,https://i.postimg.cc/yYm1frDk/54.jpg,2022-05-08,4511,12088,4,7-4511120884
Russia,Soviet Union,BMP-2,abandoned,https://i.postimg.cc/4N5xtm9S/b1.jpg,2022-05-26,4511,12110,4,7-4511121104
Russia,Russia,BMP-2 675-sb3KDZ,abandoned,https://i.postimg.cc/C1NZgPmR/4453.png,2023-09-12,4512,12120,4,7-4512121204
Russia,Russia,BMP-2 675-sb3KDZ,abandoned,https://twitter.com/Danspiun/status/1732390628149907536,2023-12-08,4512,12128,4,7-4512121284
Russia,Russia,BMP-2 675-sb3KDZ,abandoned,https://i.postimg.cc/bvy9cHZr/1007-BMP-2-675-SB3-KDZ-dam-aband-21-12-23.jpg,2024-01-30,4512,12139,4,7-4512121394
Russia,Russia,BMP-2 675-sb3KDZ,abandoned,https://i.postimg.cc/MZf7qcFP/1013-BMP-2-675-SB3-KDZ-dam-aband-27-12-23.jpg,2024-02-09,4512,12142,4,7-4512121424
Russia,Russia,BMP-2 675-sb3KDZ,abandoned,https://i.postimg.cc/TY8rwd8R/1017-BMP-2-675-SB3-KDZ-dam-aband-27-12-23.jpg,2024-02-09,4512,12143,4,7-4512121434
Russia,Russia,BMP-2 675-sb3KDZ,abandoned,https://i.postimg.cc/bv05S8Pf/1024-BMP-2-675-SB3-KDZ-dam-aband-17-02-24.jpg,2024-02-18,4512,12146,4,7-4512121464
Russia,Russia,BMP-2 675-sb3KDZ,abandoned,https://i.postimg.cc/SNHL5tSr/1055-BMP-2-675-sb3-KDZ-dam-aband-09-03-24.jpg,2024-04-08,4512,12180,4,7-4512121804
Russia,Russia,BMP-2 675-sb3KDZ,abandoned,https://i.postimg.cc/x1WJb2gL/1039-BMP-2-675-SB3-KDZ-dam-aband-09-03-24.jpg,2024-04-08,4512,12181,4,7-4512121814
Russia,Russia,BMP-2 675-sb3KDZ,abandoned,https://i.postimg.cc/kGMCttsM/1036-BMP-2-675-SB3-KDZ-dam-aband-25-02-24.jpg,2024-04-08,4512,12182,4,7-4512121824
Russia,Russia,BMP-2 675-sb3KDZ,abandoned,https://i.postimg.cc/gkST7FyF/1003-BMP-2-675-SB3-KDZ-dam-aband-21-03-24.jpg,2024-04-08,4512,12183,4,7-4512121834
Russia,Russia,BMP-2 675-sb3KDZ,abandoned,https://i.postimg.cc/cLLmghSN/1020-BMP-2-675-SB3-KDZ-dam-aband-28-03-24.jpg,2024-04-08,4512,12184,4,7-4512121844
Russia,Russia,BMP-2 675-sb3KDZ,abandoned,https://i.postimg.cc/gjMZQ0zZ/1024-BMP-2-SB3-KDZ-dam-aband-21-01-24.jpg,2024-04-11,4512,12196,4,7-4512121964
Russia,Russia,BMP-2 675-sb3KDZ,abandoned,https://i.postimg.cc/5t9sByJ4/1113-BMP-2-SB3-KDZ-dam-aband-13-04-24.jpg,2024-04-26,4512,12201,4,7-4512122014
Russia,Russia,BMP-2 675-sb3KDZ,abandoned,https://i.postimg.cc/mgxJXKwX/1031-BMP-2-SB3-KDZ-dam-aband-24-04-24.jpg,2024-04-27,4512,12202,4,7-4512122024
Russia,Russia,BMP-2 675-sb3KDZ,abandoned,https://i.postimg.cc/MpvBN31J/1056-BMP-2-675-sb3-KDZ-dam-aband-29-04-24.jpg,2024-05-02,4512,12205,4,7-4512122054
Russia,Russia,BMP-2 675-sb3KDZ,abandoned,https://i.postimg.cc/c4YKQHk7/1044-BMP-2-675-sb3-KDZ-dam-aband-04-06-24.jpg,2024-06-06,4512,12220,4,7-4512122204
Russia,Russia,BMP-2 675-sb3KDZ,abandoned,https://i.postimg.cc/Jnz5jqVw/1017-BMP-2-675-sb3-KDZ-dam-aband-07-06-24.jpg,2024-06-11,4512,12222,4,7-4512122224
Russia,Russia,BMP-2 675-sb3KDZ,abandoned,https://i.postimg.cc/VvzCR4qt/1012-BMP-2-675-sb3-KDZ-dam-aband-15-05-24.jpg,2024-07-03,4512,12240,4,7-4512122404
Russia,Russia,BMP-2 675-sb3KDZ,abandoned,https://i.postimg.cc/T2KR65tL/1002-BMP-2-675-sb3-KDZ-dam-aband-04-06-24.jpg,2024-07-06,4512,12241,4,7-4512122414
Russia,Russia,BMP-2 675-sb3KDZ,abandoned,https://i.postimg.cc/vTJHQrYC/1057-BMP-2-675-sb3-KDZ-dam-aband-05-07-24.jpg,2024-07-09,4512,12242,4,7-4512122424
Russia,Russia,BMP-2 675-sb3KDZ,abandoned,https://i.postimg.cc/HsPkD6cK/1046-BMP-2-675-sb3-KDZ-aband-16-07-24.jpg,2024-07-18,4512,12248,4,7-4512122484
Russia,Russia,BMP-2 675-sb3KDZ,abandoned,https://i.postimg.cc/JnWhYtDz/1049-BMP-2-675-sb3-KDZ-aband-16-07-24.jpg,2024-07-18,4512,12249,4,7-4512122494
Russia,Russia,BMP-2 675-sb3KDZ,abandoned,https://i.postimg.cc/sgHWG74g/1034-BMP-2-675-sb3-KDZ-dam-aband-18-07-24.jpg,2024-07-21,4512,12254,4,7-4512122544
Russia,Russia,BMP-2 675-sb3KDZ,abandoned,https://i.postimg.cc/3JLG9s3H/1020-BMP-2-675-sb3-KDZ-dam-aband-28-07-24.jpg,2024-08-03,4512,12265,4,7-4512122654
Russia,Russia,BMP-2 675-sb3KDZ,abandoned,https://i.postimg.cc/tg9x5QTF/1075-BMP-2-675-sb3-KDZ-dam-aband-30-07-24.jpg,2024-08-16,4512,12280,4,7-4512122804
Russia,Russia,BMP-2 675-sb3KDZ,abandoned,https://i.postimg.cc/pVhV7dVV/1026-BMP-2-675-sb3-KDZ-dam-aband-31-08-24.jpg,2024-09-03,4512,12287,4,7-4512122874
Russia,Russia,BMP-2 675-sb3KDZ,abandoned,https://i.postimg.cc/FzpBjMMM/1004-BMP-2-675-sb3-KDZ-dam-aband-20-09-24.jpg,2024-09-21,4512,12302,4,7-4512123024
Russia,Russia,BMP-2 675-sb3KDZ,abandoned,https://i.postimg.cc/8crMXsPt/1033-BMP-2-675-sb3-KDZ-dam-aband-26-09-24.jpg,2024-09-29,4512,12319,4,7-4512123194
Russia,Russia,BMP-2 675-sb3KDZ,abandoned,https://i.postimg.cc/QtzcqcsF/1048-BMP-2-675-sb3-KDZ-dam-aband-27-09-24.jpg,2024-09-29,4512,12320,4,7-4512123204
Russia,Russia,BMP-2 675-sb3KDZ,abandoned,https://i.postimg.cc/K8qqVxqf/1267-BMP-2-675-sb3-KDZ-aband-20-10-24.jpg,2024-10-22,4512,12332,4,7-4512123324
Russia,Russia,BMP-2 675-sb3KDZ,abandoned,https://i.postimg.cc/kgXYfBcD/1268-BMP-2-675-sb3-KDZ-dam-aband-20-10-24.jpg,2024-10-22,4512,12333,4,7-4512123334
Russia,Russia,BMP-2 675-sb3KDZ,abandoned,https://i.postimg.cc/j2ty5ymh/1320-BMP-2-675-sb3-KDZ-dam-aband-20-10-24.jpg,2024-10-23,4512,12334,4,7-4512123344
Russia,Russia,BMP-2 675-sb3KDZ,abandoned,https://i.postimg.cc/3rbkFLhv/1332-BMP-2-675-sb3-KDZ-dam-aband-20-10-24.jpg,2024-11-06,4512,12346,4,7-4512123464
Russia,Russia,BMP-2 675-sb3KDZ,abandoned,https://i.postimg.cc/02zcYf2p/1043-BMP-2-675-sb3-KDZ-dam-aband-29-10-24.jpg,2024-11-14,4512,12359,4,7-4512123594
Russia,Soviet Union,BMP-2(K),abandoned,https://i.postimg.cc/vmzFcYFS/4311.png,2022-06-07,4513,12366,4,7-4513123664
Russia,Soviet Union,BMP-2(K),abandoned,https://i.postimg.cc/MGjDbM6t/abanbmp2.jpg,2022-06-29,4513,12377,4,7-4513123774
Russia,Soviet Union,BMP-2(K),abandoned,https://i.postimg.cc/QxwSBJsV/bmp.jpg,2022-06-29,4513,12378,4,7-4513123784
Russia,Soviet Union,BMP-2(K),abandoned,https://twitter.com/UAWeapons/status/1536726507061751808,2022-06-30,4513,12382,4,7-4513123824
Russia,Soviet Union,BMP-2(K),abandoned,https://i.postimg.cc/G38ZY9w0/1003-bmp2-damaged-abandoned.jpg,2022-08-04,4513,12415,4,7-4513124154
Russia,Soviet Union,BMP-2(K),abandoned,https://i.postimg.cc/G2kXxmxm/1017-bmp2.jpg,2022-08-18,4513,12432,4,7-4513124324
Russia,Soviet Union,BMP-2(K),abandoned,https://i.postimg.cc/0yhrvYcw/1031-bmp2.jpg,2022-08-22,4513,12464,4,7-4513124644
Russia,Soviet Union,BMP-2K,abandoned,https://i.postimg.cc/jSVTtfWY/aa4.jpg,2022-03-19,4514,12580,4,7-4514125804
Russia,Russia,BMP-2M Berezhok,abandoned,https://i.postimg.cc/L8Pz5wyS/1005-bmp2m-dam-aband-14-12-23.jpg,2024-01-09,4516,12593,4,7-4516125934
Russia,Russia,BMP-2M Berezhok,abandoned,https://i.postimg.cc/j58yHrJc/1001-bmp2m-dam-aband-17-03-24.jpg,2024-04-08,4516,12598,4,7-4516125984
Russia,Russia,BMP-2M Berezhok,abandoned,https://i.postimg.cc/k46CSrFK/1041-BMP-2-M-Berezhok-aband-27-05-24.jpg,2024-05-31,4516,12602,4,7-4516126024
Russia,Russia,BMP-2M Berezhok,abandoned,https://i.postimg.cc/kg9W7GGf/1100-bmp2m-dam-aband-28-12-23.jpg,2024-07-15,4516,12603,4,7-4516126034
Russia,Russia,BMP-3,abandoned,https://i.postimg.cc/B66JMmRq/g55.jpg,2022-03-19,4517,12627,4,7-4517126274
Russia,Russia,BMP-3,abandoned,https://i.postimg.cc/4yK9s6df/76.jpg,2022-05-14,4517,12705,4,7-4517127054
Russia,Russia,BMP-3,abandoned,https://i.postimg.cc/Y06k5PbX/1062-bmp3.jpg,2022-08-22,4517,12756,4,7-4517127564
Russia,Russia,BMP-3,abandoned,https://i.postimg.cc/8PbNwqFc/1063-bmp3.jpg,2022-08-22,4517,12757,4,7-4517127574
Russia,Russia,BMP-3,abandoned,https://i.postimg.cc/sfY8r74h/1001-bmp3-aband.png,2022-09-09,4517,12766,4,7-4517127664
Russia,Russia,BMP-3,abandoned,https://twitter.com/UAWeapons/status/1577310511212920834,2022-10-05,4517,416,4,7-45174164
Russia,Russia,BMP-3,abandoned,https://i.postimg.cc/QM9zTHYN/1024-bmp3-and-btr82a-dam-aband.jpg,2022-12-11,4517,6307,4,7-451763074
Russia,Russia,BMP-3,abandoned,https://i.postimg.cc/NMWX9DZ8/1001-bmp3-dam-aband-21-01-23.jpg,2023-01-24,4517,12847,4,7-4517128474
Russia,Russia,BMP-3,abandoned,https://i.postimg.cc/43vfXdwf/1007-1x-unkn-tank-destr-4x-bmp3-aband-22-01-23.jpg,2023-01-24,4517,3425,4,7-451734254
Russia,Russia,BMP-3,abandoned,https://i.postimg.cc/PxbvdbsN/1019-bmp3-dam-aband-24-01-23.jpg,2023-01-30,4517,12850,4,7-4517128504
Russia,Russia,BMP-3,abandoned,https://i.postimg.cc/JzRKzTQN/1013-bmp3-dam-aband-05-02-23.jpg,2023-02-12,4517,12859,4,7-4517128594
Russia,Russia,BMP-3,abandoned,https://i.postimg.cc/KvfBJmnT/1037-bmp3-dam-aband-05-02-23.jpg,2023-02-12,4517,12860,4,7-4517128604
Russia,Russia,BMP-3,abandoned,https://i.postimg.cc/NF7mhcSW/1038-bmp3-dad-aband-06-02-23.jpg,2023-02-12,4517,12861,4,7-4517128614
Russia,Russia,BMP-3,abandoned,https://i.postimg.cc/zvW2tVvv/1000-2x-T-72b3-1x-t72-2x-bmp3-2x-btr82-dan-aband-1x-bmp3-destr-24-01-23.jpg,2023-02-15,4517,5133,4,7-451751334
Russia,Russia,BMP-3,abandoned,https://i.postimg.cc/sgM7gJPw/1001-bmp3-and-t-80bv-dam-aband-06-02-23.jpg,2023-02-23,4517,4556,4,7-451745564
Russia,Russia,BMP-3,abandoned,https://i.postimg.cc/kg6FGpRK/1028-bmp3-aband-24-02-23.jpg,2023-02-27,4517,12867,4,7-4517128674
Russia,Russia,BMP-3,abandoned,https://i.postimg.cc/vmXsPW9n/1028-bmp3-dam-aband-02-03-23.jpg,2023-03-04,4517,12872,4,7-4517128724
Russia,Russia,BMP-3,abandoned,https://i.postimg.cc/QCTHH3jq/66580.jpg,2023-03-29,4517,12882,4,7-4517128824
Russia,Russia,BMP-3,abandoned,https://i.postimg.cc/2SVWqRn3/88j.png,2023-04-17,4517,12887,4,7-4517128874
Russia,Russia,BMP-3,abandoned,https://twitter.com/UAWeapons/status/1652390786841935872,2023-05-02,4517,12893,4,7-4517128934
Russia,Russia,BMP-3,abandoned,https://i.postimg.cc/YC6dqCSH/1011-bmp3-dam-aband-03-08-23.jpg,2023-08-06,4517,12922,4,7-4517129224
Russia,Russia,BMP-3,abandoned,https://i.postimg.cc/Kcs8DJ6Q/1035-bmp3-dam-aband-10-08-23.jpg,2023-08-12,4517,12925,4,7-4517129254
Russia,Russia,BMP-3,abandoned,https://i.postimg.cc/xC55Jjf7/1045-bmp3-dam-aband-17-08-23.jpg,2023-08-21,4517,12930,4,7-4517129304
Russia,Russia,BMP-3,abandoned,https://i.postimg.cc/gJ32txyc/1041-BMP-3-dam-aband-06-11-23.jpg,2023-11-10,4517,12958,4,7-4517129584
Russia,Russia,BMP-3,abandoned,https://twitter.com/Danspiun/status/1732470404894060709,2023-12-07,4517,11430,4,7-4517114304
Russia,Russia,BMP-3,abandoned,https://twitter.com/Danspiun/status/1732745197669228736,2023-12-08,4517,12967,4,7-4517129674
Russia,Russia,BMP-3,abandoned,https://i.postimg.cc/d1fPQpvM/1061-1x-bmp3-2x-bmp2-dam-aband-14-12-23.jpg,2023-12-17,4517,747,4,7-45177474
Russia,Russia,BMP-3,abandoned,https://i.postimg.cc/NFWv1C8Y/1010-2x-bmp3-1x-destr-1x-dam-aband-08-01-23.jpg,2024-01-10,4517,12981,4,7-4517129814
Russia,Russia,BMP-3,abandoned,https://i.postimg.cc/J4CTYt9z/1043-bmp3-dam-aband-11-01-24.jpg,2024-01-19,4517,12983,4,7-4517129834
Russia,Russia,BMP-3,abandoned,https://i.postimg.cc/gcVXfnn3/1043-bmp3-dam-aband-17-01-24.jpg,2024-01-21,4517,12986,4,7-4517129864
Russia,Russia,BMP-3,abandoned,https://i.postimg.cc/J4Kyzv3n/1047-bmp3-dam-aband-04-01-24.jpg,2024-01-21,4517,12987,4,7-4517129874
Russia,Russia,BMP-3,abandoned,https://i.postimg.cc/cLSR71v6/1069-2x-unkn-tank-1x-bmp3-1x-mtlb-aband-1x-mtlb-dam-aband-23-01-24.jpg,2024-01-24,4517,5498,4,7-451754984
Russia,Russia,BMP-3,abandoned,https://i.postimg.cc/NMX6525S/1001-BMP-3-aband-24-01-24.jpg,2024-01-27,4517,12990,4,7-4517129904
Russia,Russia,BMP-3,abandoned,https://i.postimg.cc/gJwRmMmz/1032-2x-bmp3-dam-aband-25-01-24.jpg,2024-01-30,4517,12991,4,7-4517129914
Russia,Russia,BMP-3,abandoned,https://i.postimg.cc/DfbhZFMJ/1043-bmp3-dam-aband-17-02-24.jpg,2024-02-21,4517,12999,4,7-4517129994
Russia,Russia,BMP-3,abandoned,https://i.postimg.cc/Y0zfGgZc/1047-BMP-3-dam-aband-18-02-24.jpg,2024-02-23,4517,13001,4,7-4517130014
Russia,Russia,BMP-3,abandoned,https://i.postimg.cc/1zrMxSj7/1046-2x-bmp3-aband-24-02-24.jpg,2024-02-26,4517,13005,4,7-4517130054
Russia,Russia,BMP-3,abandoned,https://i.postimg.cc/CMD8WKGZ/1038-bmp3-dam-aband-27-02-24.jpg,2024-02-29,4517,13012,4,7-4517130124
Russia,Russia,BMP-3,abandoned,https://i.postimg.cc/qvm686TF/1027-bmp3-aband-28-02-24.jpg,2024-02-29,4517,13013,4,7-4517130134
Russia,Russia,BMP-3,abandoned,https://i.postimg.cc/Wbd1myd8/1079-BMP-3-dam-aband-17-02-24.jpg,2024-04-08,4517,13031,4,7-4517130314
Russia,Russia,BMP-3,abandoned,https://i.postimg.cc/3wTrTJnf/1078-BMP-3-dam-aband-17-02-24.jpg,2024-04-08,4517,13032,4,7-4517130324
Russia,Russia,BMP-3,abandoned,https://i.postimg.cc/g0mDBJWm/1304-BMP-3-dam-aband-17-02-24.jpg,2024-04-08,4517,13033,4,7-4517130334
Russia,Russia,BMP-3,abandoned,https://i.postimg.cc/9MpcYMk7/1010-BMP-3-dam-aband-02-04-24.jpg,2024-04-08,4517,13034,4,7-4517130344
Russia,Russia,BMP-3,abandoned,https://i.postimg.cc/2SsjzgvV/1013-BMP-3-dam-aband-02-04-24.jpg,2024-04-08,4517,13035,4,7-4517130354
Russia,Russia,BMP-3,abandoned,https://i.postimg.cc/pVJNd0mP/1028-BMP-3-dam-aband-06-04-24.jpg,2024-04-24,4517,13043,4,7-4517130434
Russia,Russia,BMP-3,abandoned,https://i.postimg.cc/KjFdNTHX/1015-BMP-3-dam-aband-17-04-24.jpg,2024-04-24,4517,13044,4,7-4517130444
Russia,Russia,BMP-3,abandoned,https://i.postimg.cc/W1MKQSY2/1027-BMP-3-dam-aband-17-04-24.jpg,2024-04-27,4517,13046,4,7-4517130464
Russia,Russia,BMP-3,abandoned,https://i.postimg.cc/W4LZYHhm/1036-BMP-3-aband-03-05-24.jpg,2024-05-04,4517,13049,4,7-4517130494
Russia,Russia,BMP-3,abandoned,https://i.postimg.cc/HLxGXG43/1034-bmp3-dam-aband-27-05-24.jpg,2024-05-31,4517,13056,4,7-4517130564
Russia,Russia,BMP-3,abandoned,https://i.postimg.cc/mZ0hvML2/1049-BMP-3-dam-aband-14-06-24.jpg,2024-06-18,4517,13064,4,7-4517130644
Russia,Russia,BMP-3,abandoned,https://i.postimg.cc/jd9gkt61/1050-bmp3-aband-20-06-24.jpg,2024-06-30,4517,13068,4,7-4517130684
Russia,Russia,BMP-3,abandoned,https://i.postimg.cc/ZqVs0Wbc/1064-bmp3-aband-25-07-24.jpg,2024-07-31,4517,13081,4,7-4517130814
Russia,Russia,BMP-3,abandoned,https://i.postimg.cc/c1DRtS7T/1051-BMP-3-dam-aband-16-09-24.jpg,2024-09-20,4517,13098,4,7-4517130984
Russia,Russia,BMP-3,abandoned,https://i.postimg.cc/BnrYfy9P/1000-BMP-3-aband-30-09-24.jpg,2024-10-06,4517,13109,4,7-4517131094
Russia,Russia,BMP-3,abandoned,https://i.postimg.cc/vm6SJC6V/1252-BMP-3-aband-18-10-24.jpg,2024-10-22,4517,13124,4,7-4517131244
Russia,Russia,BMP-3,abandoned,https://i.postimg.cc/G2R1fyJw/1047-BMP-3-aband-15-10-24.jpg,2024-11-06,4517,13133,4,7-4517131334
Russia,Russia,BMP-3 688A-sb6-2KP,abandoned,https://i.postimg.cc/1zgtCRc7/1004-BMP-3-688-A-sb6-2-KP-dam-aband-09-05-24.jpg,2024-05-12,4518,13143,4,7-4518131434
Russia,Russia,BMP-3 688A-sb6-2KP,abandoned,https://i.postimg.cc/FRZY5W6Y/1013-BMP-3-688-A-sb6-2-KP-dam-aband-14-05-24.jpg,2024-05-18,4518,13147,4,7-4518131474
Russia,Russia,BMP-3 688M sb. 3KDZ,abandoned,https://i.postimg.cc/xjMSj5NC/1300-bmp3-dad-aband-06-02-23.jpg,2023-05-24,4519,13153,4,7-4519131534
Russia,Russia,BMP-3 688M sb. 3KDZ,abandoned,https://i.postimg.cc/rpbqN2hC/1302-bmp3-uparmored-damaged-and-abandoned-24-01-23.jpg,2023-05-24,4519,13154,4,7-4519131544
Russia,Russia,BMP-3 688M sb. 3KDZ,abandoned,https://i.postimg.cc/YCKXHWMR/1014-bmp3m688-dam-aband-04-08-23.jpg,2023-08-06,4519,13162,4,7-4519131624
Russia,Russia,BMP-3 688M sb. 3KDZ,abandoned,https://i.postimg.cc/qRprBHqz/1009-BMP-3-688-M-sb-3-KDZ-dam-aband-24-12-23.jpg,2024-01-09,4519,13165,4,7-4519131654
Russia,Russia,BMP-3 688M sb. 3KDZ,abandoned,https://i.postimg.cc/k5Q9dgn0/1010-BMP-3-688-M-sb-3-KDZ-dam-aband-24-12-23.jpg,2024-01-09,4519,13166,4,7-4519131664
Russia,Russia,BMP-3 688M sb. 3KDZ,abandoned,https://i.postimg.cc/XqdCyprt/1031-BMP-3-688-M-SB3-KDZ-dam-aband-21-01-24.jpg,2024-01-30,4519,13168,4,7-4519131684
Russia,Russia,BMP-3 688M sb. 3KDZ,abandoned,https://i.postimg.cc/dVBSt1sp/1036-BMP-3-688-M-SB3-KDZ-dam-aband-29-01-24.jpg,2024-02-09,4519,13170,4,7-4519131704
Russia,Russia,BMP-3 688M sb. 3KDZ,abandoned,https://i.postimg.cc/j2bV22t2/1029-BMP-3-688-M-SB3-KDZ-aband-14-02-24.jpg,2024-02-15,4519,13171,4,7-4519131714
Russia,Russia,BMP-3 688M sb. 3KDZ,abandoned,https://i.postimg.cc/GhRymgQ5/1004-BMP-3-688-M-SB3-KDZ-dam-aband-16-02-24.jpg,2024-02-23,4519,13172,4,7-4519131724
Russia,Russia,BMP-3 688M sb. 3KDZ,abandoned,https://i.postimg.cc/T15TmXz8/1036-BMP-3-688-M-SB3-KDZ-dam-aband-01-04-24.jpg,2024-04-08,4519,13199,4,7-4519131994
Russia,Russia,BMP-3 688M sb. 3KDZ,abandoned,https://i.postimg.cc/BnrtbVMk/1027-BMP-3-SB3-KDZ-dam-aband-06-04-24.jpg,2024-04-11,4519,13202,4,7-4519132024
Russia,Russia,BMP-3 688M sb. 3KDZ,abandoned,https://i.postimg.cc/YCZL5FvJ/1041-BMP-3-SB3-KDZ-dam-aband-17-04-24.jpg,2024-04-21,4519,13204,4,7-4519132044
Russia,Soviet Union,BREM-1 armoured recovery vehicle,abandoned,https://i.postimg.cc/J06KWRhW/460.png,2022-03-30,4522,13216,4,7-4522132164
Russia,Soviet Union,BREM-1 armoured recovery vehicle,abandoned,https://i.postimg.cc/TP35M56S/2d.png,2022-05-10,4522,13222,4,7-4522132224
Russia,Soviet Union,BREM-1 armoured recovery vehicle,abandoned,https://i.postimg.cc/yxvxyCTy/54.jpg,2022-06-11,4522,13225,4,7-4522132254
Russia,Soviet Union,BREM-1 armoured recovery vehicle,abandoned,https://i.postimg.cc/ydK0fB0M/336.jpg,2022-06-11,4522,13226,4,7-4522132264
Russia,Soviet Union,BREM-1 armoured recovery vehicle,abandoned,https://i.postimg.cc/LsHhHGmp/1015-brem1-dam-aband-10-10-23.jpg,2023-10-12,4522,13238,4,7-4522132384
Russia,Soviet Union,BREM-1 armoured recovery vehicle,abandoned,https://i.postimg.cc/SKWv4Wbb/1026-t72bobr22022-destr-t72b-brem1-mtlb-aband-31-10-23.jpg,2023-11-02,4522,13242,4,7-4522132424
Russia,Soviet Union,BREM-1 armoured recovery vehicle,abandoned,https://i.postimg.cc/T2Vw72RT/1037-2x-dam-aband-bmp2-1x-brem-1-aband-08-11-23.jpg,2023-11-10,4522,13243,4,7-4522132434
Russia,Soviet Union,BREM-1 armoured recovery vehicle,abandoned,https://i.postimg.cc/rySZ9YNN/1020-brem1-dam-aband-30-01-24.jpg,2024-02-09,4522,13246,4,7-4522132464
Russia,Soviet Union,BREM-1 armoured recovery vehicle,abandoned,https://i.postimg.cc/KzQfrC0R/1049-brem1-dam-aband-07-02-24.jpg,2024-02-09,4522,13247,4,7-4522132474
Russia,Soviet Union,BREM-1 armoured recovery vehicle,abandoned,https://i.postimg.cc/pdQg6dxy/1036-brem1-dam-aband-15-02-24.jpg,2024-02-18,4522,13248,4,7-4522132484
Russia,Soviet Union,BREM-1 armoured recovery vehicle,abandoned,https://i.postimg.cc/MGzyMwW9/1079-1x-aband-1x-dam-aband-BREM-1-18-03-24.jpg,2024-04-08,4522,13254,4,7-4522132544
Russia,Soviet Union,BREM-1 armoured recovery vehicle,abandoned,https://i.postimg.cc/Y0C76NbD/1027-brem1-dam-aband-21-03-24.jpg,2024-04-08,4522,13255,4,7-4522132554
Russia,Soviet Union,BREM-1 armoured recovery vehicle,abandoned,https://i.postimg.cc/VLKTJpdV/1101-brem1-aband-08-05-24.jpg,2024-05-09,4522,13260,4,7-4522132604
Russia,Soviet Union,BREM-1 armoured recovery vehicle,abandoned,https://i.postimg.cc/gjQWvFdL/1067-BREM-1-armoured-recovery-vehicle-aband-16-03-24.jpg,2024-06-11,4522,13267,4,7-4522132674
Russia,Soviet Union,BREM-1 armoured recovery vehicle,abandoned,https://i.postimg.cc/2jKrpvvj/1066-BREM-1-armoured-recovery-vehicle-dam-aband-16-03-24.jpg,2024-06-11,4522,13268,4,7-4522132684
Russia,Soviet Union,BREM-1 armoured recovery vehicle,abandoned,https://i.postimg.cc/7L4VCT9t/1059-BREM-1-armoured-recovery-vehicle-dam-aband-04-09-24.jpg,2024-09-09,4522,13275,4,7-4522132754
Russia,Czech Republic,BREM-Ch ''BREM-4'' armoured recovery vehicle,abandoned,https://i.postimg.cc/NjJtF5qR/4775.png,2022-04-14,4524,13290,4,7-4524132904
Russia,Soviet Union,BTR-50 with BPU-1 turret,abandoned,https://i.postimg.cc/fLT9JW3d/1051-BTR-50-with-BPU-1-turret-aband-02-04-24.jpg,2024-06-09,4528,13308,4,7-4528133084
Russia,Soviet Union,BTR-80,abandoned,https://i.postimg.cc/gcn1yNwd/h6.png,2022-03-19,4532,13334,4,7-4532133344
Russia,Soviet Union,BTR-80,abandoned,https://i.postimg.cc/hGQ71FqT/h7.png,2022-03-19,4532,13335,4,7-4532133354
Russia,Soviet Union,BTR-80,abandoned,https://i.postimg.cc/mrxdHDX8/43134.png,2022-03-19,4532,13336,4,7-4532133364
Russia,Soviet Union,BTR-80,abandoned,https://i.postimg.cc/FRd1GGTm/f22.png,2022-03-19,4532,13337,4,7-4532133374
Russia,Soviet Union,BTR-80,abandoned,https://i.postimg.cc/KjcSwP7f/579.png,2022-03-19,4532,13338,4,7-4532133384
Russia,Soviet Union,BTR-80,abandoned,https://i.postimg.cc/GpM5MThW/36.png,2022-03-26,4532,13331,4,7-4532133314
Russia,Russia,BTR-82A,abandoned,https://i.postimg.cc/j5kxgNCW/g66.jpg,2022-03-19,4533,13433,4,7-4533134334
Russia,Russia,BTR-82A,abandoned,https://i.postimg.cc/J01GbYLL/bb2.png,2022-03-19,4533,13434,4,7-4533134344
Russia,Russia,BTR-82A,abandoned,https://i.postimg.cc/bJDw1Gdq/46.png,2022-03-19,4533,13435,4,7-4533134354
Russia,Russia,BTR-82A,abandoned,https://i.postimg.cc/Kc32fSfv/6658.png,2022-03-19,4533,13436,4,7-4533134364
Russia,Russia,BTR-82A,abandoned,https://i.postimg.cc/25DqyNfS/55448.png,2022-03-19,4533,13437,4,7-4533134374
Russia,Russia,BTR-82A,abandoned,https://i.postimg.cc/pLXYWb0d/49.png,2022-03-19,4533,13438,4,7-4533134384
Russia,Russia,BTR-82A,abandoned,https://i.postimg.cc/d3ZQm1t0/rgg.png,2022-03-19,4533,13439,4,7-4533134394
Russia,Russia,BTR-82A,abandoned,https://i.postimg.cc/MTnD6Msb/45.jpg,2022-03-19,4533,13440,4,7-4533134404
Russia,Russia,BTR-82A,abandoned,https://i.postimg.cc/qMxr03Ry/82a.jpg,2022-04-23,4533,13544,4,7-4533135444
Russia,Russia,BTR-82A,abandoned,https://i.postimg.cc/PxBfYfhk/767.jpg,2022-05-20,4533,12101,4,7-4533121014
Russia,Russia,BTR-82A,abandoned,https://twitter.com/UAWeapons/status/1525936384434913281,2022-05-24,4533,13581,4,7-4533135814
Russia,Russia,BTR-82A(M),abandoned,https://i.postimg.cc/1RJVYmjQ/82.png,2022-06-29,4534,13591,4,7-4534135914
Russia,Soviet Union,BTR-D,abandoned,https://i.postimg.cc/W3rVnKRy/x1.jpg,2022-03-19,4535,13635,4,7-4535136354
Russia,Soviet Union,BTR-D,abandoned,https://i.postimg.cc/nzH4n8F8/6659.jpg,2022-03-19,4535,13636,4,7-4535136364
Russia,Soviet Union,BTR-D,abandoned,https://i.postimg.cc/cHHvDd1J/g7.jpg,2022-03-19,4535,13637,4,7-4535136374
Russia,Soviet Union,BTR-D,abandoned,https://i.postimg.cc/Y9V7fHyY/j1.jpg,2022-03-19,4535,13638,4,7-4535136384
Russia,Soviet Union,BTR-D,abandoned,https://i.postimg.cc/Vk3585Qr/547.png,2022-03-19,4535,13639,4,7-4535136394
Russia,Soviet Union,BTR-D,abandoned,https://i.postimg.cc/Dy5GN1B5/jj8.jpg,2022-03-19,4535,13640,4,7-4535136404
Russia,Soviet Union,BTR-D,abandoned,https://i.postimg.cc/P5grPQ3H/4fj.png,2022-03-19,4535,13641,4,7-4535136414
Russia,Soviet Union,BTR-D,abandoned,https://i.postimg.cc/tRtkGhj9/54g.png,2022-03-19,4535,13642,4,7-4535136424
Russia,Soviet Union,BTR-D,abandoned,https://i.postimg.cc/zGYyLF60/38.png,2022-03-26,4535,13657,4,7-4535136574
Russia,Soviet Union,BTR-D,abandoned,https://i.postimg.cc/CL2nNvdT/699.png,2022-03-26,4535,13658,4,7-4535136584
Russia,Soviet Union,BTR-D,abandoned,https://i.postimg.cc/MpyZQtQY/d12.jpg,2022-03-26,4535,13659,4,7-4535136594
Russia,Soviet Union,BTR-D,abandoned,https://postimg.cc/14zY5RHW,2022-04-18,4535,13665,4,7-4535136654
Russia,Soviet Union,BTR-D,abandoned,https://postimg.cc/xXL6FXfd,2022-04-18,4535,13666,4,7-4535136664
Russia,Soviet Union,BTR-D,abandoned,https://i.postimg.cc/VL6fPJrT/1001-BTR-D-aband-08-12-23.jpg,2023-12-17,4535,13711,4,7-4535137114
Russia,Russia,BTR-MDM Rakushka,abandoned,https://i.postimg.cc/8C3Np1Z2/1016-2x-BTR-MDM-Rakushka-aband-08-12-23.jpg,2023-12-10,4538,13743,4,7-4538137434
Russia,Russia,BTR-MDM Rakushka,abandoned,https://i.postimg.cc/YCbFBBSN/1005-BTR-MDM-Rakushka-dam-aband-28-05-24.jpg,2024-06-02,4538,13756,4,7-4538137564
Russia,Soviet Union,BTS-4A armoured recovery vehicle,abandoned,https://i.postimg.cc/8PqH77vz/3327.png,2023-09-08,4541,13768,4,7-4541137684
Russia,Soviet Union,BTS-4A armoured recovery vehicle,abandoned,https://i.postimg.cc/d1y9QMTL/1024-bts4-aband-18-11-23.jpg,2023-12-14,4541,13770,4,7-4541137704
Russia,Soviet Union,BTS-4A armoured recovery vehicle,abandoned,https://i.postimg.cc/fR8kJhtb/1038-bts4a-dam-aband-22-03-24.jpg,2024-04-08,4541,13771,4,7-4541137714
Russia,Soviet Union,BTS-4A armoured recovery vehicle,abandoned,https://i.postimg.cc/mkRq9GY0/1021-bts4a-arv-dam-aband-30-03-24.jpg,2024-05-09,4541,13772,4,7-4541137724
Russia,Russia,GAZ-3308,abandoned,https://postimg.cc/cg7mbbzG,2022-03-19,4551,13830,4,7-4551138304
Russia,Russia,GAZ-3308,abandoned,https://postimg.cc/62xczXYh,2022-03-19,4551,13831,4,7-4551138314
Russia,Russia,GAZ-3308,abandoned,https://i.postimg.cc/wjz9hn1C/361.png,2022-03-19,4551,13832,4,7-4551138324
Russia,Soviet Union,GAZ-66,abandoned,https://i.postimg.cc/8zKhCCjn/317.png,2022-03-19,4553,13845,4,7-4553138454
Russia,Russia,GAZ Sobol,abandoned,https://postimg.cc/87FbS5YH,2022-03-19,4554,13915,4,7-4554139154
Russia,Russia,GAZ Tigr,abandoned,https://i.postimg.cc/mDbvhs6S/n8.png,2022-03-19,4555,13916,4,7-4555139164
Russia,Russia,GAZ Tigr-M,abandoned,https://i.postimg.cc/vZRf920n/t1.jpg,2022-03-19,4556,13945,4,7-4556139454
Russia,Russia,GAZ Tigr-M,abandoned,https://i.postimg.cc/qv8nGcF5/t2.jpg,2022-03-19,4556,13946,4,7-4556139464
Russia,Russia,GAZ Tigr-M,abandoned,https://i.postimg.cc/25GZskrd/t3.jpg,2022-03-19,4556,13947,4,7-4556139474
Russia,Soviet Union,IMR-2 combat engineering vehicle,abandoned,https://i.postimg.cc/gkmWVDpv/336.png,2022-03-19,4559,14041,4,7-4559140414
Russia,Soviet Union,IMR-2 combat engineering vehicle,abandoned,https://i.postimg.cc/Y2Jw09RD/684.png,2022-03-19,4559,14042,4,7-4559140424
Russia,Soviet Union,IMR-2 combat engineering vehicle,abandoned,https://i.postimg.cc/d18bTNg1/4362.png,2022-04-01,4559,14046,4,7-4559140464
Russia,Soviet Union,IMR-2(M) combat engineering vehicle,abandoned,https://i.postimg.cc/w38nDgW5/655.jpg,2022-05-08,4560,14049,4,7-4560140494
Russia,Italy,Iveco LMV 'Rys',abandoned,https://i.postimg.cc/sDCqXTNg/Screenshot-8445.png,2022-03-19,4563,14065,4,7-4563140654
Russia,Italy,Iveco LMV Rys,abandoned,https://i.postimg.cc/zGz7j1NL/43.png,2022-06-09,4564,14077,4,7-4564140774
Russia,Russia,K-53949 Typhoon-K,abandoned,https://i.postimg.cc/N0hp3Q4m/545.jpg,2022-03-19,4567,14107,4,7-4567141074
Russia,Russia,Ka-52 'Alligator' attack helicopter,abandoned,https://postimg.cc/jCmC8Nx5,2022-03-19,4568,14115,4,7-4568141154
Russia,Russia,Ka-52 'Alligator' attack helicopter,abandoned,https://i.postimg.cc/Zqj182jJ/987.png,2022-03-19,4568,14116,4,7-4568141164
Russia,Russia,Ka-52 'Alligator' attack helicopter,abandoned,https://i.postimg.cc/vmtC0wn8/57.png,2022-04-14,4568,14122,4,7-4568141224
Russia,Russia,Ka-52 'Alligator' attack helicopter,abandoned,https://i.postimg.cc/tRxDy5TM/3288.png,2022-04-21,4568,14126,4,7-4568141264
Russia,Russia,KamAZ-63968 'Typhoon',abandoned,https://i.postimg.cc/Kjr4dzfx/t11.jpg,2022-03-19,4577,14227,4,7-4577142274
Russia,Russia,KamAZ-63968 'Typhoon',abandoned,https://i.postimg.cc/brjsCbQm/t12.jpg,2022-03-19,4577,14228,4,7-4577142284
Russia,Russia,KamAZ-63968 Typhoon,abandoned,https://i.postimg.cc/g0gcjCG4/1005-Kam-AZ-63968-Typhoon.jpg,2022-08-04,4578,14240,4,7-4578142404
Russia,Russia,KamAZ 4x4,abandoned,https://i.postimg.cc/65M1yk1T/4245.png,2022-03-19,4579,14262,4,7-4579142624
Russia,Russia,KamAZ 6x6,abandoned,https://i.postimg.cc/GhDp0yzL/tt1.png,2022-03-19,4581,14347,4,7-4581143474
Russia,Russia,KamAZ 6x6,abandoned,https://i.postimg.cc/CK9ZnJrc/Screenshot-8398.png,2022-03-19,4581,14348,4,7-4581143484
Russia,Russia,KamAZ 6x6,abandoned,https://i.postimg.cc/9F0M05Tb/Screenshot-8232.png,2022-03-19,4581,14349,4,7-4581143494
Russia,Russia,KamAZ 6x6,abandoned,https://i.postimg.cc/RFmCkffg/Screenshot-8273.png,2022-03-19,4581,14350,4,7-4581143504
Russia,Russia,KamAZ 6x6,abandoned,https://i.postimg.cc/tCPccYNm/v8.png,2022-03-19,4581,14351,4,7-4581143514
Russia,Russia,KamAZ 6x6,abandoned,https://i.postimg.cc/xTNQw51P/aa1.jpg,2022-03-19,4581,14352,4,7-4581143524
Russia,Russia,KamAZ 6x6,abandoned,https://i.postimg.cc/RC6RYDzZ/Screenshot-8396.png,2022-03-19,4581,14353,4,7-4581143534
Russia,Russia,KamAZ 6x6,abandoned,https://i.postimg.cc/ZqYR92LP/Screenshot-8486.png,2022-03-19,4581,14354,4,7-4581143544
Russia,Russia,KamAZ 6x6,abandoned,https://i.postimg.cc/Pf0f1L53/v3.png,2022-03-19,4581,14355,4,7-4581143554
Russia,Russia,KamAZ 6x6,abandoned,https://i.postimg.cc/sgcVZwrF/ka1.png,2022-03-19,4581,14356,4,7-4581143564
Russia,Russia,KamAZ 6x6,abandoned,https://i.postimg.cc/WbxvqjmQ/g1.png,2022-03-19,4581,14357,4,7-4581143574
Russia,Russia,KamAZ 6x6,abandoned,https://i.postimg.cc/nh7tv50M/g2.png,2022-03-19,4581,14358,4,7-4581143584
Russia,Russia,KamAZ 6x6,abandoned,https://i.postimg.cc/jjbYvXFc/g3.png,2022-03-19,4581,14359,4,7-4581143594
Russia,Russia,KamAZ 6x6,abandoned,https://i.postimg.cc/SRcQVH07/44366.png,2022-03-19,4581,14360,4,7-4581143604
Russia,Russia,KamAZ 6x6,abandoned,https://i.postimg.cc/43yxjGmX/432.png,2022-03-19,4581,14361,4,7-4581143614
Russia,Russia,KamAZ 6x6,abandoned,https://i.postimg.cc/85PBn7X1/a1.png,2022-03-19,4581,14362,4,7-4581143624
Russia,Russia,KamAZ 6x6,abandoned,https://i.postimg.cc/QxWgPGmW/a2.png,2022-03-19,4581,14363,4,7-4581143634
Russia,Russia,KamAZ 6x6,abandoned,https://i.postimg.cc/C1PHyw9b/a3.png,2022-03-19,4581,14364,4,7-4581143644
Russia,Russia,KamAZ 6x6,abandoned,https://i.postimg.cc/rsDGMvL3/a4.png,2022-03-19,4581,14365,4,7-4581143654
Russia,Russia,KamAZ 6x6,abandoned,https://i.postimg.cc/gc7qNkVW/a5.png,2022-03-19,4581,14366,4,7-4581143664
Russia,Russia,KamAZ 6x6,abandoned,https://twitter.com/UAWeapons/status/1527607537041801216,2022-05-23,4581,14,4,7-4581144
Russia,Russia,KamAZ 6x6,abandoned,https://twitter.com/UAWeapons/status/1525936384434913281,2022-05-24,4581,13581,4,7-4581135814
Russia,Russia,KamAZ Avtozaks,abandoned,https://i.postimg.cc/kg3NP1YY/a6.png,2022-03-19,4584,14599,4,7-4584145994
Russia,Russia,KamAZ with armoured cabin,abandoned,https://i.postimg.cc/k5h1G2f3/39.png,2022-03-19,4585,14607,4,7-4585146074
Russia,Russia,KamAZ with armoured cabin,abandoned,https://i.postimg.cc/4yj6dBfd/a7.png,2022-03-19,4585,14608,4,7-4585146084
Russia,Russia,Mi-8 transport helicopter,abandoned,https://i.postimg.cc/V660k1F5/31g.png,2022-03-27,4603,14696,4,7-4603146964
Russia,Russia,Mi-8 transport helicopter,abandoned,https://i.postimg.cc/ncL87Pvg/65.png,2022-03-31,4603,14698,4,7-4603146984
Russia,Russia,MP-2IM signals vehicle,abandoned,https://i.postimg.cc/wM1CmTC8/b89.png,2022-03-19,4607,14732,4,7-4607147324
Russia,Soviet Union,MT-LB,abandoned,https://i.postimg.cc/GpG26n3R/446.png,2022-03-19,4608,14757,4,7-4608147574
Russia,Soviet Union,MT-LB,abandoned,https://i.postimg.cc/Y21qgqY7/7766.jpg,2022-03-19,4608,14758,4,7-4608147584
Russia,Soviet Union,MT-LB,abandoned,https://i.postimg.cc/mkwsnkyF/433.png,2022-03-19,4608,14759,4,7-4608147594
Russia,Soviet Union,MT-LB,abandoned,https://i.postimg.cc/1z6127Wh/h54.png,2022-03-19,4608,14760,4,7-4608147604
Russia,Soviet Union,MT-LB,abandoned,https://i.postimg.cc/vHYqqTjM/544.png,2022-03-19,4608,14761,4,7-4608147614
Russia,Soviet Union,MT-LB,abandoned,https://i.postimg.cc/yNdpdVtm/d1.png,2022-03-19,4608,14762,4,7-4608147624
Russia,Soviet Union,MT-LB,abandoned,https://i.postimg.cc/dV6Sf0SG/6hf.png,2022-03-19,4608,14763,4,7-4608147634
Russia,Soviet Union,MT-LB,abandoned,https://i.postimg.cc/MT7GfMmt/467.png,2022-03-19,4608,14764,4,7-4608147644
Russia,Soviet Union,MT-LB,abandoned,https://i.postimg.cc/yYY0Hk5C/73.jpg,2022-03-19,4608,14765,4,7-4608147654
Russia,Soviet Union,MT-LB,abandoned,https://i.postimg.cc/ZRgTChvT/f24.png,2022-03-19,4608,14766,4,7-4608147664
Russia,Soviet Union,MT-LB,abandoned,https://i.postimg.cc/SRx4st8h/46805.png,2022-03-19,4608,14767,4,7-4608147674
Russia,Soviet Union,MT-LB,abandoned,https://i.postimg.cc/mrJwQRQ2/f69.png,2022-03-19,4608,14768,4,7-4608147684
Russia,Soviet Union,MT-LB,abandoned,https://i.postimg.cc/44Pdb9wn/48.png,2022-03-19,4608,14769,4,7-4608147694
Russia,Soviet Union,MT-LB,abandoned,https://i.postimg.cc/43RcYDPt/m2.png,2022-03-19,4608,14770,4,7-4608147704
Russia,Soviet Union,MT-LB,abandoned,https://i.postimg.cc/mr3HCmpn/m3.png,2022-03-19,4608,14771,4,7-4608147714
Russia,Soviet Union,MT-LB,abandoned,https://i.postimg.cc/26bSBK7B/6j.png,2022-03-19,4608,14772,4,7-4608147724
Russia,Soviet Union,MT-LB,abandoned,https://i.postimg.cc/3RqpkBLf/329.png,2022-03-19,4608,14773,4,7-4608147734
Russia,Soviet Union,MT-LB,abandoned,https://i.postimg.cc/Gp549LKJ/h24.png,2022-03-19,4608,14774,4,7-4608147744
Russia,Soviet Union,MT-LB,abandoned,https://i.postimg.cc/JzjbsLP6/44313.jpg,2022-03-26,4608,14819,4,7-4608148194
Russia,Soviet Union,MT-LB,abandoned,https://i.postimg.cc/sXXbnXYV/mtlba3.jpg,2022-04-17,4608,14857,4,7-4608148574
Russia,Soviet Union,MT-LB,abandoned,https://postimg.cc/VS1KyzvW,2022-04-18,4608,14870,4,7-4608148704
Russia,Soviet Union,MT-LB,abandoned,https://i.postimg.cc/j5Bm4Z3G/f1.jpg,2022-04-24,4608,14876,4,7-4608148764
Russia,Soviet Union,MT-LB,abandoned,https://i.postimg.cc/C5DtPkWd/f2.jpg,2022-04-24,4608,14877,4,7-4608148774
Russia,Soviet Union,MT-LB,abandoned,https://twitter.com/UAWeapons/status/1543208793907122179,2022-07-03,4608,14918,4,7-4608149184
Russia,Soviet Union,MT-LB,abandoned,https://i.postimg.cc/k4c3cw6N/1001-mtlb-aband.jpg,2022-11-28,4608,15087,4,7-4608150874
Russia,Soviet Union,MT-LB,abandoned,https://i.postimg.cc/6qZJL38T/1004-1x-mtlb-dam-aband-2x-bmp2-1x-destr-1x-dam-aband-2x-t72b3-dam-aband-09-02-23.jpg,2023-02-12,4608,5074,4,7-460850744
Russia,Soviet Union,MT-LB,abandoned,https://i.postimg.cc/3RdHN97X/1005-1x-bmp2-destr-1x-mtlb-aband-1x-t72b3-aband-09-02-23.jpg,2023-02-12,4608,9112,4,7-460891124
Russia,Soviet Union,MT-LB,abandoned,https://i.postimg.cc/6q7QmWqK/1028-mtlb-aband-07-02-23.jpg,2023-02-13,4608,15120,4,7-4608151204
Russia,Soviet Union,MT-LB,abandoned,https://i.postimg.cc/L6cQRhLY/1006-mtlb-aband-21-02-23.jpg,2023-02-23,4608,15124,4,7-4608151244
Russia,Soviet Union,MT-LB,abandoned,https://i.postimg.cc/J7xY1wsR/1016-mtlb-aband-23-05-23.jpg,2023-06-01,4608,15176,4,7-4608151764
Russia,Soviet Union,MT-LB,abandoned,https://i.postimg.cc/KzwCtB2F/1012-mtlb-aband-02-06-23.jpg,2023-06-09,4608,15180,4,7-4608151804
Russia,Soviet Union,MT-LB,abandoned,https://i.postimg.cc/jdK1NqPB/1029-MT-LB-aband-13-06-23.jpg,2023-06-14,4608,15186,4,7-4608151864
Russia,Soviet Union,MT-LB,abandoned,https://i.postimg.cc/c4bhDpG9/1039-mtlb-dam-aband-02-07-23.jpg,2023-07-14,4608,15205,4,7-4608152054
Russia,Soviet Union,MT-LB,abandoned,https://i.postimg.cc/HLQtkjcR/1040-mtlb-dam-aband-02-07-23.jpg,2023-07-14,4608,15206,4,7-4608152064
Russia,Soviet Union,MT-LB,abandoned,https://i.postimg.cc/Vk0R2KYY/1041-mtlb-aband-02-07-23.jpg,2023-07-14,4608,15207,4,7-4608152074
Russia,Soviet Union,MT-LB,abandoned,https://i.postimg.cc/QMh1Rfhk/1014-MT-LB-dam-aband-29-07-23.jpg,2023-08-01,4608,15214,4,7-4608152144
Russia,Soviet Union,MT-LB,abandoned,https://twitter.com/UAWeapons/status/1691132746171666448,2023-08-15,4608,5940,4,7-460859404
Russia,Soviet Union,MT-LB,abandoned,https://i.postimg.cc/8zBjN2Y0/1019-MT-LB-aband-25-08-23.jpg,2023-10-05,4608,15251,4,7-4608152514
Russia,Soviet Union,MT-LB,abandoned,https://twitter.com/UAWeapons/status/1712147257338867867,2023-10-12,4608,15256,4,7-4608152564
Russia,Soviet Union,MT-LB,abandoned,https://i.postimg.cc/XJxHxz2N/1001-MT-LB-aband-16-10-23.png,2023-10-19,4608,15259,4,7-4608152594
Russia,Soviet Union,MT-LB,abandoned,https://i.postimg.cc/mZdv5yry/1032-MT-LB-aband-10-10-23.jpg,2023-10-26,4608,10763,4,7-4608107634
Russia,Soviet Union,MT-LB,abandoned,https://i.postimg.cc/SKWv4Wbb/1026-t72bobr22022-destr-t72b-brem1-mtlb-aband-31-10-23.jpg,2023-11-02,4608,13242,4,7-4608132424
Russia,Soviet Union,MT-LB,abandoned,https://i.postimg.cc/2ywbhjbK/1024-MT-LB-aband-31-10-23.jpg,2023-11-02,4608,15277,4,7-4608152774
Russia,Soviet Union,MT-LB,abandoned,https://i.postimg.cc/13TgpjXs/1029-mtlb-aband-31-10-23.jpg,2023-11-02,4608,15278,4,7-4608152784
Russia,Soviet Union,MT-LB,abandoned,https://i.postimg.cc/k4cKX9n6/1032-t72bobr2022-and-3x-mtlb-dam-aband-05-11-23.jpg,2023-11-06,4608,15280,4,7-4608152804
Russia,Soviet Union,MT-LB,abandoned,https://i.postimg.cc/Gt5vsxt2/1000-mtlb-dam-aband-10-11-23.jpg,2023-11-14,4608,15290,4,7-4608152904
Russia,Soviet Union,MT-LB,abandoned,https://i.postimg.cc/QdL09cQz/1033-mtlb-dam-aband-15-11-23.jpg,2023-11-20,4608,15300,4,7-4608153004
Russia,Soviet Union,MT-LB,abandoned,https://i.postimg.cc/90TdsxWV/1033-mtlb-aband-23-11-23.jpg,2023-11-27,4608,15306,4,7-4608153064
Russia,Soviet Union,MT-LB,abandoned,https://i.postimg.cc/fL1724QB/1034-mtlb-aband-23-11-23.jpg,2023-11-27,4608,15307,4,7-4608153074
Russia,Soviet Union,MT-LB,abandoned,https://i.postimg.cc/44cxsJjN/1024-mtlb-dam-aband-03-12-23.jpg,2023-12-08,4608,15313,4,7-4608153134
Russia,Soviet Union,MT-LB,abandoned,https://i.postimg.cc/V5QKdJTR/1024-mtlb-dam-aband-26-10-23.jpg,2023-12-13,4608,15318,4,7-4608153184
Russia,Soviet Union,MT-LB,abandoned,https://i.postimg.cc/pVkKHFK1/1021-mtlb-dam-aband-21-12-23.jpg,2024-01-09,4608,15346,4,7-4608153464
Russia,Soviet Union,MT-LB,abandoned,https://twitter.com/bayraktar_1love/status/1737780638701261204,2024-01-09,4608,2292,4,7-460822924
Russia,Soviet Union,MT-LB,abandoned,https://i.postimg.cc/Dzj60qyL/1026-mtlb-dam-aband-21-12-23.jpg,2024-01-09,4608,15347,4,7-4608153474
Russia,Soviet Union,MT-LB,abandoned,https://i.postimg.cc/LhKZhs1z/1023-MT-LB-aband-21-12-23.jpg,2024-01-09,4608,15348,4,7-4608153484
Russia,Soviet Union,MT-LB,abandoned,https://i.postimg.cc/gcwSwBhJ/1025-MT-LB-aband-21-12-23.jpg,2024-01-09,4608,15349,4,7-4608153494
Russia,Soviet Union,MT-LB,abandoned,https://i.postimg.cc/9fF1cxVc/1050-mtlb-aband-21-12-23.jpg,2024-01-09,4608,15350,4,7-4608153504
Russia,Soviet Union,MT-LB,abandoned,https://i.postimg.cc/rpLNHjwG/1040-mtlb-aband-25-12-23.jpg,2024-01-09,4608,15351,4,7-4608153514
Russia,Soviet Union,MT-LB,abandoned,https://i.postimg.cc/T3JS7sdQ/1012-bmp2-and-mtlb-aband-08-01-24.jpg,2024-01-10,4608,850,4,7-46088504
Russia,Soviet Union,MT-LB,abandoned,https://i.postimg.cc/Hk44JxNV/1038-mtlb-aband-10-01-24.jpg,2024-01-19,4608,15364,4,7-4608153644
Russia,Soviet Union,MT-LB,abandoned,https://i.postimg.cc/W1XX48td/1042-bmp3-destr-mtlb-dam-aband-11-01-24.jpg,2024-01-19,4608,12982,4,7-4608129824
Russia,Soviet Union,MT-LB,abandoned,https://i.postimg.cc/Xqssgxdk/1004-MT-LB-aband-31-12-23.jpg,2024-01-19,4608,15365,4,7-4608153654
Russia,Soviet Union,MT-LB,abandoned,https://i.postimg.cc/RV0s05xs/1010-mtlb-aband-20-12-23.jpg,2024-01-19,4608,15366,4,7-4608153664
Russia,Soviet Union,MT-LB,abandoned,https://i.postimg.cc/vBLq4Gmj/1023-MT-LB-aband-15-01-24.jpg,2024-01-19,4608,15367,4,7-4608153674
Russia,Soviet Union,MT-LB,abandoned,https://i.postimg.cc/Y04g212q/1038-mtlb-dam-aband-21-12-23.jpg,2024-01-21,4608,15374,4,7-4608153744
Russia,Soviet Union,MT-LB,abandoned,https://i.postimg.cc/vmMW7gh3/1024-MT-LB-dam-aband-15-01-24.jpg,2024-01-21,4608,15375,4,7-4608153754
Russia,Soviet Union,MT-LB,abandoned,https://i.postimg.cc/cJmfFx5Z/1023-MT-LB-dam-aband-15-01-24.jpg,2024-01-21,4608,15376,4,7-4608153764
Russia,Soviet Union,MT-LB,abandoned,https://i.postimg.cc/cLSR71v6/1069-2x-unkn-tank-1x-bmp3-1x-mtlb-aband-1x-mtlb-dam-aband-23-01-24.jpg,2024-01-24,4608,5498,4,7-460854984
Russia,Soviet Union,MT-LB,abandoned,https://i.postimg.cc/8zYnqWWr/1009-MT-LB-dam-aband-25-01-24.jpg,2024-01-27,4608,15383,4,7-4608153834
Russia,Soviet Union,MT-LB,abandoned,https://i.postimg.cc/qvq5bQtT/1011-MT-LB-dam-aband-02-01-24.jpg,2024-01-27,4608,15384,4,7-4608153844
Russia,Soviet Union,MT-LB,abandoned,https://i.postimg.cc/d12Hkxf8/1013-MT-LB-dam-aband-25-01-24.jpg,2024-01-27,4608,15385,4,7-4608153854
Russia,Soviet Union,MT-LB,abandoned,https://i.postimg.cc/BbJhxCWR/1014-MT-LB-dam-aband-08-01-24.jpg,2024-01-27,4608,15386,4,7-4608153864
Russia,Soviet Union,MT-LB,abandoned,https://i.postimg.cc/CxSBZrMM/1015-mtlb-aband-27-01-24.jpg,2024-01-30,4608,15392,4,7-4608153924
Russia,Soviet Union,MT-LB,abandoned,https://i.postimg.cc/tTDhgVn5/1016-mtlb-dam-aband-25-12-23.jpg,2024-02-09,4608,15414,4,7-4608154144
Russia,Soviet Union,MT-LB,abandoned,https://i.postimg.cc/gk13rpjf/1022-mtlb-dam-aband-30-01-24.jpg,2024-02-09,4608,15415,4,7-4608154154
Russia,Soviet Union,MT-LB,abandoned,https://i.postimg.cc/TYKrR1dV/1023-mtlb-aband-30-01-24.jpg,2024-02-09,4608,15416,4,7-4608154164
Russia,Soviet Union,MT-LB,abandoned,https://i.postimg.cc/wvtXG3Nm/1014-MT-LB-dam-aband-27-12-23.jpg,2024-02-09,4608,15417,4,7-4608154174
Russia,Soviet Union,MT-LB,abandoned,https://i.postimg.cc/j5cGrDZ5/1055-MT-LB-aband-06-02-24.jpg,2024-02-09,4608,15418,4,7-4608154184
Russia,Soviet Union,MT-LB,abandoned,https://i.postimg.cc/J0hS7R2Q/1057-MT-LB-aband-06-02-24.jpg,2024-02-09,4608,15419,4,7-4608154194
Russia,Soviet Union,MT-LB,abandoned,https://i.postimg.cc/zvP6V9mY/1058-MT-LB-aband-06-02-24.jpg,2024-02-09,4608,15420,4,7-4608154204
Russia,Soviet Union,MT-LB,abandoned,https://i.postimg.cc/B6FNjCnc/1021-MT-LB-dam-aband-11-02-24.jpg,2024-02-15,4608,15426,4,7-4608154264
Russia,Soviet Union,MT-LB,abandoned,https://i.postimg.cc/HWfcXFbZ/1023-mtlb-aband-17-02-24.jpg,2024-02-18,4608,15431,4,7-4608154314
Russia,Soviet Union,MT-LB,abandoned,https://i.postimg.cc/13DzGty4/1005-mtlb-dam-aband-11-02-24.jpg,2024-02-18,4608,15432,4,7-4608154324
Russia,Soviet Union,MT-LB,abandoned,https://i.postimg.cc/2yMHBP9C/1012-mtlb-aband-09-02-23.jpg,2024-02-21,4608,15439,4,7-4608154394
Russia,Soviet Union,MT-LB,abandoned,https://i.postimg.cc/8k0X36px/1013-mtlb-aband-04-03-23.jpg,2024-02-21,4608,15440,4,7-4608154404
Russia,Soviet Union,MT-LB,abandoned,https://i.postimg.cc/wTR4dj3M/1045-mtlb-aband-17-02-24.jpg,2024-02-21,4608,15441,4,7-4608154414
Russia,Soviet Union,MT-LB,abandoned,https://i.postimg.cc/QdmKTYv6/1023-mtlb-dam-aband-18-02-24.jpg,2024-02-23,4608,15448,4,7-4608154484
Russia,Soviet Union,MT-LB,abandoned,https://i.postimg.cc/SQtLpP55/1031-mtlb-dam-aband-27-02-24.jpg,2024-02-29,4608,15454,4,7-4608154544
Russia,Soviet Union,MT-LB,abandoned,https://i.postimg.cc/Pf8q9ygR/1038-MT-LB-dam-aband-29-02-24.jpg,2024-03-02,4608,15461,4,7-4608154614
Russia,Soviet Union,MT-LB,abandoned,https://i.postimg.cc/63940hZ0/1027-mtlb-aband-08-03-24.jpg,2024-04-08,4608,15511,4,7-4608155114
Russia,Soviet Union,MT-LB,abandoned,https://i.postimg.cc/T31Qnpsp/1111-MT-LB-dam-aband-18-03-24.jpg,2024-04-08,4608,15512,4,7-4608155124
Russia,Soviet Union,MT-LB,abandoned,https://i.postimg.cc/63f3tTxc/1011-MT-LB-dam-aband-06-03-24.jpg,2024-04-08,4608,15513,4,7-4608155134
Russia,Soviet Union,MT-LB,abandoned,https://i.postimg.cc/jSnLy4qp/1044-mtlb-aband-02-05-24.jpg,2024-05-04,4608,15551,4,7-4608155514
Russia,Soviet Union,MT-LB,abandoned,https://i.postimg.cc/QtgQHMTn/1032-MT-LB-dam-aband-06-04-24.jpg,2024-05-12,4608,15560,4,7-4608155604
Russia,Soviet Union,MT-LB,abandoned,https://i.postimg.cc/bvtHfgNP/1035-MT-LB-dam-aband-06-05-24.jpg,2024-05-12,4608,15561,4,7-4608155614
Russia,Soviet Union,MT-LB,abandoned,https://i.postimg.cc/R0csssJG/1019-mtlb-dam-aband-10-05-24.jpg,2024-05-15,4608,15570,4,7-4608155704
Russia,Soviet Union,MT-LB,abandoned,https://i.postimg.cc/bN1RD84b/1042-MT-LB-dam-aband-13-05-24.jpg,2024-05-18,4608,15573,4,7-4608155734
Russia,Soviet Union,MT-LB,abandoned,https://i.postimg.cc/vTgdWyH0/1022-MT-LB-aband-19-05-24.jpg,2024-05-24,4608,15581,4,7-4608155814
Russia,Soviet Union,MT-LB,abandoned,https://i.postimg.cc/VsxSRV9F/1013-MT-LB-dam-aband-20-05-24.jpg,2024-05-24,4608,15582,4,7-4608155824
Russia,Soviet Union,MT-LB,abandoned,https://i.postimg.cc/vH0Gz2dh/1016-MT-LB-dam-aband-16-06-24.jpg,2024-06-20,4608,15636,4,7-4608156364
Russia,Soviet Union,MT-LB,abandoned,https://i.postimg.cc/8k3Qg6tV/1039-MT-LB-dam-aband-02-05-24.jpg,2024-07-15,4608,15680,4,7-4608156804
Russia,Soviet Union,MT-LB,abandoned,https://i.postimg.cc/NM8tQ9Gx/1033-MT-LB-dam-aband-15-05-24.jpg,2024-08-12,4608,15715,4,7-4608157154
Russia,Soviet Union,MT-LB,abandoned,https://i.postimg.cc/WzfVwhZn/1035-MT-LB-dam-aband-25-08-24.jpg,2024-08-28,4608,15733,4,7-4608157334
Russia,Soviet Union,MT-LB,abandoned,https://i.postimg.cc/0N0NPKKy/1046-MT-LB-dam-aband-30-09-24.jpg,2024-10-03,4608,15798,4,7-4608157984
Russia,Soviet Union,MT-LB,abandoned,https://i.postimg.cc/Dzn2jfpk/1032-MT-LB-dam-aband-30-09-24.jpg,2024-10-03,4608,15799,4,7-4608157994
Russia,Soviet Union,MT-LB,abandoned,https://i.postimg.cc/7hfP3Bs5/1031-MT-LB-dam-aband-30-09-24.jpg,2024-10-03,4608,15800,4,7-4608158004
Russia,Soviet Union,MT-LB,abandoned,https://i.postimg.cc/Y0bY5KsJ/1048-MT-LB-dam-aband-28-09-24.jpg,2024-10-09,4608,15817,4,7-4608158174
Russia,Soviet Union,MT-LB,abandoned,https://i.postimg.cc/sDgppxBy/1061-MT-LB-aband-30-09-24.jpg,2024-10-09,4608,15818,4,7-4608158184
Russia,Soviet Union,MT-LB,abandoned,https://i.postimg.cc/d1dvSPDD/1052-MT-LB-aband-31-05-24.jpg,2024-10-22,4608,15848,4,7-4608158484
Russia,Soviet Union,MT-LB,abandoned,https://i.postimg.cc/d3YFbHT6/1050-MT-LB-aband-31-05-24.jpg,2024-10-22,4608,15849,4,7-4608158494
Russia,Soviet Union,MT-LB,abandoned,https://i.postimg.cc/vmCbzHYp/1012-MT-LB-dam-aband-07-10-24.jpg,2024-10-22,4608,15850,4,7-4608158504
Russia,Soviet Union,MT-LBM 6MB,abandoned,https://i.postimg.cc/pr29GJz8/359.png,2022-03-19,4613,15904,4,7-4613159044
Russia,Russia,MT-LBM 6MB,abandoned,https://i.postimg.cc/Xq2m7DSY/3317.png,2023-03-26,4613,15908,4,7-4613159084
Russia,Soviet Union,MT-LBu,abandoned,https://i.postimg.cc/gc14s4Fb/a2.png,2022-03-19,4614,3686,4,7-461436864
Russia,Soviet Union,MT-LBu,abandoned,https://i.postimg.cc/sgntV80G/44fss.png,2022-03-19,4614,3687,4,7-461436874
Russia,Soviet Union,MT-LBu,abandoned,https://i.postimg.cc/63JZBWDQ/b76.png,2022-03-19,4614,3699,4,7-461436994
Russia,Soviet Union,MT-LBu,abandoned,https://i.postimg.cc/rs9z99Nk/f16.png,2022-03-19,4614,15923,4,7-4614159234
Russia,Soviet Union,MT-LBVM and MT-LBVMK,abandoned,https://i.postimg.cc/2SdCJzyP/mtlba2.jpg,2022-04-16,4615,15952,4,7-4615159524
Russia,Soviet Union,MT-LBVM and MT-LBVMK,abandoned,https://i.postimg.cc/bwfz3Gyx/mtlba1.jpg,2022-04-16,4615,15953,4,7-4615159534
Russia,Russia,Pantsir-S1,abandoned,https://i.postimg.cc/nc1WwSy5/f6.png,2022-03-19,4627,16251,4,7-4627162514
Russia,Russia,Pontoon bridge,abandoned,https://i.postimg.cc/gkfPzLKt/65.png,2022-03-29,4629,11946,4,7-4629119464
Russia,Russia,Pontoon bridge,abandoned,https://i.postimg.cc/FHRc7y1Q/657.png,2022-05-15,4629,16280,4,7-4629162804
Russia,Russia,PP-2005 floating bridge,abandoned,https://i.postimg.cc/s2M12CLf/32d3.png,2022-05-08,4630,16290,4,7-4630162904
Russia,Russia,PP-2005 floating bridge,abandoned,https://i.postimg.cc/V6M6jB13/32d3.png,2022-05-08,4630,16291,4,7-4630162914
Russia,Russia,PP-2005 floating bridge,abandoned,https://i.postimg.cc/59RWtr9r/da2.jpg,2022-05-27,4630,16294,4,7-4630162944
Russia,Russia,PP-2005 floating bridge,abandoned,https://i.postimg.cc/9Q33dq7t/da1.jpg,2022-05-27,4630,16295,4,7-4630162954
Russia,Russia,PP-2005 floating bridge,abandoned,https://i.postimg.cc/FKCXJCg1/ggg56.jpg,2022-05-27,4630,16296,4,7-4630162964
Russia,Russia,PP-2005 floating bridge,abandoned,https://i.postimg.cc/7LjDWQCd/55441.jpg,2022-05-27,4630,16297,4,7-4630162974
Russia,Russia,PP-2005 floating bridge,abandoned,https://i.postimg.cc/VsShLBGs/ff2.jpg,2022-05-27,4630,16298,4,7-4630162984
Russia,Soviet Union,Project 1164 Slava class guided missile cruiser 'Moskva',abandoned,https://twitter.com/RALee85/status/1514379537903235074,2022-04-13,4634,16314,4,7-4634163144
Russia,Soviet Union,PTS-3 tracked amphibious transport,abandoned,https://i.postimg.cc/Z5VK9XR3/v77.png,2022-03-19,4643,16329,4,7-4643163294
Russia,Soviet Union,PTS-3 tracked amphibious transport,abandoned,https://i.postimg.cc/DzNv6s1w/v88.png,2022-03-19,4643,16330,4,7-4643163304
Russia,Soviet Union,PTS-3 tracked amphibious transport,abandoned,https://i.postimg.cc/Xq8PbPkz/4677.png,2022-04-06,4643,16331,4,7-4643163314
Russia,Soviet Union,PTS-3 tracked amphibious transport,abandoned,https://i.postimg.cc/sDCVYrG0/431.png,2022-05-08,4643,16338,4,7-4643163384
Russia,Soviet Union,PTS-3 tracked amphibious transport,abandoned,https://i.postimg.cc/65MmYqgR/776.jpg,2022-06-11,4643,16341,4,7-4643163414
Russia,Soviet Union,PTS-3 tracked amphibious transport,abandoned,https://twitter.com/UAWeapons/status/1551593956743516160,2022-07-26,4643,16342,4,7-4643163424
Russia,Russia,R-149MA1 command and staff vehicle,abandoned,https://i.postimg.cc/jSgsKMn3/g553.jpg,2022-03-19,4646,16357,4,7-4646163574
Russia,Russia,R-149MA1 command and staff vehicle,abandoned,https://i.postimg.cc/TY9CCkH1/h6n.jpg,2022-03-19,4646,16358,4,7-4646163584
Russia,Russia,R-149MA1 command and staff vehicle,abandoned,https://postlmg.cc/DWr360St,2022-03-19,4646,16359,4,7-4646163594
Russia,Russia,R-166-0.5 signals vehicle,abandoned,https://i.postimg.cc/BQ3JL2hJ/g55.png,2022-03-19,4648,16413,4,7-4648164134
Russia,Russia,R-166-0.5 signals vehicle,abandoned,https://twitter.com/UAWeapons/status/1555673498152058883,2022-08-08,4648,69,4,7-4648694
Russia,Russia,R-419L1 communications station,abandoned,https://i.postimg.cc/HWF2jVg6/5588.png,2022-03-19,4653,16473,4,7-4653164734
Russia,Russia,Remdiesel Z-STS Akhmat,abandoned,https://twitter.com/RALee85/status/1663993455251722240,2023-06-03,4658,16486,4,7-4658164864
Russia,Russia,Remdiesel Z-STS Akhmat,abandoned,https://i.postimg.cc/y69w3jg1/1006-Akhmat-dam-aband-08-01-24.jpg,2024-01-10,4658,16491,4,7-4658164914
Russia,Russia,Remdiesel Z-STS Akhmat,abandoned,https://i.postimg.cc/XYvXh5xy/1145-Remdiesel-Z-STS-Akhmat-aband-03-10-24.jpg,2024-10-22,4658,16497,4,7-4658164974
Russia,Russia,Remdiesel Z-STS Akhmat,abandoned,https://i.postimg.cc/tCkY2kdj/1044-Remdiesel-Z-STS-Akhmat-dam-aband-09-10-24.jpg,2024-10-22,4658,16498,4,7-4658164984
Russia,Russia,Remdiesel Z-STS Akhmat,abandoned,https://i.postimg.cc/ZnZL1VZ3/1038-Remdiesel-Z-STS-Akhmat-dam-aband-18-10-24.jpg,2024-11-06,4658,16506,4,7-4658165064
Russia,Soviet Union,T-62M,abandoned,https://twitter.com/Blue_Sauron/status/1572563299576975361,2022-09-22,4676,16685,4,7-4676166854
Russia,Russia,T-62M Obr. 2022,abandoned,https://i.postimg.cc/Pr1rDf8q/1008-T-62-M-Obr-2022-aband-24-11-23.jpg,2023-11-27,4677,16688,4,7-4677166884
Russia,Russia,T-62M Obr. 2022,abandoned,https://i.postimg.cc/9XBBZf4p/1006-T-62-MV-Obr2022-aband-27-12-23.jpg,2024-02-09,4677,16691,4,7-4677166914
Russia,Russia,T-62M Obr. 2022,abandoned,https://i.postimg.cc/q7ZTxnKs/1102-T-62-M-Obr-2022-dam-aband-21-12-23.jpg,2024-07-15,4677,16699,4,7-4677166994
Russia,Soviet Union,T-64BV,abandoned,https://i.postimg.cc/2SxhnNXW/545.jpg,2022-06-05,4678,16733,4,7-4678167334
Russia,Soviet Union,T-64BV,abandoned,https://twitter.com/Osinttechnical/status/1543835821123534849,2022-07-05,4678,16738,4,7-4678167384
Russia,Soviet Union,T-72A,abandoned,https://i.postimg.cc/q7Pd3TMR/5g4.jpg,2022-05-26,4679,16771,4,7-4679167714
Russia,Soviet Union,T-72A,abandoned,https://i.postimg.cc/pLvwFKqy/1009-1x-t72b-1x-t72-A-dam-aband-07-02-23.jpg,2023-02-12,4679,16793,4,7-4679167934
Russia,Soviet Union,T-72A,abandoned,https://i.postimg.cc/k4LZXS2J/1010-t72-A-dam-aband-07-02-23.jpg,2023-02-12,4679,16794,4,7-4679167944
Russia,Soviet Union,T-72A,abandoned,https://twitter.com/UAWeapons/status/1651964737742163969,2023-05-02,4679,5082,4,7-467950824
Russia,Soviet Union,T-72A,abandoned,https://i.postimg.cc/DwFvf0H4/1016-BREM-1-BTR-82-A-T-72-A-T-72-B3-dam-aband-08-07-23.jpg,2023-07-09,4679,5555,4,7-467955554
Russia,Soviet Union,T-72B,abandoned,https://i.postimg.cc/8zz8WcH7/763.png,2022-03-19,4681,16820,4,7-4681168204
Russia,Soviet Union,T-72B,abandoned,https://i.postimg.cc/1tvs3GFY/470.png,2022-03-19,4681,16821,4,7-4681168214
Russia,Soviet Union,T-72B,abandoned,https://i.postimg.cc/sfLpFS54/4566.png,2022-03-19,4681,16822,4,7-4681168224
Russia,Soviet Union,T-72B,abandoned,https://i.postimg.cc/zv3Z8G8D/5570.png,2022-03-19,4681,16823,4,7-4681168234
Russia,Soviet Union,T-72B,abandoned,https://i.postimg.cc/QCL5TQsB/d24.png,2022-03-19,4681,16824,4,7-4681168244
Russia,Soviet Union,T-72B,abandoned,https://i.postimg.cc/KzgLWJ4m/341.png,2022-03-19,4681,16825,4,7-4681168254
Russia,Soviet Union,T-72B,abandoned,https://i.postimg.cc/ZKwvnxCF/65h.jpg,2022-05-14,4681,16933,4,7-4681169334
Russia,Soviet Union,T-72B,abandoned,https://i.postimg.cc/wjfhLTQ3/4f9.jpg,2022-05-20,4681,16934,4,7-4681169344
Russia,Soviet Union,T-72B,abandoned,https://i.postimg.cc/GhcpMPJj/53.jpg,2022-05-25,4681,16943,4,7-4681169434
Russia,Soviet Union,T-72B,abandoned,https://i.postimg.cc/76yX3XC3/33dp.jpg,2022-05-26,4681,16944,4,7-4681169444
Russia,Soviet Union,T-72B,abandoned,https://i.postimg.cc/bv0V130C/1007-t72b-aband.jpg,2022-10-16,4681,17016,4,7-4681170164
Russia,Soviet Union,T-72B,abandoned,https://i.postimg.cc/597hV3rs/1005-t72b-aband.jpg,2022-11-01,4681,17034,4,7-4681170344
Russia,Soviet Union,T-72B,abandoned,https://twitter.com/UAWeapons/status/1590375007930417152,2022-11-10,4681,3910,4,7-468139104
Russia,Soviet Union,T-72B,abandoned,https://i.postimg.cc/28Qkhd6p/1501-t72b3-destr-t72b-aband.jpg,2022-12-15,4681,4844,4,7-468148444
Russia,Soviet Union,T-72B,abandoned,https://twitter.com/UAWeapons/status/1622325275856977922,2023-02-07,4681,8974,4,7-468189744
Russia,Soviet Union,T-72B,abandoned,https://i.postimg.cc/X7M0NwP5/1017-t72b-and-brem1-aband-08-02-23.jpg,2023-02-12,4681,4784,4,7-468147844
Russia,Soviet Union,T-72B,abandoned,https://i.postimg.cc/x8F1k5zb/1102-t72b-dam-aband-06-02-23.jpg,2023-02-12,4681,17065,4,7-4681170654
Russia,Soviet Union,T-72B,abandoned,https://i.postimg.cc/pLvwFKqy/1009-1x-t72b-1x-t72-A-dam-aband-07-02-23.jpg,2023-02-12,4681,16793,4,7-4681167934
Russia,Soviet Union,T-72B,abandoned,https://twitter.com/UAWeapons/status/1625086988779937792,2023-02-15,4681,17067,4,7-4681170674
Russia,Soviet Union,T-72B,abandoned,https://i.postimg.cc/j5M6g9QL/7763.png,2023-04-04,4681,17088,4,7-4681170884
Russia,Soviet Union,T-72B,abandoned,https://i.postimg.cc/7LVLvGFm/66.png,2023-04-09,4681,17090,4,7-4681170904
Russia,Soviet Union,T-72B,abandoned,https://i.postimg.cc/tC2cVzq4/1003-t72b-aband-31-05-22.jpg,2023-05-17,4681,17100,4,7-4681171004
Russia,Soviet Union,T-72B,abandoned,https://i.postimg.cc/3Nhq2S0d/1004-t72b-aband-31-05-22.jpg,2023-05-17,4681,17101,4,7-4681171014
Russia,Soviet Union,T-72B,abandoned,https://i.postimg.cc/137bbr2j/1005-t72b-aband-31-05-22.jpg,2023-05-17,4681,17102,4,7-4681171024
Russia,Soviet Union,T-72B,abandoned,https://i.postimg.cc/Z56HZ0Q8/1008-72-B-dam-aband-03-07-23.jpg,2023-07-07,4681,17116,4,7-4681171164
Russia,Soviet Union,T-72B,abandoned,https://i.postimg.cc/4Nd157zz/1036-t72b-dam-aband-03-07-23.jpg,2023-07-14,4681,17117,4,7-4681171174
Russia,Soviet Union,T-72B,abandoned,https://twitter.com/UAWeapons/status/1689240998394671104,2023-08-12,4681,17128,4,7-4681171284
Russia,Soviet Union,T-72B,abandoned,https://i.postimg.cc/sDWVkfG0/4477.png,2023-08-30,4681,17134,4,7-4681171344
Russia,Soviet Union,T-72B,abandoned,https://i.postimg.cc/KvgcN12R/3786.png,2023-09-11,4681,17135,4,7-4681171354
Russia,Soviet Union,T-72B,abandoned,https://i.postimg.cc/jSJ8dJ3K/1042-t72b-aband-11-10-23.jpg,2023-10-12,4681,17142,4,7-4681171424
Russia,Soviet Union,T-72B,abandoned,https://i.postimg.cc/g0Yb6Wrd/1043-t72b-dam-aband-18-10-23.jpg,2023-10-22,4681,17143,4,7-4681171434
Russia,Soviet Union,T-72B,abandoned,https://i.postimg.cc/ydjpgsNf/1027-t72b-aband.jpg,2023-11-02,4681,17147,4,7-4681171474
Russia,Soviet Union,T-72B,abandoned,https://i.postimg.cc/SKWv4Wbb/1026-t72bobr22022-destr-t72b-brem1-mtlb-aband-31-10-23.jpg,2023-11-02,4681,13242,4,7-4681132424
Russia,Soviet Union,T-72B,abandoned,https://i.postimg.cc/Dyzd0W42/1016-64-BV-and-72-B-dam-aband-19-10-23.jpg,2023-11-06,4681,9031,4,7-468190314
Russia,Soviet Union,T-72B,abandoned,https://i.postimg.cc/65GVwDNJ/1015-t72b-dam-aband-14-11-23.jpg,2023-11-20,4681,17149,4,7-4681171494
Russia,Soviet Union,T-72B,abandoned,https://i.postimg.cc/nMbcJ7ct/1028-t72b-aband-03-12-23.jpg,2023-12-08,4681,17155,4,7-4681171554
Russia,Soviet Union,T-72B,abandoned,https://i.postimg.cc/9fyqRdFK/1053-t72b-dam-aband-09-10-23.jpg,2023-12-13,4681,17158,4,7-4681171584
Russia,Soviet Union,T-72B,abandoned,https://i.postimg.cc/gkvXjG4b/1023-t72b-dam-aband-23-10-23.jpg,2023-12-14,4681,17159,4,7-4681171594
Russia,Soviet Union,T-72B,abandoned,https://i.postimg.cc/8PNcZLT5/1027-t72b-aband-21-12-23.jpg,2024-01-09,4681,17163,4,7-4681171634
Russia,Soviet Union,T-72B,abandoned,https://i.postimg.cc/j5LvbcMN/1005-t72b-aband-09-11-23.jpg,2024-01-09,4681,17164,4,7-4681171644
Russia,Soviet Union,T-72B,abandoned,https://i.postimg.cc/MGNX54G2/1031-t72b-aband-27-12-23.jpg,2024-01-09,4681,17165,4,7-4681171654
Russia,Soviet Union,T-72B,abandoned,https://i.postimg.cc/Mp66rkwF/1030-T-72-B-dam-aband-18-05-23.jpg,2024-01-27,4681,17171,4,7-4681171714
Russia,Soviet Union,T-72B,abandoned,https://twitter.com/RALee85/status/1753497089315631540,2024-02-09,4681,17178,4,7-4681171784
Russia,Soviet Union,T-72B,abandoned,https://i.postimg.cc/nhfVyF6d/1035-T-72-B-dam-aband-12-02-24.jpg,2024-02-15,4681,17179,4,7-4681171794
Russia,Soviet Union,T-72B,abandoned,https://i.postimg.cc/3wCwjqd4/1052-T-72-B-dam-aband-21-02-24.jpg,2024-02-23,4681,17183,4,7-4681171834
Russia,Soviet Union,T-72B,abandoned,https://i.postimg.cc/VL5mjYBJ/1008-T-72-B-dam-aband-08-03-24.jpg,2024-04-08,4681,17191,4,7-4681171914
Russia,Soviet Union,T-72B,abandoned,https://i.postimg.cc/rpj7DF9F/1112-1x-destr-1x-dam-aband-T72-B-20-03-24.jpg,2024-04-08,4681,17188,4,7-4681171884
Russia,Soviet Union,T-72B,abandoned,https://i.postimg.cc/JnyR6GT5/1019-t72b-dam-aband-20-10-23.jpg,2024-04-08,4681,17192,4,7-4681171924
Russia,Soviet Union,T-72B,abandoned,https://i.postimg.cc/YCxrPMxf/1044-T-72-B-dam-aband-24-03-24.jpg,2024-04-08,4681,17193,4,7-4681171934
Russia,Soviet Union,T-72B,abandoned,https://i.postimg.cc/kGJ6W4Wq/1037-t72b-aband-08-04-24.jpg,2024-05-15,4681,17207,4,7-4681172074
Russia,Soviet Union,T-72B,abandoned,https://i.postimg.cc/fycZdT0R/1010-T-72-B-dam-aband-30-05-24.jpg,2024-06-06,4681,17210,4,7-4681172104
Russia,Soviet Union,T-72B,abandoned,https://i.postimg.cc/sf63sZGg/1022-T-72-B-dam-aband-18-06-24.jpg,2024-06-20,4681,17216,4,7-4681172164
Russia,Russia,T-72B Obr. 1989,abandoned,https://i.postimg.cc/rsFyfrR7/h8.png,2022-03-19,4682,17233,4,7-4682172334
Russia,Russia,T-72B Obr. 1989,abandoned,https://i.postimg.cc/6qVQKzjC/4t.png,2022-03-19,4682,17234,4,7-4682172344
Russia,Russia,T-72B Obr. 1989,abandoned,https://i.postimg.cc/CLJ0n115/490.png,2022-03-26,4682,17239,4,7-4682172394
Russia,Russia,T-72B Obr. 1989,abandoned,https://twitter.com/UAWeapons/status/1507764352774025217,2022-03-27,4682,17242,4,7-4682172424
Russia,Russia,T-72B Obr. 1989,abandoned,https://i.postimg.cc/bvc3zdgp/3g.png,2022-03-29,4682,17244,4,7-4682172444
Russia,Soviet Union,T-72B Obr. 1989,abandoned,https://i.postimg.cc/Twf33VDW/1009-t72b1989.jpg,2022-09-24,4682,17308,4,7-4682173084
Russia,Russia,T-72B Obr. 2022,abandoned,https://i.postimg.cc/K8KNkcMC/3260.png,2023-09-28,4683,17310,4,7-4683173104
Russia,Russia,T-72B Obr. 2022,abandoned,https://i.postimg.cc/8cqxMB2V/1051-2x-t72b-obr2022-1x-destr-1x-dam-aband-03-10-23.jpg,2023-10-05,4683,17313,4,7-4683173134
Russia,Russia,T-72B Obr. 2022,abandoned,https://i.postimg.cc/cC9D67N1/1032-T-72-B-Obr-2022-dam-aband-11-10-23.jpg,2023-10-12,4683,17318,4,7-4683173184
Russia,Russia,T-72B Obr. 2022,abandoned,https://i.postimg.cc/2Sr4scV3/1049-1x-destr-1x-aband-t72b-obr-2022-1x-unkn-t72-dam-aband-1x-bmp1-destr-2x-bmp2-destr.jpg,2023-10-22,4683,529,4,7-46835294
Russia,Russia,T-72B Obr. 2022,abandoned,https://i.postimg.cc/s2WJztQ7/1014-t72bobr2022-dam-aband-02-11-23.jpg,2023-11-06,4683,17322,4,7-4683173224
Russia,Russia,T-72B Obr. 2022,abandoned,https://i.postimg.cc/MG11NVNY/1017-t72bobr2022-dam-aband.jpg,2023-11-06,4683,17323,4,7-4683173234
Russia,Russia,T-72B Obr. 2022,abandoned,https://i.postimg.cc/k4cKX9n6/1032-t72bobr2022-and-3x-mtlb-dam-aband-05-11-23.jpg,2023-11-06,4683,15280,4,7-4683152804
Russia,Russia,T-72B Obr. 2022,abandoned,https://i.postimg.cc/6q6vxVp5/1038-2x-t72b-obr2022-dam-aband-08-11-23.jpg,2023-11-10,4683,17324,4,7-4683173244
Russia,Russia,T-72B Obr. 2022,abandoned,https://i.postimg.cc/Z5zfqJdd/1020-t72b-obr2022-dam-aband-12-11-23.jpg,2023-11-14,4683,17326,4,7-4683173264
Russia,Russia,T-72B Obr. 2022,abandoned,https://i.postimg.cc/1tt6ddKd/1026-t72b-obr-2022-dam-aband-16-11-23.jpg,2023-11-20,4683,17328,4,7-4683173284
Russia,Russia,T-72B Obr. 2022,abandoned,https://i.postimg.cc/02qfsMLR/1020-t72b-2022-dam-aband-09-12-23.jpg,2023-12-10,4683,17332,4,7-4683173324
Russia,Russia,T-72B Obr. 2022,abandoned,https://i.postimg.cc/ZKFLKYS9/1021-t72b-2022-dam-aband-09-12-23.jpg,2023-12-10,4683,17333,4,7-4683173334
Russia,Russia,T-72B Obr. 2022,abandoned,https://i.postimg.cc/rswdP7C2/1046-t72b-2022-dam-aband-19-10-23.jpg,2023-12-13,4683,17336,4,7-4683173364
Russia,Russia,T-72B Obr. 2022,abandoned,https://i.postimg.cc/5y4vMXJG/1006-T-72-B-Obr-2022-dam-aband-04-12-23.jpg,2023-12-13,4683,17337,4,7-4683173374
Russia,Russia,T-72B Obr. 2022,abandoned,https://i.postimg.cc/MTbR4yCV/1007-T-72-B-Obr-2022-dam-aband-04-12-23.jpg,2023-12-13,4683,17338,4,7-4683173384
Russia,Russia,T-72B Obr. 2022,abandoned,https://i.postimg.cc/D0PgpK81/1025-t72b-2022-aband-13-12-23.jpg,2023-12-17,4683,17340,4,7-4683173404
Russia,Russia,T-72B Obr. 2022,abandoned,https://i.postimg.cc/pLJsYp99/1022-t72b-obr2022-dam-aband-22-12-23.jpg,2024-01-09,4683,17349,4,7-4683173494
Russia,Russia,T-72B Obr. 2022,abandoned,https://i.postimg.cc/MTN5KBLL/1014-t72b-obr2022-aband-22-12-23.jpg,2024-01-09,4683,17350,4,7-4683173504
Russia,Russia,T-72B Obr. 2022,abandoned,https://i.postimg.cc/nLP95r0W/1017-T-72-B-Obr-2022-aband-25-12-23.jpg,2024-01-09,4683,17351,4,7-4683173514
Russia,Russia,T-72B Obr. 2022,abandoned,https://i.postimg.cc/vHsgCptG/1001-t72b-2022-dam-aband-12-10-23.jpg,2024-01-09,4683,17352,4,7-4683173524
Russia,Russia,T-72B Obr. 2022,abandoned,https://i.postimg.cc/L40B1WzC/1018-T-72-B-Obr-2022-aband-14-01-24.jpg,2024-01-19,4683,17354,4,7-4683173544
Russia,Russia,T-72B Obr. 2022,abandoned,https://i.postimg.cc/W1PcNM4v/1030-t72b2022-dam-aband-21-01-24.jpg,2024-01-30,4683,17364,4,7-4683173644
Russia,Russia,T-72B Obr. 2022,abandoned,https://i.postimg.cc/R0kZZGx8/1005-t72b2022-dam-aband-27-01-24.jpg,2024-02-09,4683,17366,4,7-4683173664
Russia,Russia,T-72B Obr. 2022,abandoned,https://i.postimg.cc/j2st6n11/1015-t72b2022-dam-aband-02-02-24.jpg,2024-02-09,4683,17367,4,7-4683173674
Russia,Russia,T-72B Obr. 2022,abandoned,https://i.postimg.cc/sx39qkL7/1015-T-72-B-Obr2022-dam-aband-27-12-23.jpg,2024-02-09,4683,17368,4,7-4683173684
Russia,Russia,T-72B Obr. 2022,abandoned,https://i.postimg.cc/Jn7Tp8sg/1025-t72b2022-dam-aband-02-02-24.jpg,2024-02-28,4683,17372,4,7-4683173724
Russia,Russia,T-72B Obr. 2022,abandoned,https://i.postimg.cc/fR45swR1/1104-t72bobr2022-dam-aband-02-04-24.jpg,2024-04-08,4683,17385,4,7-4683173854
Russia,Russia,T-72B Obr. 2022,abandoned,https://i.postimg.cc/xT7txnvD/1023-t72b-obr2022-dam-aband-21-01-24.jpg,2024-04-11,4683,17391,4,7-4683173914
Russia,Russia,T-72B Obr. 2022,abandoned,https://i.postimg.cc/3rnjk1J2/1055-T-72-B-Obr-2022-dam-aband-14-04-24.jpg,2024-04-21,4683,17393,4,7-4683173934
Russia,Russia,T-72B Obr. 2022,abandoned,https://i.postimg.cc/g2NzfSHS/1009-t72b-obr2022-aband-26-03-24.jpg,2024-04-24,4683,17394,4,7-4683173944
Russia,Russia,T-72B Obr. 2022,abandoned,https://i.postimg.cc/SKRSq6Zy/1010-t72b-obr2022-dam-aband-20-04-24.jpg,2024-04-24,4683,17395,4,7-4683173954
Russia,Russia,T-72B Obr. 2022,abandoned,https://i.postimg.cc/Y9wmq894/1012-t72b-obr2022-dam-aband-12-05-24.jpg,2024-05-15,4683,17401,4,7-4683174014
Russia,Russia,T-72B Obr. 2022,abandoned,https://i.postimg.cc/fRtfWFnG/1004-t72b-obr2022-aband-28-05-24.jpg,2024-06-02,4683,17404,4,7-4683174044
Russia,Russia,T-72B Obr. 2022,abandoned,https://i.postimg.cc/XvN3bSqy/1012-t72b-obr2022-dam-aband-27-07-24.jpg,2024-07-30,4683,17417,4,7-4683174174
Russia,Russia,T-72B Obr. 2022,abandoned,https://i.postimg.cc/L8p2xZMD/1013-t72b-obr2022-dam-aband-27-07-24.jpg,2024-07-30,4683,17418,4,7-4683174184
Russia,Russia,T-72B3,abandoned,https://i.postimg.cc/fLmkGMYm/5g6.png,2022-03-19,4684,17452,4,7-4684174524
Russia,Russia,T-72B3,abandoned,https://i.postimg.cc/4Nvz1J9Q/42.png,2022-03-19,4684,17453,4,7-4684174534
Russia,Russia,T-72B3,abandoned,https://i.postimg.cc/9Q0cgWhd/3dh0.png,2022-03-19,4684,17454,4,7-4684174544
Russia,Russia,T-72B3,abandoned,https://i.postimg.cc/sDXVZcxD/d31.png,2022-03-19,4684,17455,4,7-4684174554
Russia,Russia,T-72B3,abandoned,https://i.postimg.cc/C5JhNWxL/d31.jpg,2022-03-19,4684,17456,4,7-4684174564
Russia,Russia,T-72B3,abandoned,https://i.postimg.cc/nhLv8Gnm/35.png,2022-03-31,4684,17489,4,7-4684174894
Russia,Russia,T-72B3,abandoned,https://i.postimg.cc/50y2CGW1/h8.jpg,2022-04-23,4684,17536,4,7-4684175364
Russia,Russia,T-72B3,abandoned,https://i.postimg.cc/XvQvXWhQ/5t.jpg,2022-04-23,4684,17537,4,7-4684175374
Russia,Russia,T-72B3,abandoned,https://i.postimg.cc/QMXtXC6F/53.jpg,2022-04-23,4684,17538,4,7-4684175384
Russia,Russia,T-72B3,abandoned,https://i.postimg.cc/q7s3JVng/c7.jpg,2022-05-14,4684,17560,4,7-4684175604
Russia,Russia,T-72B3,abandoned,https://i.postimg.cc/xjhn41wr/68.jpg,2022-05-20,4684,17562,4,7-4684175624
Russia,Russia,T-72B3,abandoned,https://twitter.com/UAWeapons/status/1547277890483519488,2022-07-14,4684,17588,4,7-4684175884
Russia,Russia,T-72B3,abandoned,https://i.postimg.cc/bJF9mQgx/1012-t72b3.png,2022-08-23,4684,17602,4,7-4684176024
Russia,Russia,T-72B3 Obr. 2016,abandoned,https://i.postimg.cc/44PbCC3z/v44.png,2022-03-19,4685,17688,4,7-4685176884
Russia,Russia,T-72B3 Obr. 2016,abandoned,https://i.postimg.cc/c6ysfCQt/c9.png,2022-03-19,4685,17689,4,7-4685176894
Russia,Russia,T-72B3 Obr. 2016,abandoned,https://i.postimg.cc/prkfqWMs/b4.jpg,2022-03-19,4685,17690,4,7-4685176904
Russia,Russia,T-72B3 Obr. 2016,abandoned,https://i.postimg.cc/brDMR83Y/d4g.png,2022-03-19,4685,17691,4,7-4685176914
Russia,Russia,T-72B3 Obr. 2016,abandoned,https://i.postimg.cc/G3jxcQTv/b55.jpg,2022-03-19,4685,17692,4,7-4685176924
Russia,Russia,T-72B3 Obr. 2016,abandoned,https://i.postimg.cc/R0cYJJNJ/221.jpg,2022-03-26,4685,17729,4,7-4685177294
Russia,Russia,T-72B3 Obr. 2016,abandoned,https://i.postimg.cc/Kjsphnsw/223.jpg,2022-03-26,4685,17724,4,7-4685177244
Russia,Russia,T-72B3 Obr. 2016,abandoned,https://i.postimg.cc/fy3BTKfJ/7768.png,2022-04-21,4685,17757,4,7-4685177574
Russia,Russia,T-72B3 Obr. 2016,abandoned,https://i.postimg.cc/K8xRPxCd/8875.png,2022-06-29,4685,17778,4,7-4685177784
Russia,Russia,T-72B3 Obr. 2016,abandoned,https://i.postimg.cc/Njj1wvgY/1000.jpg,2022-07-16,4685,17782,4,7-4685177824
Russia,Russia,T-72B3 Obr. 2016,abandoned,https://twitter.com/RALee85/status/1559945981789196290,2022-08-18,4685,5989,4,7-468559894
Russia,Russia,T-72B3 Obr. 2016,abandoned,https://i.postimg.cc/C5StSnj9/1009-72-B3-M-dam-aband-02-08-23.jpg,2023-08-06,4685,17934,4,7-4685179344
Russia,Russia,T-72B3 Obr. 2016,abandoned,https://i.postimg.cc/sXqKsJX1/24.png,2023-09-02,4685,17938,4,7-4685179384
Russia,Russia,T-72B3 Obr. 2016,abandoned,https://i.postimg.cc/6302zBZh/1034-t72b3-2016-dam-aband-22-10-23.jpg,2023-12-13,4685,17961,4,7-4685179614
Russia,Russia,T-72B3 Obr. 2016,abandoned,https://i.postimg.cc/SQgYMNkS/1055-t72b3-2016-dam-aband-10-10-23.jpg,2023-12-13,4685,17962,4,7-4685179624
Russia,Russia,T-72B3 Obr. 2016,abandoned,https://i.postimg.cc/tgR2rpPB/1043-T-72-B3-Obr-2016-aband-02-07-22.jpg,2024-01-09,4685,17969,4,7-4685179694
Russia,Russia,T-72B3 Obr. 2016,abandoned,https://i.postimg.cc/tRPnSXPr/1022-T-72-B3-Obr-2016-aband-06-12-23.jpg,2024-01-09,4685,17970,4,7-4685179704
Russia,Russia,T-72B3 Obr. 2022,abandoned,https://i.postimg.cc/SKyVKtMG/1001-T-72-B-Obr-2022-destr-2x-T-72-B3-Obr-2022-dam-aband-05-10-23.png,2023-10-09,4686,17316,4,7-4686173164
Russia,Russia,T-72B3 Obr. 2022,abandoned,https://i.postimg.cc/Bvs4cFYr/1012-t72b3-obr2022-dam-aband-20-10-23.jpg,2023-10-22,4686,18010,4,7-4686180104
Russia,Russia,T-72B3 Obr. 2022,abandoned,https://i.postimg.cc/zGHQdsdB/1003-T-72-B3-obr-2022-dam-aband-01-11-23.jpg,2023-11-02,4686,18013,4,7-4686180134
Russia,Russia,T-72B3 Obr. 2022,abandoned,https://i.postimg.cc/15wDNrFw/1026-T-72-B3-Obr-2022-aband-03-12-23.jpg,2023-12-08,4686,18015,4,7-4686180154
Russia,Russia,T-72B3 Obr. 2022,abandoned,https://i.postimg.cc/XJ5qz8ZZ/1038-t72b3-2022-dam-aband-28-12-23.jpg,2024-01-09,4686,18021,4,7-4686180214
Russia,Russia,T-72B3 Obr. 2022,abandoned,https://i.postimg.cc/hvNJtsdf/1030-T-72-B3-Obr-2022-dam-aband-21-01-24.jpg,2024-01-24,4686,18022,4,7-4686180224
Russia,Russia,T-72B3 Obr. 2022,abandoned,https://i.postimg.cc/jjsxj8qP/1004-T-72-B3-Obr2022-dam-aband-09-02-24.jpg,2024-02-15,4686,18024,4,7-4686180244
Russia,Russia,T-72B3 Obr. 2022,abandoned,https://i.postimg.cc/qBYvGXQH/1015-T-72-B3-Obr2022-dam-aband-08-02-24.jpg,2024-02-15,4686,18025,4,7-4686180254
Russia,Russia,T-72B3 Obr. 2022,abandoned,https://i.postimg.cc/T1gvLpcf/1060-T72-B3-Obr2022-dam-aband-13-04-24.jpg,2024-04-14,4686,18036,4,7-4686180364
Russia,Russia,T-72B3 Obr. 2022,abandoned,https://i.postimg.cc/RZKcVt4V/1034-T72-B3-Obr2022-dam-aband-24-04-24.jpg,2024-04-27,4686,18040,4,7-4686180404
Russia,Russia,T-72B3 Obr. 2022,abandoned,https://i.postimg.cc/C1XGsbvH/1027-T-72-B3-Obr-2022-dam-aband-30-06-24.jpg,2024-07-03,4686,18049,4,7-4686180494
Russia,Soviet Union,T-80BV,abandoned,https://i.postimg.cc/fbx3fPBg/665f.jpg,2022-03-19,4688,18072,4,7-4688180724
Russia,Soviet Union,T-80BV,abandoned,https://i.postimg.cc/X7GD7K2Y/h66.jpg,2022-03-19,4688,18073,4,7-4688180734
Russia,Soviet Union,T-80BV,abandoned,https://i.postimg.cc/mgFJxNpD/544.png,2022-03-30,4688,18081,4,7-4688180814
Russia,Soviet Union,T-80BV,abandoned,https://i.postimg.cc/SxGZX1Gg/d14.jpg,2022-04-23,4688,18090,4,7-4688180904
Russia,Soviet Union,T-80BV,abandoned,https://i.postimg.cc/mhf9VRT7/d12.jpg,2022-04-23,4688,18091,4,7-4688180914
Russia,Soviet Union,T-80BV,abandoned,https://i.postimg.cc/T2yHk9RP/d13.jpg,2022-04-23,4688,18092,4,7-4688180924
Russia,Soviet Union,T-80BV,abandoned,https://i.postimg.cc/hv8ShJDX/97.png,2022-05-21,4688,18101,4,7-4688181014
Russia,Soviet Union,T-80BV,abandoned,https://i.postimg.cc/8zDZ4M2t/1000-T-80-BV-Dam-Aband-05-10-23.jpg,2023-10-09,4688,18135,4,7-4688181354
Russia,Soviet Union,T-80BV,abandoned,https://i.postimg.cc/50gJPcHx/1019-mtlb-destr-t80bv-dam-aband-22-10-23.jpg,2023-10-26,4688,15262,4,7-4688152624
Russia,Soviet Union,T-80BV,abandoned,https://i.postimg.cc/qMzDqfHL/1034-1x-t72b3-1x-t80bv-2x-unkn-tank-destr-1x-t80bv-aband-31-10-23.jpg,2023-11-02,4688,5246,4,7-468852464
Russia,Soviet Union,T-80BV,abandoned,https://i.postimg.cc/kGjHZq3V/1018-2x-t80bv-1x-destr-1x-dam-aband-31-10-23.jpg,2023-11-02,4688,18147,4,7-4688181474
Russia,Soviet Union,T-80BV,abandoned,https://i.postimg.cc/9QsZwqJJ/1001-2x-t80bv-dam-aband-06-11-23.jpg,2023-11-10,4688,18153,4,7-4688181534
Russia,Soviet Union,T-80BV,abandoned,https://i.postimg.cc/vTCWfvfN/1016-t80bv-dam-aband-14-11-23.jpg,2023-11-20,4688,18160,4,7-4688181604
Russia,Soviet Union,T-80BV,abandoned,https://i.postimg.cc/Mp7yfVT9/1019-2x-t80bv-dam-aband-16-11-23.jpg,2023-11-20,4688,18161,4,7-4688181614
Russia,Soviet Union,T-80BV,abandoned,https://i.postimg.cc/BZ8TJ0Qh/1030-t80bv-aband-03-12-23.jpg,2023-12-08,4688,18168,4,7-4688181684
Russia,Soviet Union,T-80BV,abandoned,https://i.postimg.cc/R05Nt6HJ/1012-t80bv-dam-aabnd-28-11-23.jpg,2023-12-13,4688,18170,4,7-4688181704
Russia,Soviet Union,T-80BV,abandoned,https://i.postimg.cc/Yq8R1McH/1047-1x-t80bv-dam-aband-14-12-23.jpg,2023-12-17,4688,18176,4,7-4688181764
Russia,Soviet Union,T-80BV,abandoned,https://i.postimg.cc/T3YkShj1/1028-t80bv-aband-04-12-23.jpg,2023-12-17,4688,18177,4,7-4688181774
Russia,Soviet Union,T-80BV,abandoned,https://i.postimg.cc/kg1jd9wc/1022-t80bv-aband-13-12-23.jpg,2023-12-17,4688,18178,4,7-4688181784
Russia,Soviet Union,T-80BV,abandoned,https://i.postimg.cc/C5Z4n8gg/1015-t80bv-aband-10-12-23.jpg,2024-01-09,4688,18201,4,7-4688182014
Russia,Soviet Union,T-80BV,abandoned,https://i.postimg.cc/LXQTsTGD/1016-t80bv-aband-10-12-23.jpg,2024-01-09,4688,18202,4,7-4688182024
Russia,Soviet Union,T-80BV,abandoned,https://i.postimg.cc/B6pZ9nqh/1020-t80bv-aband-21-12-23.jpg,2024-01-09,4688,18203,4,7-4688182034
Russia,Soviet Union,T-80BV,abandoned,https://i.postimg.cc/zX7B63fk/1028-t80bv-dam-aband-21-12-23.jpg,2024-01-09,4688,18204,4,7-4688182044
Russia,Soviet Union,T-80BV,abandoned,https://i.postimg.cc/mrttQRBy/1025-t80bv-dam-aband-21-12-23.jpg,2024-01-09,4688,18205,4,7-4688182054
Russia,Soviet Union,T-80BV,abandoned,https://i.postimg.cc/brjrctbm/1026-t80bv-dam-aband-21-12-23.jpg,2024-01-09,4688,18206,4,7-4688182064
Russia,Soviet Union,T-80BV,abandoned,https://i.postimg.cc/05bWFf6q/1042-t80bv-fam-aband-20-08-23.jpg,2024-01-09,4688,18207,4,7-4688182074
Russia,Soviet Union,T-80BV,abandoned,https://i.postimg.cc/d1rZrcYG/1044-t80bv-aband-25-12-23.jpg,2024-01-09,4688,18208,4,7-4688182084
Russia,Soviet Union,T-80BV,abandoned,https://i.postimg.cc/Bn1KSsL2/1004-t80bv-dam-aband-04-01-24.jpg,2024-01-09,4688,18209,4,7-4688182094
Russia,Soviet Union,T-80BV,abandoned,https://i.postimg.cc/sD8gpkjX/1028-t80bv-dam-aband-17-01-24.jpg,2024-01-21,4688,18214,4,7-4688182144
Russia,Soviet Union,T-80BV,abandoned,https://i.postimg.cc/RCgF032w/1027-t80bv-dam-aband-17-01-24.jpg,2024-01-21,4688,18215,4,7-4688182154
Russia,Soviet Union,T-80BV,abandoned,https://i.postimg.cc/pLbhN0vS/1038-T-80-BV-dam-aband-20-01-24.jpg,2024-01-24,4688,18219,4,7-4688182194
Russia,Soviet Union,T-80BV,abandoned,https://i.postimg.cc/3w9dvYGM/1049-t80bv-dam-aband-21-01-24.jpg,2024-01-24,4688,18220,4,7-4688182204
Russia,Soviet Union,T-80BV,abandoned,https://i.postimg.cc/mDk0XjmQ/1026-t80bv-aband-27-01-24.jpg,2024-01-30,4688,18224,4,7-4688182244
Russia,Soviet Union,T-80BV,abandoned,https://i.postimg.cc/zfzmW8W2/1028-t80bv-aband-27-01-24.jpg,2024-01-30,4688,18225,4,7-4688182254
Russia,Soviet Union,T-80BV,abandoned,https://i.postimg.cc/sXPsDrcQ/1035-t80bv-aband-26-01-24.jpg,2024-02-09,4688,18233,4,7-4688182334
Russia,Soviet Union,T-80BV,abandoned,https://i.postimg.cc/nhwrH2Wh/1006-t80bv-dam-aband-30-01-24.jpg,2024-02-09,4688,18234,4,7-4688182344
Russia,Soviet Union,T-80BV,abandoned,https://i.postimg.cc/XX64Gc8N/1054-T-80-BV-aband-06-02-24.jpg,2024-02-09,4688,18235,4,7-4688182354
Russia,Soviet Union,T-80BV,abandoned,https://i.postimg.cc/XY3Btwb0/1061-T-80-BV-dam-aband-06-02-24.jpg,2024-02-09,4688,18236,4,7-4688182364
Russia,Soviet Union,T-80BV,abandoned,https://i.postimg.cc/bY7tH7Vr/1056-T-80-BV-aband-06-02-24.jpg,2024-02-09,4688,18237,4,7-4688182374
Russia,Soviet Union,T-80BV,abandoned,https://i.postimg.cc/fTY0H81K/1062-T-80-BV-dam-aband-06-02-24.jpg,2024-02-09,4688,18238,4,7-4688182384
Russia,Soviet Union,T-80BV,abandoned,https://i.postimg.cc/8c5932Vx/1022-2x-t80bv-and-unkn-tank-dam-aband-17-02-24.jpg,2024-02-18,4688,5631,4,7-468856314
Russia,Soviet Union,T-80BV,abandoned,https://i.postimg.cc/MKXxKrgt/1000-t80bv-dam-aband-28-12-23.jpg,2024-02-18,4688,18244,4,7-4688182444
Russia,Soviet Union,T-80BV,abandoned,https://i.postimg.cc/2SgtZfW3/1029-t80bv-dam-aband-15-02-24.jpg,2024-02-21,4688,18247,4,7-4688182474
Russia,Soviet Union,T-80BV,abandoned,https://i.postimg.cc/sXmsx5th/1001-T-80-BV-aband-31-08-23.jpg,2024-02-23,4688,18254,4,7-4688182544
Russia,Soviet Union,T-80BV,abandoned,https://i.postimg.cc/4NW0DPDF/1012-T-80-BV-dam-aband-05-03-24.jpg,2024-04-08,4688,18289,4,7-4688182894
Russia,Soviet Union,T-80BV,abandoned,https://i.postimg.cc/ZK37KBpH/1037-T-80-BV-dam-aband-22-03-24.jpg,2024-04-08,4688,18290,4,7-4688182904
Russia,Soviet Union,T-80BV,abandoned,https://i.postimg.cc/fW0wNxKb/1083-t80bv-dam-aband-29-03-24.jpg,2024-04-08,4688,18291,4,7-4688182914
Russia,Soviet Union,T-80BV,abandoned,https://i.postimg.cc/DwNjffth/1011-T-80-BV-dam-aband-02-04-24.jpg,2024-04-08,4688,18292,4,7-4688182924
Russia,Soviet Union,T-80BV,abandoned,https://i.postimg.cc/q7yXgdz7/1033-T-80-BV-dam-aband-16-04-24.jpg,2024-04-21,4688,18304,4,7-4688183044
Russia,Soviet Union,T-80BV,abandoned,https://i.postimg.cc/gjS31zBg/1032-T-80-BV-dam-aband-16-04-24.jpg,2024-04-21,4688,18305,4,7-4688183054
Russia,Soviet Union,T-80BV,abandoned,https://i.postimg.cc/htJ0WmnT/1031-T-80-BV-dam-aband-16-04-24.jpg,2024-04-21,4688,18306,4,7-4688183064
Russia,Soviet Union,T-80BV,abandoned,https://i.postimg.cc/Jhzn0VhC/1012-T-80-BV-aband-20-04-24.jpg,2024-04-24,4688,18309,4,7-4688183094
Russia,Soviet Union,T-80BV,abandoned,https://i.postimg.cc/rpqtVYfQ/1047-T-80-BV-dam-aband-06-02-24.jpg,2024-04-27,4688,18313,4,7-4688183134
Russia,Soviet Union,T-80BV,abandoned,https://i.postimg.cc/rwV0VJVW/1027-T-80-BV-dam-aband-15-04-24.jpg,2024-05-12,4688,18323,4,7-4688183234
Russia,Soviet Union,T-80BV,abandoned,https://i.postimg.cc/qv1tz3qF/1041-T-80-BV-dam-aband-08-05-24.jpg,2024-05-12,4688,18324,4,7-4688183244
Russia,Soviet Union,T-80BV,abandoned,https://i.postimg.cc/cJmrh11q/1012-T-80-BV-dam-aband-02-04-24.jpg,2024-05-24,4688,18334,4,7-4688183344
Russia,Soviet Union,T-80BV,abandoned,https://i.postimg.cc/PJg14pJt/1032-T-80-BV-dam-aband-26-05-24.jpg,2024-05-31,4688,18338,4,7-4688183384
Russia,Soviet Union,T-80BV,abandoned,https://i.postimg.cc/dQHm8j4H/1059-T-80-BV-dam-aband-14-07-24.jpg,2024-07-15,4688,18367,4,7-4688183674
Russia,Soviet Union,T-80BV,abandoned,https://i.postimg.cc/CMmJcgL4/1040-T-80-BV-dam-aband-14-07-24.jpg,2024-07-15,4688,18368,4,7-4688183684
Russia,Soviet Union,T-80BV,abandoned,https://i.postimg.cc/fyQV10V1/1060-T-80-BV-aband-14-07-24.jpg,2024-07-15,4688,18369,4,7-4688183694
Russia,Soviet Union,T-80BV,abandoned,https://i.postimg.cc/nzDsd1hv/1061-T-80-BV-dam-aband-29-02-24.jpg,2024-07-15,4688,18370,4,7-4688183704
Russia,Soviet Union,T-80BV,abandoned,https://i.postimg.cc/bvGj8LhC/1056-T-80-BV-dam-aband-15-07-24.jpg,2024-07-18,4688,18372,4,7-4688183724
Russia,Soviet Union,T-80BV,abandoned,https://i.postimg.cc/N0MqyZrc/1011-T-80-BV-dam-aband-10-09-24.jpg,2024-09-16,4688,18392,4,7-4688183924
Russia,Soviet Union,T-80BV,abandoned,https://i.postimg.cc/dVNcntQJ/1241-T-80-BV-dam-aband-18-10-24.jpg,2024-10-22,4688,18413,4,7-4688184134
Russia,Russia,T-80BVM,abandoned,https://i.postimg.cc/ZnF3nGrh/7uu.jpg,2022-03-19,4689,18433,4,7-4689184334
Russia,Russia,T-80BVM Obr. 2022,abandoned,https://twitter.com/UAWeapons/status/1712552062364561824,2023-10-14,4690,5081,4,7-469050814
Russia,Russia,T-80BVM Obr. 2022,abandoned,https://i.postimg.cc/G3XMDk9p/1019-T-80-BVM-Obr2022-dam-aband-19-01-24.jpg,2024-04-11,4690,18476,4,7-4690184764
Russia,Russia,T-80BVM Obr. 2022,abandoned,https://i.postimg.cc/DfJT5z04/1030-T-80-BVM-Obr-2022-dam-aband-06-06-24.jpg,2024-06-11,4690,18480,4,7-4690184804
Russia,Russia,T-80BVM Obr. 2022,abandoned,https://i.postimg.cc/wBpQjyNv/1010-T-80-BVM-Obr-2022-dam-aband-11-09-24.jpg,2024-09-21,4690,18490,4,7-4690184904
Russia,Russia,T-80BVM Obr. 2022,abandoned,https://i.postimg.cc/sDZckzr8/1066-T-80-BVM-Obr-2022-dam-aband-25-09-24.jpg,2024-09-29,4690,18492,4,7-4690184924
Russia,Russia,T-80U,abandoned,https://i.postimg.cc/2Src3YPH/b67.png,2022-03-19,4691,18500,4,7-4691185004
Russia,Russia,T-80U,abandoned,https://i.postimg.cc/Bb1f2rCj/b8.jpg,2022-03-19,4691,18501,4,7-4691185014
Russia,Russia,T-80U,abandoned,https://i.postimg.cc/8Ck7L8Zk/m88.png,2022-03-19,4691,18502,4,7-4691185024
Russia,Russia,T-80U,abandoned,https://i.postimg.cc/L6bcSj1H/77633.png,2022-03-19,4691,18503,4,7-4691185034
Russia,Russia,T-80U,abandoned,https://i.postimg.cc/Y0bvnMbC/l8.png,2022-03-19,4691,18504,4,7-4691185044
Russia,Russia,T-80U,abandoned,https://i.postimg.cc/6pZrMGJj/5554.png,2022-03-19,4691,18505,4,7-4691185054
Russia,Russia,T-80U,abandoned,https://i.postimg.cc/fT1zwVth/l2.png,2022-03-19,4691,18506,4,7-4691185064
Russia,Russia,T-80U,abandoned,https://i.postimg.cc/Kjw2vWY5/l3.png,2022-03-19,4691,18507,4,7-4691185074
Russia,Russia,T-80U,abandoned,https://i.postimg.cc/prNhDTGN/n77.png,2022-03-19,4691,18508,4,7-4691185084
Russia,Russia,T-80U,abandoned,https://i.postimg.cc/90L44nrM/f58.png,2022-03-19,4691,18509,4,7-4691185094
Russia,Russia,T-80U,abandoned,https://i.postimg.cc/mg84T7cL/4g.jpg,2022-03-19,4691,18510,4,7-4691185104
Russia,Russia,T-80U,abandoned,https://i.postimg.cc/rF2MjVXk/5g3.jpg,2022-03-19,4691,18511,4,7-4691185114
Russia,Russia,T-80U,abandoned,https://i.postimg.cc/vBWYKzb7/47.png,2022-03-19,4691,18512,4,7-4691185124
Russia,Russia,T-80U,abandoned,https://i.postimg.cc/5ys6P3S7/652.png,2022-03-19,4691,18513,4,7-4691185134
Russia,Russia,T-80U,abandoned,https://i.postimg.cc/sf47Cvsh/76.jpg,2022-04-24,4691,18555,4,7-4691185554
Russia,Russia,T-80U,abandoned,https://i.postimg.cc/MGTLkhhC/655.jpg,2022-04-24,4691,12048,4,7-4691120484
Russia,Russia,T-80U,abandoned,https://i.postimg.cc/JnZFQnwx/5477.png,2022-06-05,4691,18563,4,7-4691185634
Russia,Russia,T-80U,abandoned,https://i.postimg.cc/yYRCdvZV/1500-t80u.jpg,2022-08-22,4691,18583,4,7-4691185834
Russia,Russia,T-80UK,abandoned,https://i.postimg.cc/Tw85mW08/f4.png,2022-03-19,4694,18587,4,7-4694185874
Russia,Russia,T-90A,abandoned,https://i.postimg.cc/vHYqqTjM/544.png,2022-03-19,4696,14761,4,7-4696147614
Russia,Russia,T-90A,abandoned,https://i.postimg.cc/90XRZvq9/4432.png,2022-03-19,4696,18596,4,7-4696185964
Russia,Russia,T-90A,abandoned,https://i.postimg.cc/PJxLN77q/3h.png,2022-03-19,4696,18597,4,7-4696185974
Russia,Russia,T-90A,abandoned,https://i.postimg.cc/5txSTbY7/368.png,2022-03-19,4696,18598,4,7-4696185984
Russia,Russia,T-90A,abandoned,https://twitter.com/UAWeapons/status/1573971359092412416,2022-09-26,4696,18617,4,7-4696186174
Russia,Russia,T-90A,abandoned,https://i.postimg.cc/8kxTJ87j/1006-1x-t72b3-destr-1x-t90a-destr-09-02-23.jpg,2023-02-12,4696,5075,4,7-469650754
Russia,Russia,T-90A,abandoned,https://i.postimg.cc/prcXc7Ks/1076-t90a-dam-aband-18-01-24.jpg,2024-01-21,4696,18634,4,7-4696186344
Russia,Russia,T-90A,abandoned,https://i.postimg.cc/QdfZvH8z/1028-unkn-t80-aband-28-04-24.jpg,2024-05-02,4696,18639,4,7-4696186394
Russia,Russia,T-90A,abandoned,https://i.postimg.cc/t4DTRpn1/1029-T-90-A-dam-aband-30-07-24.jpg,2024-08-03,4696,18642,4,7-4696186424
Russia,Russia,T-90M,abandoned,https://i.postimg.cc/C1Zgwtwq/1004.jpg,2022-07-11,4697,18645,4,7-4697186454
Russia,Russia,T-90M,abandoned,https://i.postimg.cc/XqwfQ1XR/245.png,2023-09-20,4697,18647,4,7-4697186474
Russia,Russia,T-90M,abandoned,https://i.postimg.cc/Y9D5qw80/1050-t90m-dam-aband-03-10-23.jpg,2023-10-05,4697,18651,4,7-4697186514
Russia,Russia,T-90M,abandoned,https://i.postimg.cc/W4X8q6mc/1000-T-90-M-dam-aband-05-10-23.png,2023-10-09,4697,18655,4,7-4697186554
Russia,Russia,T-90M,abandoned,https://i.postimg.cc/kGsz7H0t/1012-t90m-dam-aband-23-10-23.jpg,2023-10-28,4697,18657,4,7-4697186574
Russia,Russia,T-90M,abandoned,https://i.postimg.cc/y6cX9jwb/1013-t90m-dam-aband-18-11-23.jpg,2023-11-20,4697,18660,4,7-4697186604
Russia,Russia,T-90M,abandoned,https://i.postimg.cc/vB0KwK0P/1308-t90m-dam-aband-24-12-23.jpg,2024-01-09,4697,18665,4,7-4697186654
Russia,Russia,T-90M,abandoned,https://i.postimg.cc/9Xqddr7L/1044-t90m-dam-aband-12-01-24.jpg,2024-01-19,4697,18668,4,7-4697186684
Russia,Russia,T-90M,abandoned,https://i.postimg.cc/3J4jCZ1K/1019-T-90-M-aband-14-01-24.jpg,2024-01-19,4697,18669,4,7-4697186694
Russia,Russia,T-90M,abandoned,https://i.postimg.cc/vZjQ0XTB/1018-t90m-dam-aband-29-01-24.jpg,2024-02-09,4697,18673,4,7-4697186734
Russia,Russia,T-90M,abandoned,https://i.postimg.cc/hjhSHGvn/1031-T-90-M-dam-aband-03-02-24.jpg,2024-02-09,4697,18674,4,7-4697186744
Russia,Russia,T-90M,abandoned,https://i.postimg.cc/cLnydG8S/1029-t90m-dam-aband-16-02-24.jpg,2024-02-18,4697,18675,4,7-4697186754
Russia,Russia,T-90M,abandoned,https://i.postimg.cc/FzHzshSZ/1003-t90m-dam-aband-29-02-24.jpg,2024-03-02,4697,18678,4,7-4697186784
Russia,Russia,T-90M,abandoned,https://i.postimg.cc/SNGJYVjr/1051-t90m-dam-aband-04-03-24.jpg,2024-04-08,4697,18685,4,7-4697186854
Russia,Russia,T-90M,abandoned,https://i.postimg.cc/nhcM47Dt/1052-t90m-dam-aband-04-03-24.jpg,2024-04-08,4697,18686,4,7-4697186864
Russia,Russia,T-90M,abandoned,https://i.postimg.cc/HLFx1hPp/1053-t90m-dam-aband-04-03-24.jpg,2024-04-08,4697,18687,4,7-4697186874
Russia,Russia,T-90M,abandoned,https://i.postimg.cc/MTmmBzrv/1041-t90m-dam-aband-05-04-24.jpg,2024-04-08,4697,18688,4,7-4697186884
Russia,Russia,T-90M,abandoned,https://i.postimg.cc/SQ2SbKCZ/1033-t90m-dam-aband-05-04-24.jpg,2024-04-14,4697,18692,4,7-4697186924
Russia,Russia,T-90M,abandoned,https://i.postimg.cc/0yWcKZ4p/1014-t90m-dam-aband-01-05-24.jpg,2024-05-04,4697,18696,4,7-4697186964
Russia,Russia,T-90M,abandoned,https://i.postimg.cc/FzVxrxck/1015-t90m-dam-aband-01-05-24.jpg,2024-05-04,4697,18697,4,7-4697186974
Russia,Russia,T-90M,abandoned,https://i.postimg.cc/hPKrCHWL/1016-t90m-dam-aband-02-05-24.jpg,2024-05-04,4697,18698,4,7-4697186984
Russia,Russia,T-90M,abandoned,https://i.postimg.cc/NFxKdN8V/1053-t90m-dam-aband-07-05-24.jpg,2024-05-09,4697,18701,4,7-4697187014
Russia,Russia,T-90M,abandoned,https://i.postimg.cc/65928XtN/1054-t90m-dam-aband-07-03-24.jpg,2024-05-09,4697,18702,4,7-4697187024
Russia,Russia,T-90M,abandoned,https://i.postimg.cc/52r6KQvx/1056-t90m-aband-07-05-24.jpg,2024-05-09,4697,18703,4,7-4697187034
Russia,Russia,T-90M,abandoned,https://i.postimg.cc/Vs4sHbQ3/1089-t90m-aband-30-03-24.jpg,2024-05-09,4697,18704,4,7-4697187044
Russia,Russia,T-90M,abandoned,https://i.postimg.cc/B67tWh1M/1020-t90m-aband-22-05-24.jpg,2024-05-24,4697,18708,4,7-4697187084
Russia,Russia,T-90M,abandoned,https://i.postimg.cc/J4hQv0T4/1026-t90m-dam-aband-29-05-24.jpg,2024-06-02,4697,18713,4,7-4697187134
Russia,Soviet Union,TMM-3 bridge layer,abandoned,https://i.postimg.cc/C1DyRDFk/h89.jpg,2022-03-19,4700,18744,4,7-4700187444
Russia,Soviet Union,TMM-3 bridge layer,abandoned,https://i.postimg.cc/rpPCMn2C/b89.png,2022-03-19,4700,18745,4,7-4700187454
Russia,Soviet Union,TMM-3 bridge layer,abandoned,https://i.postimg.cc/85dm6pjK/44565.png,2022-03-19,4700,18746,4,7-4700187464
Russia,Russia,TZM-T reloader vehicle (for TOS-1A),abandoned,https://i.postimg.cc/3wM0txDr/4b.png,2022-03-19,4705,18773,4,7-4705187734
Russia,Russia,TZM-T reloader vehicle (for TOS-1A),abandoned,https://i.postimg.cc/T20m5nwc/5422.png,2022-03-19,4705,18774,4,7-4705187744
Russia,Soviet Union,UAZ-452 van,abandoned,https://i.postimg.cc/zBw1pdD0/1027-UAZ-452-aband-23-05-23.jpg,2023-06-01,4710,18813,4,7-4710188134
Russia,Soviet Union,UAZ-469,abandoned,https://i.postimg.cc/J4Nx3qRy/37h.png,2022-03-19,4711,18822,4,7-4711188224
Russia,Russia,UAZ Patriot,abandoned,https://i.postimg.cc/tggdgvNx/54g.jpg,2022-03-19,4712,18828,4,7-4712188284
Russia,Russia,Unknown AFV,abandoned,https://i.postimg.cc/yNKDhgkN/5g.png,2022-03-19,4713,18843,4,7-4713188434
Russia,Russia,Unknown AFV,abandoned,https://i.postimg.cc/Y965xPHs/67.jpg,2022-03-19,4713,18844,4,7-4713188444
Russia,Russia,Unknown AFV,abandoned,https://i.postimg.cc/RhRQ6vSr/dd2.jpg,2022-05-26,4713,18896,4,7-4713188964
Russia,Russia,Unknown AFV,abandoned,https://i.postimg.cc/FKrs9rX7/1008-unkn-afv.jpg,2022-08-04,4713,18935,4,7-4713189354
Russia,Russia,Unknown AFV,abandoned,https://i.postimg.cc/c49WrLL8/1016-unkn-afv-aband-28-03-23.jpg,2023-04-05,4713,18989,4,7-4713189894
Russia,Russia,Unknown AFV,abandoned,https://i.postimg.cc/yYbbg0Jz/57p.png,2023-04-21,4713,18993,4,7-4713189934
Russia,Russia,Unknown AFV,abandoned,https://i.postimg.cc/qB9m2XcG/1047-unkn-afv-aband-21-12-23.jpg,2024-01-09,4713,19021,4,7-4713190214
Russia,Russia,Unknown AFV,abandoned,https://i.postimg.cc/ZRS6TPfX/1019-unkn-afv-dam-aband-26-12-23.jpg,2024-01-09,4713,19022,4,7-4713190224
Russia,Russia,Unknown AFV,abandoned,https://i.postimg.cc/VkpHT7T7/1001-Unknown-IFV-aband-12-01-24.jpg,2024-01-19,4713,19023,4,7-4713190234
Russia,Russia,Unknown AFV,abandoned,https://i.postimg.cc/B67HGh0V/1001-Unknown-IFV-dam-aband-28-12-23.jpg,2024-01-21,4713,19024,4,7-4713190244
Russia,Russia,Unknown AFV,abandoned,https://i.postimg.cc/252B4HVS/1040-Unknown-IFV-aband-09-01-24.jpg,2024-01-21,4713,19025,4,7-4713190254
Russia,Russia,Unknown AFV,abandoned,https://i.postimg.cc/MTHftyQb/1041-Unknown-IFV-aband-09-01-24.jpg,2024-01-21,4713,19026,4,7-4713190264
Russia,Russia,Unknown AFV,abandoned,https://i.postimg.cc/d1jjH41M/1032-unkn-afv-dam-aband-21-01-24.jpg,2024-01-24,4713,19028,4,7-4713190284
Russia,Russia,Unknown AFV,abandoned,https://i.postimg.cc/BZNC2YkH/1046-unkn-afv-aband-14-01-24.jpg,2024-01-24,4713,19029,4,7-4713190294
Russia,Russia,Unknown AFV,abandoned,https://i.postimg.cc/k5th94FY/1010-unkn-afv-aband-25-01-24.jpg,2024-01-27,4713,19030,4,7-4713190304
Russia,Russia,Unknown AFV,abandoned,https://i.postimg.cc/j5wrVK4m/1023-unkn-afv-aband-30-01-24.jpg,2024-02-09,4713,19031,4,7-4713190314
Russia,Russia,Unknown AFV,abandoned,https://i.postimg.cc/Yqccpfrq/1001-Unknown-IFV-dam-aband-28-03-24.jpg,2024-04-08,4713,19043,4,7-4713190434
Russia,Russia,Unknown AFV,abandoned,https://i.postimg.cc/mZp1YCgY/1040-unkn-afv-dam-aband-09-03-24.jpg,2024-04-08,4713,19044,4,7-4713190444
Russia,Russia,Unknown AFV,abandoned,https://i.postimg.cc/gj7wGFTS/1084-Unknown-IFV-dam-aband-17-02-24.jpg,2024-04-08,4713,19045,4,7-4713190454
Russia,Russia,Unknown AFV,abandoned,https://i.postimg.cc/GpPc7Sz0/1049-unkn-afv-dam-aband-04-04-24.jpg,2024-04-11,4713,19046,4,7-4713190464
Russia,Russia,Unknown AFV,abandoned,https://i.postimg.cc/DyqS4KnP/1058-unkn-afv-aband-13-04-24.jpg,2024-04-14,4713,19048,4,7-4713190484
Russia,Russia,Unknown AFV,abandoned,https://i.postimg.cc/Znj0ST5r/1007-Unknown-IFV-aband-28-05-24.jpg,2024-06-02,4713,19056,4,7-4713190564
Russia,Russia,Unknown AFV,abandoned,https://i.postimg.cc/9FhpfvDg/1045-Unknown-IFV-dam-aband-05-07-24.jpg,2024-07-09,4713,19071,4,7-4713190714
Russia,Russia,Unknown AFV,abandoned,https://i.postimg.cc/RZ5xTDC3/1005-Unknown-IFV-aband-08-07-24.jpg,2024-07-21,4713,19077,4,7-4713190774
Russia,Russia,Unknown AFV,abandoned,https://i.postimg.cc/C1tCGCQb/1014-unkn-afv-aband-21-09-24.jpg,2024-09-25,4713,19105,4,7-4713191054
Russia,Russia,Unknown AFV,abandoned,https://i.postimg.cc/FRCQCrVy/1299-Unknown-IFV-dam-aband-15-08-24.jpg,2024-10-22,4713,19128,4,7-4713191284
Russia,Russia,Unknown AFV,abandoned,https://i.postimg.cc/MHhJx94X/1300-Unknown-IFV-dam-aband-15-08-24.jpg,2024-10-22,4713,19129,4,7-4713191294
Russia,Russia,Unknown AFV,abandoned,https://i.postimg.cc/FFq4jKRm/1301-Unknown-IFV-dam-aband-15-08-24.jpg,2024-10-22,4713,19130,4,7-4713191304
Russia,Russia,Unknown AFV,abandoned,https://i.postimg.cc/yYCFpCNZ/1319-Unknown-IFV-aband-20-10-24.jpg,2024-10-23,4713,19133,4,7-4713191334
Russia,Russia,Unknown AFV,abandoned,https://i.postimg.cc/mg7n4KNs/1042-Unknown-IFV-aband-31-10-24.jpg,2024-11-06,4713,19150,4,7-4713191504
Russia,Soviet Union,Unknown BMP-1/2,abandoned,https://i.postimg.cc/mrftFwV5/5g.jpg,2022-04-24,4715,19165,4,7-4715191654
Russia,Soviet Union,Unknown BMP-1/2,abandoned,https://i.postimg.cc/vmWTdr9s/8j.png,2022-05-14,4715,19170,4,7-4715191704
Russia,Russia,Unknown BTR-80/BTR-82A,abandoned,https://i.postimg.cc/5yXs16gn/89.png,2022-04-13,4716,19210,4,7-4716192104
Russia,Russia,Unknown BTR-80/BTR-82A,abandoned,https://i.postimg.cc/Wzwjm3MY/317.png,2022-05-01,4716,19214,4,7-4716192144
Russia,Russia,Unknown BTR-80/BTR-82A,abandoned,https://twitter.com/UAWeapons/status/1521908181542260738,2022-05-05,4716,19219,4,7-4716192194
Russia,Russia,Unknown T-62,abandoned,https://i.postimg.cc/c1bZgJgd/1020-unkn-t62-dam-aband-21-05-24.jpg,2024-05-26,4731,19317,4,7-4731193174
Russia,Russia,Unknown T-62,abandoned,https://i.postimg.cc/8PQjtqRM/1001-unkn-t62-aband-08-07-24.jpg,2024-07-15,4731,19320,4,7-4731193204
Russia,Russia,Unknown T-62,abandoned,https://i.postimg.cc/7h7bqVk5/1002-unkn-t62-aband-08-07-24.jpg,2024-07-15,4731,19321,4,7-4731193214
Russia,Russia,Unknown T-62,abandoned,https://i.postimg.cc/02VYchHQ/1002-unkn-t62-dam-aband-25-09-24.jpg,2024-10-02,4731,19325,4,7-4731193254
Russia,Russia,Unknown T-72,abandoned,https://i.postimg.cc/zvW2tVvv/1000-2x-T-72b3-1x-t72-2x-bmp3-2x-btr82-dan-aband-1x-bmp3-destr-24-01-23.jpg,2023-02-15,4732,5133,4,7-473251334
Russia,Russia,Unknown T-72,abandoned,https://i.postimg.cc/d3xqShWY/1300-T-72-B-and-unkn-T72-destr-18-07-23.jpg,2023-07-22,4732,17120,4,7-4732171204
Russia,Russia,Unknown T-72,abandoned,https://i.postimg.cc/2Sr4scV3/1049-1x-destr-1x-aband-t72b-obr-2022-1x-unkn-t72-dam-aband-1x-bmp1-destr-2x-bmp2-destr.jpg,2023-10-22,4732,529,4,7-47325294
Russia,Russia,Unknown T-72,abandoned,https://i.postimg.cc/R0R9P02N/1028-unkn-t72-dam-aband-19-10-23.jpg,2023-10-22,4732,19365,4,7-4732193654
Russia,Russia,Unknown T-72,abandoned,https://i.postimg.cc/8kynTp9c/1030-unkn-t72-and-MT-LB-with-ZU-23-aband-31-10-23.jpg,2023-11-02,4732,6168,4,7-473261684
Russia,Russia,Unknown T-72,abandoned,https://i.postimg.cc/KcfDm7zq/1007-t72b3obr2016-destr-unkn-t72-dam-aband-02-11-23.jpg,2023-11-06,4732,17949,4,7-4732179494
Russia,Russia,Unknown T-72,abandoned,https://i.postimg.cc/cHzLF2pC/1013-t72b3-aband-unkn-t72-1x-destr-1x-dam-aband-04-12-23.jpg,2023-12-08,4732,6034,4,7-473260344
Russia,Russia,Unknown T-72,abandoned,https://i.postimg.cc/zD7KFFS1/1031-unkn-t72-dam-aband-22-10-23.jpg,2023-12-13,4732,19372,4,7-4732193724
Russia,Russia,Unknown T-72,abandoned,https://i.postimg.cc/DZF4qSSZ/1035-unkn-t72-aband-22-10-23.jpg,2023-12-13,4732,19373,4,7-4732193734
Russia,Russia,Unknown T-72,abandoned,https://i.postimg.cc/W1d3q5kf/1016-unkn-t72-aband-01-01-24.jpg,2024-01-09,4732,19375,4,7-4732193754
Russia,Russia,Unknown T-72,abandoned,https://i.postimg.cc/Qx7rZ6hm/1022-unkn-t72-dam-aband-28-01-24.jpg,2024-01-30,4732,19381,4,7-4732193814
Russia,Russia,Unknown T-72,abandoned,https://i.postimg.cc/633n7SSw/1008-unkn-t72-dam-aband-20-01-24.jpg,2024-04-08,4732,19394,4,7-4732193944
Russia,Russia,Unknown T-72,abandoned,https://i.postimg.cc/k5MfcTZY/1042-unkn-t72-aband-23-03-24.jpg,2024-04-08,4732,19395,4,7-4732193954
Russia,Russia,Unknown T-72,abandoned,https://i.postimg.cc/FRBw6nqx/1023-unkn-t72-dam-aband-30-03-24.jpg,2024-04-08,4732,19396,4,7-4732193964
Russia,Russia,Unknown T-72,abandoned,https://i.postimg.cc/mZ5sPwpc/1001-unkn-t72-aband-13-04-24.jpg,2024-04-17,4732,19399,4,7-4732193994
Russia,Russia,Unknown T-72,abandoned,https://i.postimg.cc/nrgbNF9K/1000-unkn-t72-dam-aband-13-04-24.jpg,2024-04-17,4732,19400,4,7-4732194004
Russia,Russia,Unknown T-72,abandoned,https://i.postimg.cc/qvRGry7g/1023-unkn-t72-dam-aband-28-04-24.jpg,2024-05-04,4732,19401,4,7-4732194014
Russia,Russia,Unknown T-72,abandoned,https://i.postimg.cc/W1Ckxscw/1015-unkn-t72-aband-12-10-23.jpg,2024-05-15,4732,19405,4,7-4732194054
Russia,Russia,Unknown T-72,abandoned,https://i.postimg.cc/TwGS4sw6/1008-unkn-t72-dam-aband-01-07-24.jpg,2024-07-15,4732,19416,4,7-4732194164
Russia,Russia,Unknown T-72,abandoned,https://i.postimg.cc/9QJdjHxv/1059-unkn-t72-dam-aband-17-09-24.jpg,2024-09-20,4732,19423,4,7-4732194234
Russia,Russia,Unknown T-72,abandoned,https://i.postimg.cc/7Ls92zVF/1038-unkn-t72-aband-05-10-24.jpg,2024-10-09,4732,19430,4,7-4732194304
Russia,Russia,Unknown T-72,abandoned,https://i.postimg.cc/sf7H1ftv/1184-unkn-t72-aband-17-10-24.jpg,2024-10-22,4732,19432,4,7-4732194324
Russia,Russia,Unknown T-72,abandoned,https://i.postimg.cc/X7g2cHNW/1253-unkn-t72-aband-18-10-24.jpg,2024-10-22,4732,19433,4,7-4732194334
Russia,Russia,Unknown T-80,abandoned,https://i.postimg.cc/c1RSYb7Q/1005-16-10-23.jpg,2023-10-18,4733,499,4,7-47334994
Russia,Russia,Unknown T-80,abandoned,https://i.postimg.cc/bNxK4BKF/1043-unkn-t80-dam-aband-25-02-24.jpg,2024-02-26,4733,19451,4,7-4733194514
Russia,Russia,Unknown T-80,abandoned,https://i.postimg.cc/Dy376f11/1021-unkn-tank-dam-aband-25-03-24.jpg,2024-04-08,4733,19454,4,7-4733194544
Russia,Russia,Unknown T-80,abandoned,https://i.postimg.cc/NfrXpXy7/1015-unkn-t80-dam-aband-23-03-24.jpg,2024-04-27,4733,19456,4,7-4733194564
Russia,Russia,Unknown T-80,abandoned,https://i.postimg.cc/tgsD3W08/1000-unkn-t80-dam-aband-02-05-24.jpg,2024-05-04,4733,19457,4,7-4733194574
Russia,Russia,Unknown T-80,abandoned,https://i.postimg.cc/YSpnPdxy/1014-unkn-t80-aband-07-06-24.jpg,2024-06-11,4733,19459,4,7-4733194594
Russia,Russia,Unknown tank,abandoned,https://i.postimg.cc/j23fFqPt/875.jpg,2022-03-19,4734,19479,4,7-4734194794
Russia,Russia,Unknown tank,abandoned,https://i.postimg.cc/L67vXhmv/541.jpg,2022-03-19,4734,19480,4,7-4734194804
Russia,Russia,Unknown tank,abandoned,https://i.postimg.cc/gkfPzLKt/65.png,2022-03-29,4734,11946,4,7-4734119464
Russia,Russia,Unknown tank,abandoned,https://i.postimg.cc/65bxy8wG/8j.png,2022-05-14,4734,19566,4,7-4734195664
Russia,Russia,Unknown tank,abandoned,https://twitter.com/UAWeapons/status/1546089606365552640,2022-07-11,4734,14923,4,7-4734149234
Russia,Russia,Unknown tank,abandoned,https://i.postimg.cc/MKzpNpgY/1003.jpg,2022-07-29,4734,19623,4,7-4734196234
Russia,Russia,Unknown truck,abandoned,https://i.postimg.cc/26pbyqvZ/v56.png,2022-03-19,4737,19677,4,7-4737196774
Russia,Russia,Unknown truck,abandoned,https://i.postimg.cc/zDWGBmQX/dgj.png,2022-03-19,4737,19678,4,7-4737196784
Russia,Soviet Union,UR-77 'Meteorit' mine clearing vehicle,abandoned,https://i.postimg.cc/kg2sTMNt/874.jpg,2022-04-23,4739,19750,4,7-4739197504
Russia,Soviet Union,UR-77 'Meterorit' mine clearing vehicle,abandoned,https://i.postimg.cc/rppvJs6P/jj.jpg,2022-03-19,4740,19774,4,7-4740197744
Russia,Russia,Ural-4320,abandoned,https://i.postimg.cc/xd8C4F47/tt2.png,2022-03-19,4742,19848,4,7-4742198484
Russia,Russia,Ural-4320,abandoned,https://i.postimg.cc/0yrVn7sf/4314.png,2022-03-19,4742,19849,4,7-4742198494
Russia,Russia,Ural-4320,abandoned,https://i.postimg.cc/R0KVpG33/Screenshot-8272.png,2022-03-19,4742,19850,4,7-4742198504
Russia,Russia,Ural-4320,abandoned,https://postimg.cc/yDMtjPBF,2022-03-19,4742,19851,4,7-4742198514
Russia,Russia,Ural-4320,abandoned,https://i.postimg.cc/3NZBVjmC/j8l.jpg,2022-03-19,4742,19852,4,7-4742198524
Russia,Russia,Ural-4320,abandoned,https://postimg.cc/SXqk7XMx,2022-03-19,4742,19853,4,7-4742198534
Russia,Russia,Ural-4320,abandoned,https://postimg.cc/fVYM97kP,2022-03-19,4742,19854,4,7-4742198544
Russia,Russia,Ural-4320,abandoned,https://i.postimg.cc/kMY6zXXK/g43.png,2022-03-19,4742,19855,4,7-4742198554
Russia,Russia,Ural-4320,abandoned,https://i.postimg.cc/ZKHxv1VF/d12.png,2022-03-19,4742,19856,4,7-4742198564
Russia,Russia,Ural-4320,abandoned,https://i.postimg.cc/vTzf9VLH/f2.png,2022-03-19,4742,19857,4,7-4742198574
Russia,Russia,Ural-4320,abandoned,https://i.postimg.cc/vHLG8bfn/352.png,2022-03-19,4742,19858,4,7-4742198584
Russia,Russia,Ural-4320,abandoned,https://i.postimg.cc/gcZ4B3nc/46.png,2022-03-19,4742,19859,4,7-4742198594
Russia,Russia,Ural-4320,abandoned,https://i.postimg.cc/dVqB1XnD/4y.png,2022-03-19,4742,19860,4,7-4742198604
Russia,Russia,Ural-4320,abandoned,https://i.postimg.cc/66gbyLs4/p6.png,2022-03-19,4742,19861,4,7-4742198614
Russia,Russia,Ural-4320,abandoned,https://i.postimg.cc/tTB5g9by/359.png,2022-03-19,4742,19862,4,7-4742198624
Russia,Russia,Ural-4320,abandoned,https://i.postimg.cc/hjpd1JQJ/6j.png,2022-03-19,4742,19863,4,7-4742198634
Russia,Russia,Ural-4320,abandoned,https://i.postimg.cc/3xfBbDV0/1025-Ural-4320-dam-aband-25-01-24.jpg,2024-01-27,4742,20144,4,7-4742201444
Russia,Russia,Ural-4320,abandoned,https://i.postimg.cc/76mdFgWr/1051-Ural-4320-dam-aband-14-04-24.jpg,2024-04-17,4742,20213,4,7-4742202134
Russia,Russia,Ural-43206,abandoned,https://i.postimg.cc/k4x56Cb5/Screenshot-8409.png,2022-03-19,4753,20478,4,7-4753204784
Russia,Russia,Ural-43206,abandoned,https://i.postimg.cc/yYNkW1z2/471.png,2022-03-19,4753,20479,4,7-4753204794
Russia,Russia,Ural-542301 tank transporter,abandoned,https://i.postimg.cc/63s3pqTS/Screenshot-8407.png,2022-03-19,4755,20520,4,7-4755205204
Russia,Russia,Ural-63704-0010 Tornado-U,abandoned,https://i.postimg.cc/Y0JH8vN0/79.png,2022-03-19,4756,20522,4,7-4756205224
Russia,Russia,Ural Federal,abandoned,https://postimg.cc/4nNVGy79,2022-03-19,4757,20527,4,7-4757205274
Russia,Russia,Ural Federal,abandoned,https://i.postimg.cc/dV3Dkbgw/b8.png,2022-03-19,4757,20528,4,7-4757205284
Russia,Russia,Ural Federal,abandoned,https://i.postimg.cc/JhwxKbT0/4454.jpg,2022-03-19,4757,20529,4,7-4757205294
Russia,Russia,Vityaz DT-30 articulated tracked carrier,abandoned,https://i.postimg.cc/nrSm0HNP/5g.png,2022-03-19,4759,20546,4,7-4759205464
Russia,Soviet Union,ZiL-131,abandoned,https://i.postimg.cc/1ttjTBH0/4455.png,2022-03-19,4764,14290,4,7-4764142904
Russia,Soviet Union,ZiL-131,abandoned,https://i.postimg.cc/8k2Hgm1B/Screenshot-8397.png,2022-03-19,4764,20612,4,7-4764206124
Russia,Soviet Union,ZSU-23-4 Shilka,abandoned,https://twitter.com/UAWeapons/status/1557038602185576454,2022-08-13,4766,20620,4,7-4766206204
Ukraine,Turkey,1 BMC Kirpi,abandoned,https://twitter.com/UAWeapons/status/1568241700921016320,2022-09-10,4822,20683,4,380-4822206834
Ukraine,Soviet Union,1 BMR-2 mine-clearing tank,abandoned,https://i.postimg.cc/wTnz6gz2/h.png,2023-06-10,4824,20685,4,380-4824206854
Ukraine,Germany,1 Leopard 1A5,abandoned,https://twitter.com/NOELreports/status/1729602628126994531,2023-11-30,4876,20740,4,380-4876207404
Ukraine,United States,1 M88A2 armoured recovery vehicle,abandoned,https://i.postimg.cc/D0g35ktg/2011-M88-A2-Hercules-armoured-recovery-vehicle-dam-aband-07-08-24.jpg,2024-08-09,4891,20755,4,380-4891207554
Ukraine,Ukraine,1 T-72AMT Zr.2022,abandoned,https://i.postimg.cc/xjzt05NR/2001-t72amt-zr2022-dam-aband-29-06-23.png,2023-06-30,4961,20828,4,380-4961208284
Ukraine,France,1 VAB APC,abandoned,https://twitter.com/UAWeapons/status/1576553022670635008,2022-10-04,4985,20855,4,380-4985208554
Ukraine,United States,10 M1A1 SA Abrams,abandoned,https://i.postimg.cc/qRS4RtTg/2005-M1-A1-SA-Abrams-aband-09-06-24.jpg,2024-06-14,4999,20873,4,380-4999208734
Ukraine,United States,10 M1A1 SA Abrams,abandoned,https://i.postimg.cc/xdj0FD5j/2017-M1-A1-SA-Abrams-dam-aband-11-06-24.jpg,2024-06-14,4999,20874,4,380-4999208744
Ukraine,Soviet Union,100mm MT-12 anti-tank gun,abandoned,https://i.postimg.cc/MGrVpjLq/n2.png,2022-03-19,283,20898,4,380-283208984
Ukraine,United States,101 International M1224 MaxxPro,abandoned,https://i.postimg.cc/s1Fvsbkc/2006-M1224-Maxx-Pro-dam-aband-13-07-24.jpg,2024-07-18,5015,20908,4,380-5015209084
Ukraine,United States,109 M113,abandoned,https://i.postimg.cc/FFJCPxVC/2030-M113-A3-aband-05-05-24.jpg,2024-05-09,5062,20989,4,380-5062209894
Ukraine,United States,109 M113,abandoned,https://i.postimg.cc/X7fHW7hw/2039-M113-A3-dam-aband-06-05-24.jpg,2024-05-09,5062,20990,4,380-5062209904
Ukraine,Ukraine,11 Kozak-7,abandoned,https://i.postimg.cc/KjXGt6k6/2010-Kozak-7-dam-aband-30-05-24.jpg,2024-06-02,5071,20999,4,380-5071209994
Ukraine,United States,11 M1A1 SA Abrams,abandoned,https://i.postimg.cc/vmL8mj40/2013-M1-A1-SA-Abrams-dam-aband-24-07-24.jpg,2024-07-27,5074,21004,4,380-5074210044
Ukraine,Canada,11 Roshel Senator,abandoned,https://i.postimg.cc/5NLY8y01/2004-Roshel-Senator-dam-aband-20-04-24.jpg,2024-04-24,5076,21008,4,380-5076210084
Ukraine,Soviet Union,110 BMP-2(K),abandoned,https://i.postimg.cc/TYMwvWKz/221.png,2023-03-26,5078,21011,4,380-5078210114
Ukraine,Ukraine,110 BTR-4,abandoned,https://i.postimg.cc/VNPXGcmq/2000-BTR-4-E-Butsefal-dam-aband-11-09-24.jpg,2024-09-16,5079,21013,4,380-5079210134
Ukraine,United States,110 M113,abandoned,https://i.postimg.cc/26JKvFFQ/2003-M113-A3-ambulance-aband-01-04-24.jpg,2024-05-15,5083,21019,4,380-5083210194
Ukraine,Ukraine,112 T-64BV Zr. 2017,abandoned,https://i.postimg.cc/9QbRCbC2/2008-T-64-BV-Zr-2017-dam-aband-21-08-24.jpg,2024-08-25,5092,21032,4,380-5092210324
Ukraine,United States,113 M113,abandoned,https://i.postimg.cc/Y0jXrHDV/2028-M113-A3-dam-aband-10-04-24.jpg,2024-05-18,5096,21038,4,380-5096210384
Ukraine,United States,113 M113,abandoned,https://i.postimg.cc/G3S7M4H1/2027-M113-A3-aband-14-05-24.jpg,2024-05-18,5096,21039,4,380-5096210394
Ukraine,United Kingdom,12 Mastiff Protected Patrol,abandoned,https://i.postimg.cc/LXfDMN9w/2022-Mastiff-aband-07-06-23.jpg,2023-06-09,5124,21094,4,380-5124210944
Ukraine,United Kingdom,12 Mastiff Protected Patrol,abandoned,https://i.postimg.cc/XYJgvVNw/2021-Mastiff-aband-07-06-23.jpg,2023-06-09,5124,21095,4,380-5124210954
Ukraine,United Kingdom,12 Mastiff Protected Patrol,abandoned,https://i.postimg.cc/zv7nJQ9t/2020-Mastiff-aband-07-06-23.jpg,2023-06-09,5124,21096,4,380-5124210964
Ukraine,United Kingdom,12 Mastiff Protected Patrol,abandoned,https://i.postimg.cc/m2ZYdbH0/2019-Mastiff-aband-07-06-23.jpg,2023-06-09,5124,21097,4,380-5124210974
Ukraine,United States,120 M113,abandoned,https://i.postimg.cc/Kc7NwRyP/2009-M113-A3-ambulance-dam-aband-15-06-24.jpg,2024-06-16,5135,21119,4,380-5135211194
Ukraine,Soviet Union,122mm 2S1 Gvozdika,abandoned,https://i.postimg.cc/MKTfGGmK/334.png,2022-03-19,650,21141,4,380-650211414
Ukraine,United States,123 International M1224 MaxxPro,abandoned,https://i.postimg.cc/bJzVdWFf/2018-M1224-Maxx-Pro-dam-aband-31-03-24.jpg,2024-09-19,5146,21267,4,380-5146212674
Ukraine,United States,126 M113,abandoned,https://i.postimg.cc/VkcML1pd/2012-M113-A3-dam-aband-03-07-24.jpg,2024-07-09,5156,21284,4,380-5156212844
Ukraine,United States,129 International M1224 MaxxPro,abandoned,https://i.postimg.cc/pXXxBbYK/2001-M1224-Maxx-Pro-dam-aband-04-10-24.jpg,2024-10-09,5168,21307,4,380-5168213074
Ukraine,Ukraine,13 Kozak-7,abandoned,https://i.postimg.cc/ZRjPfTSw/2000-Kozak-7-dam-aband-31-05-24.jpg,2024-06-06,5173,21317,4,380-5173213174
Ukraine,Ukraine,13 Kozak-7,abandoned,https://i.postimg.cc/j5RQQDGW/2001-Kozak-7-dam-aband-31-05-24.jpg,2024-06-06,5173,21318,4,380-5173213184
Ukraine,Canada,13 Roshel Senator,abandoned,https://i.postimg.cc/6qn8GH30/2029-Roshel-Senator-dam-aband-15-05-24.jpg,2024-05-18,5180,21337,4,380-5180213374
Ukraine,United States,134 M113,abandoned,https://i.postimg.cc/BQXvCMzv/2008-M113-A3-dam-aband-23-07-24.jpg,2024-07-27,5196,21359,4,380-5196213594
Ukraine,Soviet Union,139 BMP-2(K),abandoned,https://i.postimg.cc/gj8DNcb5/2002-bmp2-aband-29-06-23.png,2023-06-30,5210,21381,4,380-5210213814
Ukraine,Soviet Union,14 BRM-1K reconnaissance vehicle,abandoned,https://i.postimg.cc/PqRLzXGH/2003-brm1kpg.jpg,2022-08-31,893,21392,4,380-893213924
Ukraine,Soviet Union,14 BRM-1K reconnaissance vehicle,abandoned,https://twitter.com/UAWeapons/status/1568241700921016320,2022-09-10,893,20683,4,380-893206834
Ukraine,Soviet Union,14 BRM-1K reconnaissance vehicle,abandoned,https://i.postimg.cc/L8M6bVH9/2000-brm-1k.jpg,2022-09-12,893,21393,4,380-893213934
Ukraine,Soviet Union,14 BRM-1K reconnaissance vehicle,abandoned,https://twitter.com/UAWeapons/status/1574132894846648320,2022-09-27,893,21394,4,380-893213944
Ukraine,United States,14 M1A1 SA Abrams,abandoned,https://i.postimg.cc/3w2T5Vhp/2003-M1-A1-SA-Abrams-dam-aband-22-07-24.jpg,2024-08-30,5220,21399,4,380-5220213994
Ukraine,Soviet Union,143 BMP-2(K),abandoned,https://i.postimg.cc/br08xRbH/2010-bmp2-dam-aband-05-07-23.jpg,2023-07-09,5231,21416,4,380-5231214164
Ukraine,United States,146 International M1224 MaxxPro,abandoned,https://i.postimg.cc/5jW4hj1F/2067-M1224-Maxx-Pro-aband-17-10-24.jpg,2024-10-22,5239,21444,4,380-5239214444
Ukraine,Soviet Union,149 BMP-2(K),abandoned,https://i.postimg.cc/d386ZDyR/2200-bmp2-destr-25-03-23.jpg,2023-07-17,5246,21463,4,380-5246214634
Ukraine,Ukraine,15 Kozak-7,abandoned,https://i.postimg.cc/RV8WXYM9/2015-Kozak-7-dam-aband-18-06-24.jpg,2024-06-20,5250,21470,4,380-5250214704
Ukraine,United States,150 M113,abandoned,https://i.postimg.cc/DwSDMCJp/2006-M113-A3-dam-aband-19-09-24.jpg,2024-09-26,5265,21501,4,380-5265215014
Ukraine,United States,151 M113,abandoned,https://i.postimg.cc/YqJpSrYH/2007-M113-A3-dam-aband-29-02-24.jpg,2024-09-29,5266,21502,4,380-5266215024
Ukraine,Soviet Union,152mm 2A36 Giatsint-B field-gun,abandoned,https://i.postimg.cc/65WyTWGL/g43g.png,2022-03-19,1043,21507,4,380-1043215074
Ukraine,Soviet Union,152mm 2A65 Msta-B howitzer,abandoned,https://i.postimg.cc/zfBM7CWN/Screenshot-8227.png,2022-03-19,1044,21515,4,380-1044215154
Ukraine,Soviet Union,152mm 2A65 Msta-B howitzer,abandoned,https://i.postimg.cc/gj9TG17c/Screenshot-8228.png,2022-03-19,1044,21516,4,380-1044215164
Ukraine,Soviet Union,153 BMP-2(K),abandoned,https://i.postimg.cc/gJf8Ng6K/2013-2x-t64bv-and-2x-bmp2-dam-aband-21-07-23.jpg,2023-07-22,5271,21609,4,380-5271216094
Ukraine,Soviet Union,156 BMP-2(K),abandoned,https://i.postimg.cc/7YF4Rbdp/2037-BMP2-aband-09-07-23.jpg,2023-07-24,5287,21789,4,380-5287217894
Ukraine,Soviet Union,156 BMP-2(K),abandoned,https://i.postimg.cc/jjXrCc2b/2042-bmp2-aband-22-07-23.jpg,2023-07-24,5287,21790,4,380-5287217904
Ukraine,United Kingdom,16 Mastiff Protected Patrol,abandoned,https://i.postimg.cc/3RqQWZWq/2032-Mastiff-dam-aband-04-06-23.jpg,2023-06-23,5297,21811,4,380-5297218114
Ukraine,United Kingdom,16 Mastiff Protected Patrol,abandoned,https://i.postimg.cc/TYp444MY/2008-Mastiff-PPV-dam-aband-04-06-23.jpg,2023-06-25,5297,21812,4,380-5297218124
Ukraine,United States,164 M113,abandoned,https://i.postimg.cc/C5ZSxCdB/2085-M113-A3-ambulance-dam-aband-16-10-24.jpg,2024-10-22,5311,21837,4,380-5311218374
Ukraine,United States,164 M113,abandoned,https://i.postimg.cc/yxwBgJSf/2090-M113-A3-dam-aband-01-10-24.jpg,2024-10-22,5311,21838,4,380-5311218384
Ukraine,United States,164 M113,abandoned,https://i.postimg.cc/PfcdF7Fm/2091-M113-A3-dam-aband-30-09-24.jpg,2024-10-22,5311,21839,4,380-5311218394
Ukraine,United States,164 M113,abandoned,https://i.postimg.cc/ZKGK0Q8T/2050-M113-A3-ambulance-aband-12-10-24.jpg,2024-10-22,5311,21840,4,380-5311218404
Ukraine,United States,164 M113,abandoned,https://i.postimg.cc/1RYz1X4V/2036-M113-A3-aband-09-10-24.jpg,2024-10-22,5311,21841,4,380-5311218414
Ukraine,United States,165 M113,abandoned,https://i.postimg.cc/FKDFjNJQ/2120-M113-A3-aband-21-10-24.jpg,2024-10-23,5313,21845,4,380-5313218454
Ukraine,Soviet Union,169 BMP-2(K),abandoned,https://i.postimg.cc/QCvkqN0n/4313.png,2023-09-28,5316,21848,4,380-5316218484
Ukraine,Canada,17 Roshel Senator,abandoned,https://i.postimg.cc/9f7T0rvy/2003-Roshel-Senator-APC-dam-aband-07-06-24.jpg,2024-06-11,5325,21864,4,380-5325218644
Ukraine,Soviet Union,174 BMP-2(K),abandoned,https://i.postimg.cc/jj25nTyn/321.png,2023-09-29,5330,21883,4,380-5330218834
Ukraine,Soviet Union,176 BMP-2(K),abandoned,https://i.postimg.cc/rFYj2FsQ/2008-bmp2-dam-aband-26-09-23.jpg,2023-10-05,5331,21885,4,380-5331218854
Ukraine,United States,18 M113,abandoned,https://i.postimg.cc/Gm0WBbtH/2023-m113-dam-aband-02-02-23.jpg,2023-02-05,5338,21894,4,380-5338218944
Ukraine,United States,185 M113,abandoned,https://i.postimg.cc/zfNnLwcS/2002-M113-A3-dam-aband-10-11-24.jpg,2024-11-14,5347,21923,4,380-5347219234
Ukraine,Ukraine,2 Cougar H,abandoned,https://i.postimg.cc/13410dMG/2014-Cougar-H-dam-aband-06-08-24.jpg,2024-08-09,5401,22017,4,380-5401220174
Ukraine,Italy,2 Iveco LMV,abandoned,https://i.postimg.cc/T2qB9JhS/3325.png,2022-10-26,5413,22031,4,380-5413220314
Ukraine,Germany,2 MAN HX81 tank transporter,abandoned,https://i.postimg.cc/DzP5KZFm/2001-MAN-HX81-tank-transporter-dam-aband-05-06-24.jpg,2024-06-28,5436,22057,4,380-5436220574
Ukraine,Ukraine,20 Kozak-7,abandoned,https://i.postimg.cc/qq4WZWDh/2007-Kozak-7-dam-aband-14-08-24.jpg,2024-08-18,5487,22116,4,380-5487221164
Ukraine,Ukraine,20 Kozak-7,abandoned,https://i.postimg.cc/J4TSP6N0/2012-Kozak-7-aband-14-08-24.jpg,2024-08-18,5487,22117,4,380-5487221174
Ukraine,Ukraine,20 Kozak-7,abandoned,https://i.postimg.cc/nhggtXwt/2011-Kozak-7-aband-14-08-24.jpg,2024-08-18,5487,22118,4,380-5487221184
Ukraine,Soviet Union,202 BMP-2(K),abandoned,https://i.postimg.cc/RhMLQgHJ/2015-bmp2-dam-aband-26-03-24.jpg,2024-04-08,5499,22134,4,380-5499221344
Ukraine,Soviet Union,202 BMP-2(K),abandoned,https://i.postimg.cc/Y93zGKrr/2026-bmp2-dam-aband-19-02-24.jpg,2024-04-08,5499,22135,4,380-5499221354
Ukraine,Soviet Union,208 BMP-2(K),abandoned,https://i.postimg.cc/BnGSDKnp/2008-bmp2-dam-aband-12-05-24.jpg,2024-05-18,5504,22154,4,380-5504221544
Ukraine,Soviet Union,25 BRM-1K reconnaissance vehicle,abandoned,https://i.postimg.cc/6ptM7DrQ/4388.png,2022-11-28,1958,22281,4,380-1958222814
Ukraine,Ukraine,26 BTR-3,abandoned,https://twitter.com/UAWeapons/status/1572668027933495297,2022-09-22,5593,22317,4,380-5593223174
Ukraine,United Kingdom,26 Mastiff Protected Patrol,abandoned,https://i.postimg.cc/bwh7TR8x/380.png,2023-09-03,5597,22327,4,380-5597223274
Ukraine,Canada,26 Roshel Senator,abandoned,https://i.postimg.cc/MH2RKgwX/2007-Roshel-Senator-MRAP-dam-aband-11-08-24.jpg,2024-08-15,5600,22334,4,380-5600223344
Ukraine,Ukraine,27 Kozak-7,abandoned,https://i.postimg.cc/qqXbj5zw/2014-Kozak-7-dam-aband-17-08-24.jpg,2024-08-28,5608,22361,4,380-5608223614
Ukraine,Canada,27 Roshel Senator,abandoned,https://i.postimg.cc/pVJwnXyD/2010-Roshel-Senator-MRAP-aband-14-08-24.jpg,2024-08-18,5613,22367,4,380-5613223674
Ukraine,Soviet Union,27 T-80BV,abandoned,https://i.postimg.cc/NM8WrWN5/2004-t80bv-dam-aband.jpg,2022-10-28,5615,22370,4,380-5615223704
Ukraine,Soviet Union,28 Unknown BMP-1/2,abandoned,https://i.postimg.cc/T1t9wT92/2009-unkn-bmp12-aband-21-09-23.jpg,2023-10-05,5628,22391,4,380-5628223914
Ukraine,Germany,3 Bergepanzer 3 armoured recovery vehicle,abandoned,https://i.postimg.cc/RVRJcg5G/2010-Bergepanzer-3-aband-28-12-23.jpg,2024-01-09,5656,22429,4,380-5656224294
Ukraine,Poland,3 Oncilla,abandoned,https://i.postimg.cc/ZqY1t7BV/2008-Oncilla-dam-aband-07-08-24.jpg,2024-08-12,5698,22481,4,380-5698224814
Ukraine,Ukraine,31 Kozak-7,abandoned,https://i.postimg.cc/yxbgDWM7/2018-Kozak-7-aband-03-09-24.jpg,2024-09-05,5738,22569,4,380-5738225694
Ukraine,United Kingdom,31 Mastiff Protected Patrol,abandoned,https://i.postimg.cc/xdSkbF9d/2007-Mastiff-dam-aband-26-10-24.jpg,2024-11-06,5741,22575,4,380-5741225754
Ukraine,Soviet Union,31 Unknown BMP-1/2,abandoned,https://i.postimg.cc/pXgB486L/2011-unkn-bmp-dam-aband-15-06-24.jpg,2024-06-16,5744,22581,4,380-5744225814
Ukraine,Germany,32 Marder 1A3,abandoned,https://i.postimg.cc/bvLVX2zX/2001-Marder-1-A3-aband-18-09-24.jpg,2024-09-22,5750,22593,4,380-5750225934
Ukraine,Soviet Union,34 UAZ-452 van,abandoned,https://i.postimg.cc/T3K9sgbT/32770.png,2023-09-08,2471,22625,4,380-2471226254
Ukraine,Turkey,35 BMC Kirpi,abandoned,https://i.postimg.cc/9X8q8Nrs/2019-BMC-Kirpi-dam-aband-03-09-24.jpg,2024-09-05,5772,22635,4,380-5772226354
Ukraine,Germany,35 Marder 1A3,abandoned,https://i.postimg.cc/zGbTW4H3/2107-CV9040-C-dam-aband-30-09-24.jpg,2024-10-22,5777,22645,4,380-5777226454
Ukraine,Soviet Union,36D6 'Tin Shield',abandoned,https://i.postimg.cc/Yqssmzzz/5549.png,2022-03-30,5791,22682,4,380-5791226824
Ukraine,Turkey,38 BMC Kirpi,abandoned,https://i.postimg.cc/6p3Pfk9W/2017-BMC-Kirpi-dam-aband-15-09-24.jpg,2024-09-19,5800,22709,4,380-5800227094
Ukraine,Soviet Union,38 BRM-1(K) reconnaissance vehicle,abandoned,https://i.postimg.cc/0NKFHnSc/2016-BRM-1-K-aband-16-06-23.jpg,2023-07-14,5801,22710,4,380-5801227104
Ukraine,United States,38 M113,abandoned,https://i.postimg.cc/SKwJVDXw/2009-M113-dam-aband-06-07-23.jpg,2023-07-09,5804,22715,4,380-5804227154
Ukraine,United States,4 M1A1 SA Abrams,abandoned,https://i.postimg.cc/6qBsx69d/2013-m1a1-abrams-dam-aband-03-03-24.jpg,2024-04-08,5846,22772,4,380-5846227724
Ukraine,United States,4 M1A1 SA Abrams,abandoned,https://i.postimg.cc/XNGrS7tY/2014-abrams-dam-aband-05-03-24.jpg,2024-04-08,5846,22773,4,380-5846227734
Ukraine,France,4 VAB APC,abandoned,https://i.postimg.cc/W4JcyFzv/2000-2x-vab-apc-dam-aban.jpg,2022-10-10,5862,22795,4,380-5862227954
Ukraine,Turkey,40 BMC Kirpi,abandoned,https://i.postimg.cc/0yFTSK88/2005-BMC-Kirpi-dam-aband-27-09-24.jpg,2024-10-02,5867,22801,4,380-5867228014
Ukraine,United States,41 M113,abandoned,https://i.postimg.cc/W3WkFtF8/2005-M113-A3-dam-aband-12-07-23.jpg,2023-07-14,5876,22816,4,380-5876228164
Ukraine,United States,41 M113,abandoned,https://i.postimg.cc/kgfLrHnR/2020-M113-A3-dam-aband-13-07-23.jpg,2023-07-14,5876,22817,4,380-5876228174
Ukraine,Ukraine,43 Kozak-7,abandoned,https://i.postimg.cc/Kcqtn5yn/2003-Kozak-7-dam-aband-27-09-24.jpg,2024-10-02,5884,22833,4,380-5884228334
Ukraine,Ukraine,43 Kozak-7,abandoned,https://i.postimg.cc/RhDf4vTP/2004-Kozak-7-dam-aband-27-09-24.jpg,2024-10-02,5884,22834,4,380-5884228344
Ukraine,Soviet Union,44 BMP-2(K),abandoned,https://twitter.com/UAWeapons/status/1572668027933495297,2022-09-22,5887,22317,4,380-5887223174
Ukraine,United States,5 International M1224 MaxxPro,abandoned,https://i.postimg.cc/d0rJ5LYt/56.png,2022-12-13,5933,22910,4,380-5933229104
Ukraine,Turkey,56 BMC Kirpi,abandoned,https://i.postimg.cc/SNC0kkF2/2008-BMC-Kirpi-aband-10-09-24.jpg,2024-11-14,5981,22989,4,380-5981229894
Ukraine,United States,57 M113,abandoned,https://i.postimg.cc/X79T6mrJ/224.png,2023-09-10,5985,22999,4,380-5985229994
Ukraine,Ukraine,58 BTR-4,abandoned,https://i.postimg.cc/0NvPrWY5/2001-btr-4-dam-aband.jpg,2022-10-29,5989,23015,4,380-5989230154
Ukraine,United States,58 M113,abandoned,https://i.postimg.cc/8kFsM9j7/2007-M113-A3-aband-02-09-23.jpg,2023-10-06,5990,23016,4,380-5990230164
Ukraine,Soviet Union,5N66M 'Clam Shell' on 40V6M mast (for S-300PT),abandoned,https://i.postimg.cc/gJ5dSnjH/1013-5-N66-M-Clam-Shell-on-40-V6-M-mast-for-S-300-PT-aband-24-02-22.jpg,2023-01-15,5998,23036,4,380-5998230364
Ukraine,Soviet Union,5P85S (launcher for S-300PS),abandoned,https://i.postimg.cc/nc1PvhZ1/411.png,2022-03-19,6003,23092,4,380-6003230924
Ukraine,Soviet Union,6 BTS-4 armoured recovery vehicle,abandoned,https://i.postimg.cc/nhNsV8vJ/2004-T72amt-and-BTS4-dam-aband-15-06-23.jpg,2023-06-16,6011,23116,4,380-6011231164
Ukraine,Ukraine,6 Cougar H,abandoned,https://i.postimg.cc/QdHwPQmb/2013-Cougar-H-dam-aband-13-08-24.jpg,2024-08-18,6013,23118,4,380-6013231184
Ukraine,Germany,6 Leopard 1A5,abandoned,https://i.postimg.cc/66h3Nnfx/2044-Leopard-1-A5-dam-aband-08-11-24.jpg,2024-11-14,6020,23125,4,380-6020231254
Ukraine,Australia,6 M113AS4,abandoned,https://i.postimg.cc/Jhz92jRs/2023-M113-AS4-dam-aband-30-09-24.jpg,2024-10-06,6023,23130,4,380-6023231304
Ukraine,United States,6 M1A1 SA Abrams,abandoned,https://i.postimg.cc/ZKQ56YnG/2011-M1-A1-SA-Abrams-dam-aband-04-05-24.jpg,2024-05-09,6025,23134,4,380-6025231344
Ukraine,United States,60 M113,abandoned,https://i.postimg.cc/bN8zMDNZ/2002-M113-A3-aband-08-10-23.jpg,2023-10-19,6038,23153,4,380-6038231534
Ukraine,Ukraine,61 Kozak-7,abandoned,https://i.postimg.cc/vmxKLq3t/2012-Kozak-7-aband-24-10-24.jpg,2024-11-06,6042,23166,4,380-6042231664
Ukraine,Ukraine,61 Kozak-7,abandoned,https://i.postimg.cc/ydqbfmG4/2013-Kozak-7-dam-aband-24-10-24.jpg,2024-11-06,6042,23167,4,380-6042231674
Ukraine,Ukraine,61 Kozak-7,abandoned,https://i.postimg.cc/PrhGRgdH/2000-Kozak-7-dam-aband-26-10-24.jpg,2024-11-06,6042,23168,4,380-6042231684
Ukraine,Ukraine,61 Kozak-7,abandoned,https://i.postimg.cc/tC50QBgx/2002-Kozak-7-dam-aband-26-10-24.jpg,2024-11-06,6042,23169,4,380-6042231694
Ukraine,United States,62 M113,abandoned,https://i.postimg.cc/MHLmR61X/2001-BTR4-destr-m113-ypr-and-leo2a4-dam-aband-01-11-23.jpg,2023-11-06,6046,23174,4,380-6046231744
Ukraine,United States,66 M113,abandoned,https://i.postimg.cc/C1G2yGWY/2000-m113-dam-aband-21-10-23.jpg,2023-11-27,6063,23204,4,380-6063232044
Ukraine,United States,68 M113,abandoned,https://twitter.com/Danspiun/status/1732002153722425499,2023-12-08,6072,23217,4,380-6072232174
Ukraine,Ukraine,69 BTR-4,abandoned,https://i.postimg.cc/4x8c3fzS/2005-btr4-dam-aband-24-01-23.jpg,2023-01-30,6075,23222,4,380-6075232224
Ukraine,Poland,7 BWP-1,abandoned,https://i.postimg.cc/ncSGLVhy/2003-BWP-1-dam-aband-04-09-24.jpg,2024-09-09,6086,23234,4,380-6086232344
Ukraine,United Kingdom,7 Husky Tactical Support Vehicle,abandoned,https://i.postimg.cc/0y45Dr4N/3329.png,2022-10-10,6091,23239,4,380-6091232394
Ukraine,Poland,7 PT-91 Twardy,abandoned,https://i.postimg.cc/0jdCvPRY/2004-PT-91-Twardy-dam-aband-26-02-24.jpg,2024-04-08,6103,23252,4,380-6103232524
Ukraine,Poland,7 PT-91 Twardy,abandoned,https://i.postimg.cc/mkGSKhqZ/2005-PT-91-Twardy-dam-aband-26-02-24.jpg,2024-04-08,6103,23253,4,380-6103232534
Ukraine,Soviet Union,70 BMP-2(K),abandoned,https://i.postimg.cc/Gp3gfZtf/478.png,2022-11-28,6112,23268,4,380-6112232684
Ukraine,Soviet Union,70 BMP-2(K),abandoned,https://i.postimg.cc/15Hpd4F9/487.png,2022-11-28,6112,23269,4,380-6112232694
Ukraine,Ukraine,71 BTR-4,abandoned,https://i.postimg.cc/8CGgYTgq/2004-BTR4-dam-aband-31-01-23.jpg,2023-02-05,6118,23280,4,380-6118232804
Ukraine,Poland,73 T-72M/M1(R),abandoned,https://i.postimg.cc/R0vzzmyY/2011-T72m1-dam-aband-22-01-24.jpg,2024-01-24,6131,23300,4,380-6131233004
Ukraine,Ukraine,74 BTR-4,abandoned,https://i.postimg.cc/YqMWJx5J/2020-btr4-aband-16-12-22.jpg,2023-02-13,6133,23309,4,380-6133233094
Ukraine,United States,8 M1A1 SA Abrams,abandoned,https://i.postimg.cc/HLMD60Qz/2018-M1-A1-SA-Abrams-dam-aband-11-05-24.jpg,2024-05-15,6169,23383,4,380-6169233834
Ukraine,Poland,8 PT-91 Twardy,abandoned,https://i.postimg.cc/mZnkySPh/2008-PT-91-Twardy-dam-aband-26-12-23.jpg,2024-06-16,6173,23387,4,380-6173233874
Ukraine,United States,80 International M1224 MaxxPro,abandoned,https://i.postimg.cc/YSqjNz6b/2012-M1224-Maxx-Pro-dam-aband-16-01-24.jpg,2024-01-21,6182,23404,4,380-6182234044
Ukraine,United States,81 M113,abandoned,https://i.postimg.cc/t4DWhGBF/2009-M113-A3-dam-aband-22-02-24.jpg,2024-02-26,6186,23410,4,380-6186234104
Ukraine,United States,81 M113,abandoned,https://i.postimg.cc/3wRp1fqV/2010-M113-A3-dam-aband-22-02-24.jpg,2024-02-26,6186,23411,4,380-6186234114
Ukraine,Ukraine,82 BTR-4,abandoned,https://i.postimg.cc/x1sPCS4H/2012-btr4-1x-destr-1x-dam-aband-m113-destr-01-08-23.jpg,2023-08-04,6191,23420,4,380-6191234204
Ukraine,Poland,83 T-72M/M1(R),abandoned,https://i.postimg.cc/D0gLrgdV/2028-t72m-dam-aband-31-08-23.jpg,2024-04-08,6197,23434,4,380-6197234344
Ukraine,Poland,85 T-72M/M1(R),abandoned,https://i.postimg.cc/1XVP0Lhx/2019-t72m-dam-aband-08-06-23.jpg,2024-05-31,6206,23456,4,380-6206234564
Ukraine,United States,86 International M1224 MaxxPro,abandoned,https://i.postimg.cc/tRf02m6C/2016-Maxx-Pro-dam-aband-09-05-24.jpg,2024-05-12,6212,23468,4,380-6212234684
Ukraine,Soviet Union,87 BMP-1(P),abandoned,https://i.postimg.cc/K8C4kkjf/6h0.png,2022-08-08,6215,23473,4,380-6215234734
Ukraine,Ukraine,87 BTR-4,abandoned,https://i.postimg.cc/FFpGGx4t/2010-btr4e-aband-08-08-23.jpg,2023-10-05,6216,23475,4,380-6216234754
Ukraine,United States,9 FMTV M1083A1P2,abandoned,https://i.postimg.cc/52rdB2gp/2000-Oshkosh-FMTV-M1083-A1-P2-dam-aband-24-07-23.jpg,2023-07-25,6233,23499,4,380-6233234994
Ukraine,United States,9 M113A3 armored personnel carrier,abandoned,https://twitter.com/UAWeapons/status/1581277782163668992,2022-10-16,6238,23505,4,380-6238235054
Ukraine,Canada,9 Roshel Senator,abandoned,https://i.postimg.cc/xdNLkYV3/2001-Roshel-Senator-dam-aband-16-11-23.jpg,2023-11-20,6244,23512,4,380-6244235124
Ukraine,Ukraine,90 T-64BV Zr. 2017,abandoned,https://i.postimg.cc/TwqwjxCt/2018-t64bv-2017-dam-aband-02-01-24.jpg,2024-01-19,6251,23527,4,380-6251235274
Ukraine,United States,94 M113,abandoned,https://i.postimg.cc/g232pjp7/2017-M113-A3-dam-aband-07-11-23.jpg,2024-04-08,6271,23573,4,380-6271235734
Ukraine,United States,94 M113,abandoned,https://i.postimg.cc/433Jvscc/2007-M113-A3-aband-04-03-24.jpg,2024-04-08,6271,23574,4,380-6271235744
Ukraine,United States,94 M113,abandoned,https://i.postimg.cc/QCKF5csj/2027-M113-A3-dam-aband-17-02-24.jpg,2024-04-08,6271,23575,4,380-6271235754
Ukraine,United States,94 M113,abandoned,https://i.postimg.cc/JncPNHqW/2015-M113-A3-dam-aband-30-03-24.jpg,2024-04-08,6271,23576,4,380-6271235764
Ukraine,Ukraine,95 BTR-4,abandoned,https://i.postimg.cc/13jcQ0nG/2012-btr4-dam-aband-12-04-24.jpg,2024-04-17,6274,23583,4,380-6274235834
Ukraine,Soviet Union,96 GAZ-66,abandoned,https://i.postimg.cc/wj9wSs48/2015-GAZ-66-dam-aband-09-07-23.jpg,2023-07-14,6283,23605,4,380-6283236054
Ukraine,United States,96 M113,abandoned,https://i.postimg.cc/3N4LcmvH/2019-M113-A3-dam-aband-11-04-24.jpg,2024-04-14,6286,23608,4,380-6286236084
Ukraine,United States,98 M113,abandoned,https://i.postimg.cc/D0gFC19V/2014-M113-A3-dam-aband-17-04-24.jpg,2024-04-21,6298,23631,4,380-6298236314
Ukraine,Ukraine,98 T-64BV Zr. 2017,abandoned,https://i.postimg.cc/0yr7WpQd/2019-t64bv2017-dam-aband-12-03-24.jpg,2024-04-08,6299,23636,4,380-6299236364
Ukraine,Ukraine,98 T-64BV Zr. 2017,abandoned,https://i.postimg.cc/PJmxWXfq/2017-T-64-BV-Zr-2017-dam-aband-15-03-24.jpg,2024-04-08,6299,23637,4,380-6299236374
Ukraine,Ukraine,98 T-64BV Zr. 2017,abandoned,https://i.postimg.cc/BvrhD5p2/2002-T-64-BV-Zr2017-aband-27-07-23.jpg,2024-04-08,6299,23638,4,380-6299236384
Ukraine,Soviet Union,99 BTR-80,abandoned,https://i.postimg.cc/DwCc5jVn/5558.png,2023-04-12,6301,23641,4,380-6301236414
Ukraine,Soviet Union,9K35 Strela-10,abandoned,https://i.postimg.cc/B61Rm1DR/b8.png,2022-03-19,4474,23702,4,380-4474237024
Ukraine,France,AMX-10 RC(R),abandoned,https://i.postimg.cc/W3pK4DzB/99701.png,2023-06-10,6315,23904,4,380-6315239044
Ukraine,France,AMX-10 RC(R),abandoned,https://i.postimg.cc/hjf04Lkh/2005-AMX-10-RC-aband-04-06-23.jpg,2023-06-23,6315,23905,4,380-6315239054
Ukraine,Germany,ATF Dingo,abandoned,https://i.postimg.cc/nzw864PR/30.png,2023-04-18,6330,24001,4,380-6330240014
Ukraine,Germany,ATF Dingo,abandoned,https://i.postimg.cc/TPHHSbrb/2002-ATF-Dingo-dam-aband-05-05-23.jpg,2023-05-10,6330,24004,4,380-6330240044
Ukraine,Turkey,BMC Kirpi,abandoned,https://i.postimg.cc/N0gbF1Tz/2003-bmc-kirpi-dam-aband-02-08-23.jpg,2023-08-04,6334,24062,4,380-6334240624
Ukraine,Turkey,BMC Kirpi,abandoned,https://i.postimg.cc/t49FQNRd/2016-BMC-Kirpi-dam-aband-16-08-23.jpg,2023-08-21,6334,24065,4,380-6334240654
Ukraine,Turkey,BMC Kirpi,abandoned,https://i.postimg.cc/KjhY9gXB/32e2.png,2023-08-30,6334,24066,4,380-6334240664
Ukraine,Soviet Union,BMP-1(P),abandoned,https://i.postimg.cc/vmNpXbHQ/gg2.png,2022-03-19,4507,24095,4,380-4507240954
Ukraine,Soviet Union,BMP-1(P),abandoned,https://i.postimg.cc/nzYYjDN8/Screenshot-8035.png,2022-03-19,4507,24096,4,380-4507240964
Ukraine,Soviet Union,BMP-1(P),abandoned,https://i.postimg.cc/8cZRwV1t/Screenshot-8037.png,2022-03-19,4507,24097,4,380-4507240974
Ukraine,Soviet Union,BMP-1(P),abandoned,https://i.postimg.cc/vTY7Wmd4/Screenshot-8038.png,2022-03-19,4507,24098,4,380-4507240984
Ukraine,Soviet Union,BMP-1(P),abandoned,https://i.postimg.cc/TYfDBCPr/577.png,2022-03-19,4507,24099,4,380-4507240994
Ukraine,Soviet Union,BMP-1(P),abandoned,https://i.postimg.cc/sgxvL5xm/689.png,2022-03-19,4507,24100,4,380-4507241004
Ukraine,Soviet Union,BMP-1(P),abandoned,https://i.postimg.cc/9Ff2bthD/a1.png,2022-06-26,4507,24151,4,380-4507241514
Ukraine,Soviet Union,BMP-1(P),abandoned,https://i.postimg.cc/JntgJKJ8/a2.png,2022-06-26,4507,24152,4,380-4507241524
Ukraine,Soviet Union,BMP-1(P),abandoned,https://i.postimg.cc/3rs64XwM/a3.png,2022-06-26,4507,24153,4,380-4507241534
Ukraine,Soviet Union,BMP-1(P),abandoned,https://twitter.com/UAWeapons/status/1568241700921016320,2022-09-10,4507,20683,4,380-4507206834
Ukraine,Soviet Union,BMP-1(P),abandoned,https://twitter.com/UAWeapons/status/1574132894846648320,2022-09-27,4507,21394,4,380-4507213944
Ukraine,Soviet Union,BMP-1(P),abandoned,https://twitter.com/UAWeapons/status/1576654743560388608,2022-10-04,4507,24198,4,380-4507241984
Ukraine,Soviet Union,BMP-1(P),abandoned,https://i.postimg.cc/Mp9mnXZs/76300.png,2022-11-28,4507,24264,4,380-4507242644
Ukraine,Soviet Union,BMP-1(P),abandoned,https://i.postimg.cc/zfgSHYVG/2011-bmp1-aband-09-10-22.jpg,2023-01-01,4507,24309,4,380-4507243094
Ukraine,Soviet Union,BMP-1(P),abandoned,https://i.postimg.cc/y8tvjXh0/2004-bmp1-destr-and-bmp1-dam-aband-26-01-23.jpg,2023-01-30,4507,24323,4,380-4507243234
Ukraine,Soviet Union,BMP-1(P),abandoned,https://twitter.com/UAWeapons/status/1632676484396531719,2023-03-07,4507,24336,4,380-4507243364
Ukraine,Soviet Union,BMP-1(P),abandoned,https://twitter.com/UAWeapons/status/1653828968628224000,2023-05-05,4507,24003,4,380-4507240034
Ukraine,Soviet Union,BMP-1(P),abandoned,https://i.postimg.cc/QMv683VY/2025-bmp1-aband-25-01-23.jpg,2023-05-10,4507,24369,4,380-4507243694
Ukraine,Soviet Union,BMP-1(P),abandoned,https://i.postimg.cc/3ww3rKTR/2002-bmp1-aband-24-02-22.jpg,2023-05-17,4507,24371,4,380-4507243714
Ukraine,Soviet Union,BMP-1(P),abandoned,https://i.postimg.cc/s2tLsJfX/2005-bmp1-dam-aband-15-06-23.jpg,2023-06-16,4507,24380,4,380-4507243804
Ukraine,Soviet Union,BMP-1(P),abandoned,https://i.postimg.cc/6qDfqkzv/2024-bmp1-dam-aband-10-07-23.jpg,2023-07-14,4507,24396,4,380-4507243964
Ukraine,Soviet Union,BMP-1(P),abandoned,https://i.postimg.cc/W31cZZqJ/2043-bmp1-dam-aband-22-07-23.jpg,2023-07-24,4507,24402,4,380-4507244024
Ukraine,Soviet Union,BMP-1(P),abandoned,https://twitter.com/UAWeapons/status/1684556026065068032,2023-07-28,4507,24405,4,380-4507244054
Ukraine,Soviet Union,BMP-1(P),abandoned,https://i.postimg.cc/Dwg5VCDk/43j.png,2023-09-10,4507,24446,4,380-4507244464
Ukraine,Soviet Union,BMP-1(P),abandoned,https://i.postimg.cc/x1z6373g/2015-bmp1-dam-aband-06-11-23.jpg,2023-11-27,4507,24462,4,380-4507244624
Ukraine,Soviet Union,BMP-1(P),abandoned,https://i.postimg.cc/kGGc3yCB/2002-bmp1-aband-13-06-24.jpg,2024-06-16,4507,24522,4,380-4507245224
Ukraine,Soviet Union,BMP-1(P),abandoned,https://i.postimg.cc/HkLZ3c57/2003-BMP-1-P-dam-aband-25-07-24.jpg,2024-07-30,4507,24529,4,380-4507245294
Ukraine,Ukraine,BMP-1TS,abandoned,https://i.postimg.cc/ht9Kz8P4/2012-BMP-1-TS-dam-aband-23-09-24.jpg,2024-09-29,6341,24559,4,380-6341245594
Ukraine,Soviet Union,BMP-2,abandoned,https://i.postimg.cc/xT3v6qKT/4470.png,2022-03-19,4511,24566,4,380-4511245664
Ukraine,Ukraine,Bogdan-5316,abandoned,https://i.postimg.cc/yNzLMGyQ/2006-Bohdan-5316-63172-dam-aband-30-05-22.jpg,2023-12-08,6347,24614,4,380-6347246144
Ukraine,Soviet Union,BRDM-2,abandoned,https://i.postimg.cc/TYfDBCPr/577.png,2022-03-19,4520,24099,4,380-4520240994
Ukraine,Soviet Union,BRDM-2,abandoned,https://i.postimg.cc/zGQd8V3S/4437.png,2022-03-19,4520,24646,4,380-4520246464
Ukraine,Soviet Union,BRDM-2,abandoned,https://i.postimg.cc/KYF1K5KZ/5547.png,2022-03-19,4520,24647,4,380-4520246474
Ukraine,Soviet Union,BRDM-2,abandoned,https://i.postimg.cc/x1Pz37Vk/5577.png,2022-03-19,4520,24648,4,380-4520246484
Ukraine,Soviet Union,BRDM-2,abandoned,https://i.postimg.cc/x1q26JWK/443o.png,2022-03-19,4520,24649,4,380-4520246494
Ukraine,Soviet Union,BRDM-2,abandoned,https://i.postimg.cc/7Pg0LbtM/553.png,2022-03-19,4520,24650,4,380-4520246504
Ukraine,Soviet Union,BRDM-2,abandoned,https://i.postimg.cc/DZ1JmY6y/4436.png,2022-03-19,4520,24651,4,380-4520246514
Ukraine,Soviet Union,BRDM-2,abandoned,https://i.postimg.cc/cLp0yYYV/795.png,2022-03-19,4520,24652,4,380-4520246524
Ukraine,Ukraine,BRDM-2L1,abandoned,https://i.postimg.cc/BnBv3W2c/2019-BRDM-2-L1-dam-aband-13-09-24.jpg,2024-09-16,6350,24773,4,380-6350247734
Ukraine,Ukraine,BRDM-2L1,abandoned,https://i.postimg.cc/j5ykDk1Q/2021-BRDM-2-L1-dam-aband-28-09-24.jpg,2024-10-02,6350,24777,4,380-6350247774
Ukraine,Soviet Union,BREM-1 armoured recovery vehicle,abandoned,https://i.postimg.cc/Sx5VFLwH/2016-BREM-1-dam-aband-26-03-24.jpg,2024-04-08,4522,24789,4,380-4522247894
Ukraine,Ukraine,BTR-4,abandoned,https://i.postimg.cc/mkdGX6cb/447.png,2022-03-19,6356,24855,4,380-6356248554
Ukraine,Ukraine,BTR-4,abandoned,https://i.postimg.cc/xd84RZV8/Screenshot-9035.png,2022-03-19,6356,24856,4,380-6356248564
Ukraine,Soviet Union,BTR-70,abandoned,https://i.postimg.cc/RCWcTD3F/579.png,2022-03-19,4530,24940,4,380-4530249404
Ukraine,Soviet Union,BTR-D,abandoned,https://i.postimg.cc/HLZ3YLKk/2007-BTR-D-dam-aband-21-08-24.jpg,2024-08-25,4535,25078,4,380-4535250784
Ukraine,Soviet Union,BTS-4A armoured recovery vehicle,abandoned,https://i.postimg.cc/QC6tSCcB/3254.png,2023-09-10,4541,25082,4,380-4541250824
Ukraine,Soviet Union,BTS-4A armoured recovery vehicle,abandoned,https://i.postimg.cc/xdZbhh2Z/2002-BTS-4-A-armoured-recovery-vehicle-dam-aband-26-04-24.jpg,2024-07-06,4541,25086,4,380-4541250864
Ukraine,Yugoslavia,BVP M-80A,abandoned,https://i.postimg.cc/C5wgBCTP/742.png,2023-08-30,6366,25113,4,380-6366251134
Ukraine,Yugoslavia,BVP M-80A,abandoned,https://i.postimg.cc/dtFQTP2S/2020-BVP-M-80-A-dam-aband-18-12-23.jpg,2024-08-31,6366,25115,4,380-6366251154
Ukraine,Yugoslavia,BVP M-80A,abandoned,https://i.postimg.cc/8CkTTMnC/2000-BVP-M-80-A-dam-aband-29-09-23.jpg,2024-10-02,6366,25117,4,380-6366251174
Ukraine,Sweden,CV9040C,abandoned,https://i.postimg.cc/jj1fCX98/314.png,2023-09-25,6369,25126,4,380-6369251264
Ukraine,Sweden,CV9040C,abandoned,https://i.postimg.cc/0QQW92Qz/2002-CV9040-C-dam-aband-18-09-24.jpg,2024-09-22,6369,25130,4,380-6369251304
Ukraine,Sweden,CV9040C,abandoned,https://i.postimg.cc/zGbTW4H3/2107_CV9040C_dam_aband_30_09_24.jpg,2024-10-22,6369,25133,4,380-6369251334
Ukraine,Sweden,CV9040C,abandoned,https://i.postimg.cc/P5GF4zvW/2023-CV9040-C-dam-aband-25-10-24.jpg,2024-11-06,6369,25136,4,380-6369251364
Ukraine,Soviet Union,GAZ-66,abandoned,https://i.postimg.cc/YC0mqTkH/58.png,2022-03-19,4553,25200,4,380-4553252004
Ukraine,Soviet Union,GAZ-66,abandoned,https://i.postimg.cc/gj9TG17c/Screenshot-8228.png,2022-03-19,4553,21516,4,380-4553215164
Ukraine,Soviet Union,GAZ-66,abandoned,https://i.postimg.cc/qvyKsBvd/Screenshot-8260.png,2022-03-19,4553,25201,4,380-4553252014
Ukraine,United Kingdom,Husky Tactical Support Vehicle,abandoned,https://i.postimg.cc/qBP3Vf5F/2000-Husky-TSV-aband-04-06-23.jpg,2023-06-28,6385,25312,4,380-6385253124
Ukraine,United Kingdom,Husky Tactical Support Vehicle,abandoned,https://i.postimg.cc/Dw29LfTf/2013-Husky-aband-17-08-23.jpg,2023-10-12,6385,25316,4,380-6385253164
Ukraine,Soviet Union,IMR-2 combat engineering vehicle,abandoned,https://i.postimg.cc/DwF40rFd/2006-IMR-2-dam-aband-22-06-23.jpg,2023-06-28,4559,25325,4,380-4559253254
Ukraine,United States,International M1224 MaxxPro,abandoned,https://i.postimg.cc/c4dfNZ35/2007-Maxx-Pro-aband-06-02-23.jpg,2023-02-21,6387,25343,4,380-6387253434
Ukraine,United States,International M1224 MaxxPro,abandoned,https://i.postimg.cc/rmPw8K9Z/2015-Maxx-Pro-aband-05-06-23.jpg,2023-06-15,6387,25365,4,380-6387253654
Ukraine,United States,International M1224 MaxxPro,abandoned,https://i.postimg.cc/ryDS547m/2016-Maxx-Pro-aband-05-06-23.jpg,2023-06-15,6387,25366,4,380-6387253664
Ukraine,United States,International M1224 MaxxPro,abandoned,https://i.postimg.cc/gkQTFHmy/2009-Maxx-Pro-aband-05-06-23.jpg,2023-06-25,6387,25373,4,380-6387253734
Ukraine,United States,International M1224 MaxxPro,abandoned,https://i.postimg.cc/JhGWt8hL/2016-1x-maxxpro-destr-1x-aband-07-07-23.jpg,2023-07-09,6387,25376,4,380-6387253764
Ukraine,United States,International M1224 MaxxPro,abandoned,https://i.postimg.cc/t4YWbwv1/520.png,2023-09-25,6387,25392,4,380-6387253924
Ukraine,United States,International M1224 MaxxPro,abandoned,https://i.postimg.cc/bJFrxzjz/2010-Maxpro-dam-aband-11-10-23.jpg,2023-10-19,6387,25396,4,380-6387253964
Ukraine,United States,International M1224 MaxxPro,abandoned,https://i.postimg.cc/5NLYfJJT/2003-Maxx-Pro-dam-aband-12-11-23.jpg,2023-11-14,6387,25400,4,380-6387254004
Ukraine,United States,International M1224 MaxxPro,abandoned,https://i.postimg.cc/7ZS1tJKv/2000-maxxpro-aband-20-11-23.jpg,2023-12-16,6387,25407,4,380-6387254074
Ukraine,Italy,Iveco LMV,abandoned,https://i.postimg.cc/SNHg60tp/2016-Iveco-LMV-dam-aband-24-02-24.jpg,2024-02-29,6392,25420,4,380-6392254204
Ukraine,Italy,Iveco LMV,abandoned,https://i.postimg.cc/5Ns7FKb9/2020-Iveco-LMV-dam-aband-29-10-24.jpg,2024-11-14,6392,25422,4,380-6392254224
Ukraine,Ukraine,Kozak-2,abandoned,https://postimg.cc/JD2WNfPx,2022-03-19,6396,25458,4,380-6396254584
Ukraine,Ukraine,Kozak-2,abandoned,https://i.postimg.cc/vH1LW595/2003-kozak2-dam-aband-29-12-22.jpg,2023-01-22,6396,25512,4,380-6396255124
Ukraine,Ukraine,Kozak-2M1,abandoned,https://i.postimg.cc/QdmcSnZC/2000-kozak2m1-dam-aband-27-12-22.jpg,2023-02-18,6397,25558,4,380-6397255584
Ukraine,Ukraine,Kozak-2M1,abandoned,https://i.postimg.cc/Jn5nBY5h/2001-Kozak-2-M1-dam-aband-26-02-24.jpg,2024-03-02,6397,25574,4,380-6397255744
Ukraine,Ukraine,Kozak-2M1,abandoned,https://i.postimg.cc/x8wmmSdp/2008-Kozak-2-M1-dam-aband-04-07-24.jpg,2024-07-09,6397,25578,4,380-6397255784
Ukraine,Ukraine,Kozak-7,abandoned,https://i.postimg.cc/yxz9hJZK/2010-Kozak-7-dam-aband-16-02-24.jpg,2024-04-08,6399,25591,4,380-6399255914
Ukraine,Poland,KTO Rosomak,abandoned,https://i.postimg.cc/h4Tn8QJg/5422.png,2023-09-28,6410,25736,4,380-6410257364
Ukraine,Germany,Leopard 2A4,abandoned,https://i.postimg.cc/MHLmR61X/2001-BTR4-destr-m113-ypr-and-leo2a4-dam-aband-01-11-23.,2023-11-06,6417,25843,4,380-6417258434
Ukraine,Germany,Leopard 2A4,abandoned,https://twitter.com/Danspiun/status/1730576182045712875,2023-12-04,6417,25845,4,380-6417258454
Ukraine,Germany,Leopard 2A4,abandoned,https://i.postimg.cc/8zz51WFh/2001-leo2a4-dam-aband-24-12-23.jpg,2024-01-09,6417,25846,4,380-6417258464
Ukraine,Germany,Leopard 2A4,abandoned,https://i.postimg.cc/8CpXpPYX/2000-leo2a4-dam-aband-16-02-24.jpg,2024-02-23,6417,25849,4,380-6417258494
Ukraine,Germany,Leopard 2A4,abandoned,https://i.postimg.cc/T1mjJSr4/2011-Leopard-2-A4-dam-aband-10-05-24.jpg,2024-05-12,6417,25852,4,380-6417258524
Ukraine,Germany,Leopard 2A4,abandoned,https://i.postimg.cc/RhjFFrYR/2008-Leopard-2-A4-dam-aband-14-06-24.jpg,2024-06-20,6417,25853,4,380-6417258534
Ukraine,Germany,Leopard 2A6,abandoned,https://i.postimg.cc/rmmvLPDx/h.png,2023-06-10,6418,25856,4,380-6418258564
Ukraine,Germany,Leopard 2A6,abandoned,https://i.postimg.cc/tJSnJS9F/v7.png,2023-06-12,6418,25858,4,380-6418258584
Ukraine,Germany,Leopard 2A6,abandoned,https://i.postimg.cc/tgy29Hgv/2000_Leopard_2a6_dam_aband_07_06_23.jpg,2023-06-23,6418,25859,4,380-6418258594
Ukraine,Germany,Leopard 2A6,abandoned,https://i.postimg.cc/wjnSJLTC/2007-Leopard-2-A6-dam-aband-27-07-23.jpg,2023-08-06,6418,25863,4,380-6418258634
Ukraine,Germany,Leopard 2A6,abandoned,https://i.postimg.cc/SKTfNnGY/2015-leo2a6-dam-aband-30-10-23.jpg,2023-11-01,6418,25866,4,380-6418258664
Ukraine,Germany,Leopard 2A6,abandoned,https://i.postimg.cc/YC985GtN/2011-Leopard-2-A6-aband-28-11-23.jpg,2024-01-09,6418,25868,4,380-6418258684
Ukraine,Finland,Leopard 2R mine-clearing tank,abandoned,https://i.postimg.cc/bJ4KP8tn/665h8.png,2023-06-12,6419,25871,4,380-6419258714
Ukraine,Finland,Leopard 2R mine-clearing tank,abandoned,https://i.postimg.cc/ZnrDhNZk/ff2.png,2023-06-12,6419,25872,4,380-6419258724
Ukraine,United States,M1114 and M1151 HMMWV,abandoned,https://i.postimg.cc/FzpxqYYX/477.png,2023-04-08,6421,25926,4,380-6421259264
Ukraine,United States,M1114 and M1151 HMMWV,abandoned,https://i.postimg.cc/TPmCksYz/2017-humwee-dam-aband-08-05-23.jpg,2023-05-10,6421,25931,4,380-6421259314
Ukraine,United States,M1114 and M1151 HMMWV,abandoned,https://i.postimg.cc/MKTtkHpb/2016-humwee-dam-aband-08-05-23.jpg,2023-05-10,6421,25932,4,380-6421259324
Ukraine,United States,M1114 and M1151 HMMWV,abandoned,https://i.postimg.cc/dtFgnG12/2003-M1151-HMMWV-dam-aband-16-05-24.jpg,2024-05-24,6421,25971,4,380-6421259714
Ukraine,United States,M1114 and M1151 HMMWV,abandoned,https://i.postimg.cc/ZYW4T0s9/2010-M1151-HMMWV-dam-aband-12-08-24.jpg,2024-08-15,6421,25979,4,380-6421259794
Ukraine,United States,M1114 and M1151 HMMWV,abandoned,https://i.postimg.cc/t4CKXF1m/2016-M1151-HMMWV-dam-aband-28-10-24.jpg,2024-11-06,6421,26002,4,380-6421260024
Ukraine,United States,M1114 and M1151 HMMWV,abandoned,https://i.postimg.cc/15m7X1xY/2019-M1151-HMMWV-dam-aband-17-10-24.jpg,2024-11-14,6421,26004,4,380-6421260044
Ukraine,United States,M1114 and M1151 HMMWV,abandoned,https://i.postimg.cc/hthC88tL/2025-M1151-HMMWV-dam-aband-02-11-24.jpg,2024-11-14,6421,26005,4,380-6421260054
Ukraine,United States,M1126 Stryker,abandoned,https://i.postimg.cc/JnnVGYB7/2012-M1126-Stryker-infantry-carrier-vehicle-dam-aband-18-08-23.jpg,2023-11-01,6422,26012,4,380-6422260124
Ukraine,United States,M1126 Stryker,abandoned,https://i.postimg.cc/R0WhfWQj/2003-M1126-Stryker-Infantry-Carrier-Vehicle-dam-aband-29-08-24.jpg,2024-09-03,6422,26020,4,380-6422260204
Ukraine,United States,M1126 Stryker,abandoned,https://i.postimg.cc/XYYTq9tn/2011-M1126-Stryker-infantry-carrier-vehicle-aband-02-10-24.jpg,2024-10-06,6422,26028,4,380-6422260284
Ukraine,Denmark,M113G3DK/G4DK,abandoned,https://i.postimg.cc/kG3HnnFJ/4311.png,2023-03-26,6423,26033,4,380-6423260334
Ukraine,Denmark,M113G3DK/G4DK,abandoned,https://i.postimg.cc/gkmdkXBZ/2012-M113-G4-DK-dam-aband-26-01-24.jpg,2024-02-15,6423,26034,4,380-6423260344
Ukraine,Denmark,M113G3DK/G4DK,abandoned,https://i.postimg.cc/9MRsXmHr/2103-M113-G4-DK-aband-17-03-23.jpg,2024-09-19,6423,26036,4,380-6423260364
Ukraine,United States,M1152 HMMWV,abandoned,https://i.postimg.cc/8c4XPqzN/2014-M1152-HMMWV-dam-aband-24-10-24.jpg,2024-11-06,6424,26066,4,380-6424260664
Ukraine,United States,M2A2 Bradley ODS-SA,abandoned,https://i.postimg.cc/rmmvLPDx/h.png,2023-06-10,6425,25856,4,380-6425258564
Ukraine,United States,M2A2 Bradley ODS-SA,abandoned,https://twitter.com/UAWeapons/status/1667193762483691520,2023-06-10,6425,26067,4,380-6425260674
Ukraine,United States,M2A2 Bradley ODS-SA,abandoned,https://i.postimg.cc/FKdkX1FZ/55777.png,2023-06-10,6425,26068,4,380-6425260684
Ukraine,United States,M2A2 Bradley ODS-SA,abandoned,https://i.postimg.cc/6Qk0DkK8/99701.png,2023-06-10,6425,26069,4,380-6425260694
Ukraine,United States,M2A2 Bradley ODS-SA,abandoned,https://i.postimg.cc/Y96ZtPjC/2000-m2a2-bradley-1x-destr-1x-aband-10-06-23.jpg,2023-06-11,6425,26072,4,380-6425260724
Ukraine,United States,M2A2 Bradley ODS-SA,abandoned,https://i.postimg.cc/5t4H5Wj8/88k6.png,2023-06-12,6425,26073,4,380-6425260734
Ukraine,United States,M2A2 Bradley ODS-SA,abandoned,https://i.postimg.cc/MHdVRZmM/ff3f.png,2023-06-12,6425,26074,4,380-6425260744
Ukraine,United States,M2A2 Bradley ODS-SA,abandoned,https://twitter.com/UAWeapons/status/1673343156203536385,2023-06-27,6425,26077,4,380-6425260774
Ukraine,United States,M2A2 Bradley ODS-SA,abandoned,https://twitter.com/UAWeapons/status/1678492621163884544,2023-07-11,6425,26083,4,380-6425260834
Ukraine,United States,M2A2 Bradley ODS-SA,abandoned,https://twitter.com/UAWeapons/status/1679117720384569352,2023-07-14,6425,26085,4,380-6425260854
Ukraine,United States,M2A2 Bradley ODS-SA,abandoned,https://i.postimg.cc/XvyMQ6DW/2005-bradley-dam-aband-24-07-23.jpg,2023-07-25,6425,26095,4,380-6425260954
Ukraine,United States,M2A2 Bradley ODS-SA,abandoned,https://i.postimg.cc/SKMvGRvw/2005-bradley-dam-aband-25-07-23.jpg,2023-07-26,6425,26097,4,380-6425260974
Ukraine,United States,M2A2 Bradley ODS-SA,abandoned,https://i.postimg.cc/jjWpZrJ7/238.png,2023-09-28,6425,26111,4,380-6425261114
Ukraine,United States,M2A2 Bradley ODS-SA,abandoned,https://twitter.com/RALee85/status/1720182958294757703,2023-11-10,6425,26115,4,380-6425261154
Ukraine,United States,M2A2 Bradley ODS-SA,abandoned,https://i.postimg.cc/ZnHNk564/2002-Bradley-dam-aband-16-11-23.jpg,2023-11-20,6425,26117,4,380-6425261174
Ukraine,United States,M2A2 Bradley ODS-SA,abandoned,https://i.postimg.cc/rFc4DF3k/2007-bradley-22-11-23.jpg,2023-11-24,6425,26118,4,380-6425261184
Ukraine,United States,M2A2 Bradley ODS-SA,abandoned,https://i.postimg.cc/nLNmM2JK/2011-M2-A2-Bradley-ODS-SA-aband-01-01-24.jpg,2024-01-09,6425,26123,4,380-6425261234
Ukraine,United States,M2A2 Bradley ODS-SA,abandoned,https://i.postimg.cc/KjNTJBv3/2009-bradley-dam-aband-21-10-23.jpg,2024-01-19,6425,26125,4,380-6425261254
Ukraine,United States,M2A2 Bradley ODS-SA,abandoned,https://i.postimg.cc/tTFzJGNw/2014-bradley-dam-aband-06-02-24.jpg,2024-02-09,6425,26127,4,380-6425261274
Ukraine,United States,M2A2 Bradley ODS-SA,abandoned,https://i.postimg.cc/zDRfPHXm/2042-bradley-dam-aband-31-01-24.jpg,2024-04-08,6425,26133,4,380-6425261334
Ukraine,United States,M2A2 Bradley ODS-SA,abandoned,https://i.postimg.cc/6pQYDR4p/2014-M2-A2-Bradley-ODS-SA-dam-aband-07-03-24.jpg,2024-04-08,6425,26134,4,380-6425261344
Ukraine,United States,M2A2 Bradley ODS-SA,abandoned,https://i.postimg.cc/vZS3MB5L/2015-M2-A2-Bradley-ODS-SA-dam-aband-07-03-24.jpg,2024-04-08,6425,26135,4,380-6425261354
Ukraine,United States,M2A2 Bradley ODS-SA,abandoned,https://i.postimg.cc/FspTWGR6/2016-M2-A2-Bradley-ODS-SA-dam-07-03-24.jpg,2024-04-08,6425,26136,4,380-6425261364
Ukraine,United States,M2A2 Bradley ODS-SA,abandoned,https://i.postimg.cc/kg4FzY4M/2008-M2-A2-Bradley-ODS-SA-dam-aband-17-02-24.jpg,2024-04-17,6425,26139,4,380-6425261394
Ukraine,United States,M2A2 Bradley ODS-SA,abandoned,https://i.postimg.cc/3xLbjtP8/2023-Bradley-dam-aband-06-04-24.jpg,2024-05-04,6425,26143,4,380-6425261434
Ukraine,United States,M2A2 Bradley ODS-SA,abandoned,https://i.postimg.cc/zXcfwjzn/2009-M2-A2-Bradley-dam-aband-06-05-24.jpg,2024-05-12,6425,26145,4,380-6425261454
Ukraine,United States,M2A2 Bradley ODS-SA,abandoned,https://i.postimg.cc/zBc0q6dF/2008-M2-A2-Bradley-ODS-SA-aband-24-05-24.jpg,2024-05-26,6425,26147,4,380-6425261474
Ukraine,United States,M2A2 Bradley ODS-SA,abandoned,https://i.postimg.cc/13FSPC8X/2001-M2-A2-Bradley-ODS-SA-dam-aband-28-05-24.jpg,2024-06-02,6425,26148,4,380-6425261484
Ukraine,United States,M2A2 Bradley ODS-SA,abandoned,https://i.postimg.cc/9X159SDb/2005-M2-A2-Bradley-ODS-SA-dam-aband-02-06-24.jpg,2024-06-06,6425,26149,4,380-6425261494
Ukraine,United States,M2A2 Bradley ODS-SA,abandoned,https://i.postimg.cc/3xqj7Qf1/2006-M2-A2-Bradley-ODS-SA-dam-aband-27-05-24.jpg,2024-06-09,6425,26150,4,380-6425261504
Ukraine,United States,M2A2 Bradley ODS-SA,abandoned,https://i.postimg.cc/fR1xsC39/2018-M2-A2-Bradley-ODS-SA-aband-05-06-24.jpg,2024-06-15,6425,26154,4,380-6425261544
Ukraine,United States,M2A2 Bradley ODS-SA,abandoned,https://i.postimg.cc/y6wM8VSJ/2003-M2-A2-Bradley-ODS-SA-dam-aband-21-06-24.jpg,2024-06-24,6425,26157,4,380-6425261574
Ukraine,United States,M2A2 Bradley ODS-SA,abandoned,https://i.postimg.cc/yYC9GJmf/2002-M2-A2-Bradley-ODS-SA-dam-aband-08-07-24.jpg,2024-07-15,6425,26159,4,380-6425261594
Ukraine,United States,M2A2 Bradley ODS-SA,abandoned,https://i.postimg.cc/sfSDkmWX/2005-M2-A2-Bradley-ODS-SA-dam-aband-02-08-24.jpg,2024-08-06,6425,26162,4,380-6425261624
Ukraine,United States,M2A2 Bradley ODS-SA,abandoned,https://i.postimg.cc/4yzfp4Gt/2011-M2-A2-Bradley-ODS-SA-dam-aband-03-08-24.jpg,2024-08-06,6425,26163,4,380-6425261634
Ukraine,United States,M2A2 Bradley ODS-SA,abandoned,https://i.postimg.cc/D0WYF0XV/2023-M2-A2-Bradley-ODS-SA-dam-aband-09-09-24.jpg,2024-09-13,6425,26169,4,380-6425261694
Ukraine,United States,M2A2 Bradley ODS-SA,abandoned,https://i.postimg.cc/rybPj1Bq/2024-M2-A2-Bradley-ODS-SA-dam-aband-09-09-24.jpg,2024-09-13,6425,26170,4,380-6425261704
Ukraine,United States,M2A2 Bradley ODS-SA,abandoned,https://i.postimg.cc/mrZQLrQt/2005-M2-A2-Bradley-ODS-SA-aband-04-10-24.jpg,2024-10-09,6425,26172,4,380-6425261724
Ukraine,United States,M88A1 armoured recovery vehicle,abandoned,https://i.postimg.cc/KYkfXMkZ/2013-M88-A1-armoured-recovery-vehicle-aband-12-12-23.jpg,2024-02-09,6426,26180,4,380-6426261804
Ukraine,Germany,Marder 1A3,abandoned,https://i.postimg.cc/76DM0rWc/4389.png,2023-09-22,6430,26197,4,380-6430261974
Ukraine,Germany,Marder 1A3,abandoned,https://i.postimg.cc/PqLpgLpm/2000-mader-dam-aband-21-11-23.jpg,2023-11-24,6430,26202,4,380-6430262024
Ukraine,Germany,Marder 1A3,abandoned,https://i.postimg.cc/vm49QjpH/2009-Marder-1-A3-aband-07-11-23.jpg,2024-01-09,6430,26204,4,380-6430262044
Ukraine,Germany,Marder 1A3,abandoned,https://i.postimg.cc/mZVkLqrX/2013-Marder-1-A3-dam-aband-01-03-24.jpg,2024-03-02,6430,26207,4,380-6430262074
Ukraine,Germany,Marder 1A3,abandoned,https://i.postimg.cc/rFCcvKCW/2016-marder-dam-aband-07-11-23.jpg,2024-04-08,6430,26208,4,380-6430262084
Ukraine,Germany,Marder 1A3,abandoned,https://i.postimg.cc/900dQ02G/2000-Marder-1-A3-dam-aband-30-03-24.jpg,2024-04-08,6430,26209,4,380-6430262094
Ukraine,Germany,Marder 1A3,abandoned,https://i.postimg.cc/P5v5SwJ0/2018-Marder-1-A3-dam-aband-03-05-24.jpg,2024-05-12,6430,26212,4,380-6430262124
Ukraine,Germany,Marder 1A3,abandoned,https://i.postimg.cc/CdyrrG1j/2004-Marder-1-A3-dam-aband-13-04-24.jpg,2024-05-15,6430,26213,4,380-6430262134
Ukraine,Belarus,MAZ,abandoned,https://i.postimg.cc/ZRVpWfKB/Screenshot-8260.png,2022-03-19,6431,26235,4,380-6431262354
Ukraine,Belarus,MAZ,abandoned,https://i.postimg.cc/hP4hp8v6/d46.png,2022-03-19,6431,26236,4,380-6431262364
Ukraine,Soviet Union,MT-LB,abandoned,https://i.postimg.cc/D00sLq8C/Screenshot-8261.png,2022-03-19,4608,26312,4,380-4608263124
Ukraine,Soviet Union,MT-LB,abandoned,https://i.postimg.cc/d1gMmzD0/2010-mtlb-dam-aband-12-06-24.jpg,2024-06-14,4608,26372,4,380-4608263724
Ukraine,Ukraine,MT-LB Ambulance,abandoned,https://i.postimg.cc/3Jv5s5tq/468.png,2022-03-19,4609,26392,4,380-4609263924
Ukraine,Soviet Union,MT-LBu,abandoned,https://i.postimg.cc/ZYHxJ6rp/Screenshot-8036.png,2022-03-19,4614,26409,4,380-4614264094
Ukraine,United States,Oshkosh M-ATV,abandoned,https://i.postimg.cc/YqqXXqn9/88k0.png,2023-06-10,6447,26437,4,380-6447264374
Ukraine,United States,Oshkosh M-ATV,abandoned,https://i.postimg.cc/4dprMvDT/99701.png,2023-06-10,6447,26438,4,380-6447264384
Ukraine,United States,Oshkosh M-ATV,abandoned,https://i.postimg.cc/Y9rXgBPx/44f.png,2023-08-30,6447,26455,4,380-6447264554
Ukraine,Sweden,Pbv 501A,abandoned,https://i.postimg.cc/FsfbtYDv/2011-Pbv-501-A-dam-aband-30-03-24.jpg,2024-04-08,6454,26501,4,380-6454265014
Ukraine,Sweden,Pbv 501A,abandoned,https://i.postimg.cc/YSfwLvfw/2003-Pbv-501-A-dam-aband-27-02-24.jpg,2024-06-02,6454,26503,4,380-6454265034
Ukraine,Finland,Sisu XA-185,abandoned,https://i.postimg.cc/cHV1NWQ2/2025-1x-t80bv-2x-Sisu-XA-185-aband-11-08-23.jpg,2023-10-05,6472,26568,4,380-6472265684
Ukraine,Finland,Sisu XA-185,abandoned,https://i.postimg.cc/MGStL7SP/2017-Sisu-XA-185-dam-aband-11-08-23.jpg,2024-02-29,6472,26570,4,380-6472265704
Ukraine,Finland,Sisu XA-185,abandoned,https://i.postimg.cc/mZJ5LNcZ/2027-Sisu-XA-185-aband-29-10-22.jpg,2024-07-30,6472,26571,4,380-6472265714
Ukraine,Sweden,Stridsvagn 122,abandoned,https://i.postimg.cc/vZtFQ21s/314.png,2023-09-25,6483,26601,4,380-6483266014
Ukraine,Sweden,Stridsvagn 122,abandoned,https://i.postimg.cc/NFbZTZ15/53.png,2023-09-29,6483,26602,4,380-6483266024
Ukraine,Sweden,Stridsvagn 122,abandoned,https://i.postimg.cc/RFWQ3vPs/2020-Strv122-dam-aband-30-10-23.jpg,2023-11-01,6483,26603,4,380-6483266034
Ukraine,Sweden,Stridsvagn 122,abandoned,https://i.postimg.cc/J0rjjvn3/2012-strv-122-aband-28-12-23.jpg,2024-01-09,6483,26605,4,380-6483266054
Ukraine,Sweden,Stridsvagn 122,abandoned,https://i.postimg.cc/fWttHLk4/2025-Stridsvagn-122-dam-aband-12-03-24.jpg,2024-04-08,6483,26607,4,380-6483266074
Ukraine,Sweden,Stridsvagn 122,abandoned,https://i.postimg.cc/ZY3CtcPh/2012-Stridsvagn-122-dam-aband-28-01-24.jpg,2024-04-08,6483,26608,4,380-6483266084
Ukraine,Ukraine,T-64 mine-clearing tank,abandoned,https://i.postimg.cc/G2bd1vzG/2017-T-64-based-mine-clearing-tank-dam-aband-28-06-23.jpg,2023-07-14,6489,26655,4,380-6489266554
Ukraine,Ukraine,T-64B1M,abandoned,https://i.postimg.cc/HxmWTxMP/3d1.png,2022-03-19,6493,26662,4,380-6493266624
Ukraine,Soviet Union,T-64BV,abandoned,https://i.postimg.cc/CLn96SZZ/f7.png,2022-03-19,4678,26725,4,380-4678267254
Ukraine,Soviet Union,T-64BV,abandoned,https://i.postimg.cc/rFzZ43Zg/578.png,2022-03-19,4678,26726,4,380-4678267264
Ukraine,Soviet Union,T-64BV,abandoned,https://i.postimg.cc/vBTn2B8C/467.png,2022-03-19,4678,26727,4,380-4678267274
Ukraine,Soviet Union,T-64BV,abandoned,https://i.postimg.cc/8Pf8WQWH/557l.png,2022-03-19,4678,26728,4,380-4678267284
Ukraine,Soviet Union,T-64BV,abandoned,https://i.postimg.cc/fTV39LBr/5570.png,2022-03-19,4678,26729,4,380-4678267294
Ukraine,Soviet Union,T-64BV,abandoned,https://i.postimg.cc/qBsnPDXc/5548.png,2022-03-19,4678,26730,4,380-4678267304
Ukraine,Soviet Union,T-64BV,abandoned,https://i.postimg.cc/k5m1QQ2y/dd3.png,2022-03-19,4678,26731,4,380-4678267314
Ukraine,Soviet Union,T-64BV,abandoned,https://twitter.com/UAWeapons/status/1572668027933495297,2022-09-22,4678,22317,4,380-4678223174
Ukraine,Soviet Union,T-64BV,abandoned,https://i.postimg.cc/kg4sTNNq/541.png,2022-10-10,4678,26875,4,380-4678268754
Ukraine,Soviet Union,T-64BV,abandoned,https://i.postimg.cc/262ScQcK/2005-T-64-BV-aband-16-05-22.jpg,2022-12-05,4678,26939,4,380-4678269394
Ukraine,Soviet Union,T-64BV,abandoned,https://i.postimg.cc/4NrNSNPs/2006-T-64-BV-aband-15-06-22.jpg,2022-12-05,4678,26940,4,380-4678269404
Ukraine,Soviet Union,T-64BV,abandoned,https://i.postimg.cc/j54fjhbp/2007-t64bv-dam-aband.jpg,2022-12-11,4678,26945,4,380-4678269454
Ukraine,Soviet Union,T-64BV,abandoned,https://i.postimg.cc/Z0zJK4pz/2007-t64bv2017-dam-aband-31-01-23.jpg,2023-02-05,4678,26957,4,380-4678269574
Ukraine,Soviet Union,T-64BV,abandoned,https://twitter.com/UAWeapons/status/1653828968628224000,2023-05-05,4678,24003,4,380-4678240034
Ukraine,Soviet Union,T-64BV,abandoned,https://i.postimg.cc/PfvqTN8b/2007-t64bv-dam-aband-30-05-23.jpg,2023-06-01,4678,27008,4,380-4678270084
Ukraine,Soviet Union,T-64BV,abandoned,https://i.postimg.cc/wxJH6FgJ/657.png,2023-06-10,4678,27018,4,380-4678270184
Ukraine,Soviet Union,T-64BV,abandoned,https://i.postimg.cc/gJf8Ng6K/2013-2x-t64bv-and-2x-bmp2-dam-aband-21-07-23.jpg,2023-07-22,4678,21609,4,380-4678216094
Ukraine,Soviet Union,T-64BV,abandoned,https://twitter.com/Danspiun/status/1730613413959667813,2023-12-04,4678,27064,4,380-4678270644
Ukraine,Soviet Union,T-64BV,abandoned,https://i.postimg.cc/6QZT3nRJ/2008-t64bv-dam-aband-08-01-24.jpg,2024-01-19,4678,27072,4,380-4678270724
Ukraine,Soviet Union,T-64BV,abandoned,https://i.postimg.cc/jdZ1GTY7/2005-t64bv-aband-14-12-22.jpg,2024-02-09,4678,27075,4,380-4678270754
Ukraine,Soviet Union,T-64BV,abandoned,https://i.postimg.cc/TPz9T3gn/2015-t64bv-dam-aband-07-02-24.jpg,2024-02-09,4678,27076,4,380-4678270764
Ukraine,Soviet Union,T-64BV,abandoned,https://i.postimg.cc/FRyNH93L/2008-t64bv-dam-aband-20-07-23.jpg,2024-02-18,4678,27077,4,380-4678270774
Ukraine,Soviet Union,T-64BV,abandoned,https://i.postimg.cc/3wfT5pmr/2006-T-64-BV-dam-aband-24-08-24.jpg,2024-09-05,4678,27140,4,380-4678271404
Ukraine,Soviet Union,T-64BV,abandoned,https://i.postimg.cc/MG769TcN/2010-T-64-BV-aband-05-09-24.jpg,2024-09-09,4678,27141,4,380-4678271414
Ukraine,Soviet Union,T-64BV,abandoned,https://i.postimg.cc/vmMSPf7m/2008-T-64-BV-dam-aband-24-09-24.jpg,2024-09-29,4678,27150,4,380-4678271504
Ukraine,Ukraine,T-64BV Zr. 2017,abandoned,https://i.postimg.cc/502gFqLw/2019-T-64-BV-Zr-2017-dam-aband-04-06-23.jpg,2023-06-23,6497,27193,4,380-6497271934
Ukraine,Ukraine,T-64BV Zr. 2017,abandoned,https://i.postimg.cc/3JzhxsnK/2021-T-64-BV-Zr-2017-aband-07-06-23.jpg,2023-07-14,6497,27194,4,380-6497271944
Ukraine,Ukraine,T-64BV Zr. 2017,abandoned,https://i.postimg.cc/fWFKJf3F/2014-t64bv2017-dam-aband-18-09-23.jpg,2023-10-12,6497,27208,4,380-6497272084
Ukraine,Ukraine,T-64BV Zr. 2017,abandoned,https://i.postimg.cc/kGsFZ9Zh/2004-T-64-BV-Zr-2017-aband-28-11-23.jpg,2024-01-09,6497,27213,4,380-6497272134
Ukraine,Soviet Union,T-72 'Ural',abandoned,https://i.postimg.cc/RF2JSFbJ/2007-T-72-Ural-aband-28-03-24.jpg,2024-04-08,6499,27222,4,380-6499272224
Ukraine,Ukraine,T-72AMT,abandoned,https://twitter.com/UAWeapons/status/1569014536824553473,2022-09-12,6501,27242,4,380-6501272424
Ukraine,Ukraine,T-72AMT,abandoned,https://i.postimg.cc/nhNsV8vJ/2004-T72amt-and-BTS4-dam-aband-15-06-23.jpg,2023-06-16,6501,23116,4,380-6501231164
Ukraine,Soviet Union,T-72AV,abandoned,https://i.postimg.cc/x8Mwbypy/40.png,2023-04-08,4680,27268,4,380-4680272684
Ukraine,Soviet Union,T-72AV,abandoned,https://i.postimg.cc/VkbDG88P/2006-T-72-AV-aband-10-10-23.jpg,2023-10-22,4680,27279,4,380-4680272794
Ukraine,Soviet Union,T-72AV,abandoned,https://i.postimg.cc/t4S9k8d8/2031-t72av-dam-aband-12-12-23.jpg,2023-12-16,4680,27281,4,380-4680272814
Ukraine,Soviet Union,T-72AV,abandoned,https://i.postimg.cc/fyDZPcQV/2007-t72av-dam-aband-21-11-23.jpg,2024-01-09,4680,27283,4,380-4680272834
Ukraine,Soviet Union,T-72AV,abandoned,https://i.postimg.cc/JhynMQs0/2015-t72av-aband-03-01-24.jpg,2024-01-09,4680,27284,4,380-4680272844
Ukraine,Soviet Union,T-72AV,abandoned,https://i.postimg.cc/3w4Xs27p/2019-T-72-AV-dam-aband-29-02-24.jpg,2024-04-08,4680,27289,4,380-4680272894
Ukraine,Poland,T-72M/M1(R),abandoned,https://twitter.com/UAWeapons/status/1576654743560388608,2022-10-04,6503,24198,4,380-6503241984
Ukraine,Poland,T-72M/M1(R),abandoned,https://i.postimg.cc/gJdQk6zk/2003-t72m1-dam-aband.jpg,2022-11-01,6503,27364,4,380-6503273644
Ukraine,Poland,T-72M/M1(R),abandoned,https://i.postimg.cc/gJksTycR/2004-t72m1-dam-aband.jpg,2022-11-01,6503,27365,4,380-6503273654
Ukraine,Poland,T-72M/M1(R),abandoned,https://i.postimg.cc/28Q9Kp3Q/2051-t72m1-dam-aband-10-05-23.png,2023-05-11,6503,27374,4,380-6503273744
Ukraine,Poland,T-72M/M1(R),abandoned,https://i.postimg.cc/W1Ptz3c2/2013-t72m1-dam-aband-10-05-23.jpg,2023-05-17,6503,27375,4,380-6503273754
Ukraine,Poland,T-72M/M1(R),abandoned,https://i.postimg.cc/wxr3Jkp0/2002-t72m1-dam-aband-15-07-23.jpg,2023-07-17,6503,27380,4,380-6503273804
Ukraine,Poland,T-72M/M1(R),abandoned,https://twitter.com/UAWeapons/status/1684556026065068032,2023-07-28,6503,24405,4,380-6503244054
Ukraine,Poland,T-72M/M1(R),abandoned,https://i.postimg.cc/4yJ33c7t/2016-72-M1-aband-27-07-23.jpg,2023-08-01,6503,27382,4,380-6503273824
Ukraine,Poland,T-72M1/R,abandoned,https://i.postimg.cc/XqMpms7D/2000-t72m1.jpg,2022-08-31,6506,27404,4,380-6506274044
Ukraine,Poland,T-72M1/R,abandoned,https://i.postimg.cc/TYJpNq8C/2001-t72m1.jpg,2022-08-31,6506,27405,4,380-6506274054
Ukraine,Soviet Union,T-80BV,abandoned,https://i.postimg.cc/MHW2qp47/d39.png,2022-03-19,4688,27406,4,380-4688274064
Ukraine,Soviet Union,T-80BV,abandoned,https://twitter.com/UAWeapons/status/1572568028587626496,2022-09-22,4688,27421,4,380-4688274214
Ukraine,Soviet Union,T-80BV,abandoned,https://i.postimg.cc/cHV1NWQ2/2025-1x-t80bv-2x-Sisu-XA-185-aband-11-08-23.jpg,2023-10-05,4688,26568,4,380-4688265684
Ukraine,Soviet Union,T-80BV,abandoned,https://i.postimg.cc/DzydKwg0/2011-T-80-BV-dam-aband-23-08-24.jpg,2024-09-03,4688,27456,4,380-4688274564
Ukraine,Soviet Union,UAZ-469 jeep,abandoned,https://i.postimg.cc/WpGVCJVL/324.png,2023-09-08,6514,27492,4,380-6514274924
Ukraine,Soviet Union,UAZ-469 jeep,abandoned,https://i.postimg.cc/kGck4KM2/257.png,2023-09-08,6514,27493,4,380-6514274934
Ukraine,Ukraine,Unknown AFV,abandoned,https://i.postimg.cc/Tw1wSpGR/2026-unkn-afv-dam-aband-10-07-23.jpg,2023-07-14,4713,27524,4,380-4713275244
Ukraine,Ukraine,Unknown BTR,abandoned,https://i.postimg.cc/524HCBT8/b1.png,2022-03-19,6517,27563,4,380-6517275634
Ukraine,Ukraine,Unknown BTR,abandoned,https://i.postimg.cc/Xqm3HrGB/3378.jpg,2022-04-18,6517,27564,4,380-6517275644
Ukraine,Ukraine,Unknown IMV,abandoned,https://i.postimg.cc/zfWS57zZ/2027-Unknown-IMV-dam-aband-12-09-24.jpg,2024-09-19,6520,27580,4,380-6520275804
Ukraine,Soviet Union,Unknown T-72,abandoned,https://i.postimg.cc/DZbbxTgP/2246.png,2023-04-06,4732,27629,4,380-4732276294
Ukraine,Ukraine,Unknown tank,abandoned,https://i.postimg.cc/vBD3W4Rb/2012-unkn-tank-aband-01-01-24.jpg,2024-01-09,4734,27699,4,380-4734276994
Ukraine,Ukraine,Unknown tank,abandoned,https://i.postimg.cc/63SzzBwR/2013-unkn-tank-aband-01-01-24.jpg,2024-01-09,4734,27700,4,380-4734277004
Ukraine,Ukraine,Unknown tank,abandoned,https://i.postimg.cc/05MVjKdC/2014-unkn-tank-aband-01-01-24.jpg,2024-01-09,4734,27701,4,380-4734277014
Ukraine,Ukraine,Unknown tank,abandoned,https://i.postimg.cc/Y2820DWx/2005-unkn-tank-dam-aband-13-01-24.jpg,2024-01-30,4734,27703,4,380-4734277034
Ukraine,Ukraine,Unknown tank,abandoned,https://i.postimg.cc/C1WpdgcW/2004-Unknown-tank-dam-aband-26-08-24.jpg,2024-09-05,4734,27728,4,380-4734277284
Ukraine,Ukraine,Unknown tank,abandoned,https://i.postimg.cc/9MG41hcF/2061-Unknown-tank-aband-17-10-24.jpg,2024-10-22,4734,27733,4,380-4734277334
Ukraine,Ukraine,Unknown truck,abandoned,https://i.postimg.cc/3Jzj3bLL/bnm.png,2022-03-19,4737,27757,4,380-4737277574
Ukraine,Ukraine,Unknown truck,abandoned,https://i.postimg.cc/28tzT4wY/54.png,2022-03-19,4737,27758,4,380-4737277584
Ukraine,Ukraine,Unknown vehicle,abandoned,https://i.postimg.cc/mkYCVy7s/2023-unkn-vehicle-aband-07-06-23.jpg,2023-06-09,6523,27853,4,380-6523278534
Ukraine,France,VAB,abandoned,https://i.postimg.cc/4NVL9gtB/h.png,2023-06-10,6524,27947,4,380-6524279474
Ukraine,France,VAB,abandoned,https://i.postimg.cc/MpQq0gRR/2028-VAB-aband-25-08-24.jpg,2024-08-28,6524,27961,4,380-6524279614
Ukraine,France,VAB,abandoned,https://i.postimg.cc/qMfHvtxF/2000-VAB-dam-aband-24-09-24.jpg,2024-10-06,6524,27964,4,380-6524279644
Ukraine,France,VAB,abandoned,https://i.postimg.cc/4d0RqKwJ/2060-VAB-dam-aband-04-10-24.jpg,2024-10-22,6524,27966,4,380-6524279664
Ukraine,Netherlands,YPR-765,abandoned,https://twitter.com/UAWeapons/status/1576654743560388608,2022-10-04,6532,24198,4,380-6532241984
Ukraine,Netherlands,YPR-765,abandoned,https://twitter.com/UAWeapons/status/1637453438588944387,2023-03-20,6532,28053,4,380-6532280534
Ukraine,Netherlands,YPR-765,abandoned,https://twitter.com/UAWeapons/status/1653828968628224000,2023-05-05,6532,24003,4,380-6532240034
Ukraine,Netherlands,YPR-765,abandoned,https://i.postimg.cc/4x0CQ5wN/2025-ypr-dam-aband-10-07-23.jpg,2023-07-14,6532,28069,4,380-6532280694
Ukraine,Netherlands,YPR-765,abandoned,https://i.postimg.cc/fbMt8YY5/2002-ypr-aband-10-07-23.jpg,2023-07-14,6532,28070,4,380-6532280704
Ukraine,Netherlands,YPR-765,abandoned,https://i.postimg.cc/59qJbRFc/426.png,2023-09-29,6532,28080,4,380-6532280804
Ukraine,Netherlands,YPR-765,abandoned,https://i.postimg.cc/MHLmR61X/2001-BTR4-destr-m113-ypr-and-leo2a4-dam-aband-01-11-23.jpg,2023-11-06,6532,23174,4,380-6532231744
Ukraine,Netherlands,YPR-765,abandoned,https://i.postimg.cc/qR1bHRwy/2026-YPR-765-dam-aband-10-11-23.jpg,2024-05-18,6532,28106,4,380-6532281064
Ukraine,Netherlands,YPR-765,abandoned,https://i.postimg.cc/s2CyTK9L/2002-YPR-765-dam-aband-23-08-24.jpg,2024-08-28,6532,28108,4,380-6532281084
Ukraine,Netherlands,YPR-765,abandoned,https://i.postimg.cc/Hk2qz61G/2022-YPR-765-dam-aband-30-09-24.jpg,2024-10-06,6532,28111,4,380-6532281114
Ukraine,Netherlands,YPR-765,abandoned,https://i.postimg.cc/fbVz2mPV/2016-YPR-765-PRI-AIFV-B-C25-dam-aband-25-10-24.jpg,2024-11-06,6532,28114,4,380-6532281144
Ukraine,Soviet Union,ZiL-131,abandoned,https://i.postimg.cc/0j3LGCqH/Screenshot-8103.png,2022-03-19,4764,28132,4,380-4764281324
Ukraine,Soviet Union,ZiL-131,abandoned,https://i.postimg.cc/bvh79gN2/d240.png,2022-03-19,4764,28133,4,380-4764281334
Ukraine,Soviet Union,ZiL-131,abandoned,https://i.postimg.cc/GtdZZwDv/2017-Zi-L-131-dam-aband-20-02-24.jpg,2024-02-23,4764,28243,4,380-4764282434
Ukraine,Soviet Union,ZSU-23-4 Shilka,abandoned,https://i.postimg.cc/QC6tSCcB/3254.png,2023-09-10,4766,25082,4,380-4766250824
