country,origin,system,status,url,date_recorded,sysID,imageID,statusID,matID
Russia,Russia,'Orlan-20' reconnaissance UAV,captured,https://i.postimg.cc/hPPz5cxF/877.jpg,2022-05-23,2,3,2,7-232
Russia,Russia,(Unknown) truck,captured,https://i.postimg.cc/mkhh21bQ/542.jpg,2022-06-29,3,40,2,7-3402
Russia,Russia,(Unknown) truck,captured,https://i.postimg.cc/m27PXy1c/1005-truck.jpg,2022-09-04,3,74,2,7-3742
Russia,Russia,(Unknown) truck,captured,https://i.postimg.cc/HWrVSBJQ/1029-unkn-truck.jpg,2022-09-10,3,80,2,7-3802
Russia,Russia,(Unknown) truck,captured,https://twitter.com/UAWeapons/status/1568899264650280961,2022-09-12,3,82,2,7-3822
Russia,Russia,(Unknown) truck,captured,https://twitter.com/UAWeapons/status/1569288340041568258,2022-09-13,3,83,2,7-3832
Russia,Russia,(Unknown) truck,captured,https://twitter.com/UAWeapons/status/1570157461973401600,2022-09-15,3,84,2,7-3842
Russia,Russia,(Unknown) truck,captured,https://twitter.com/UAWeapons/status/1570764195385446400,2022-09-17,3,86,2,7-3862
Russia,Russia,(Unknown) truck,captured,https://i.postimg.cc/zDbfCYnV/1011-unkn-truck-capt.jpg,2022-11-13,3,100,2,7-31002
Russia,Russia,(Unknown) vehicle,captured,https://i.postimg.cc/WbLxNxYp/f1.jpg,2022-03-19,4,165,2,7-41652
Russia,Russia,1 1L271 portable mortar locating reconnaissance radar,captured,https://twitter.com/UAWeapons/status/1574760471990771713,2022-09-28,13,200,2,7-132002
Russia,Soviet Union,1 1V12 command vehicle,captured,https://i.postimg.cc/jC0Hsf1B/1001-1v12.png,2022-09-14,15,202,2,7-152022
Russia,Soviet Union,1 1V16 battalion fire direction vehicle,captured,https://i.postimg.cc/k4wxmzP1/1005-1-V16-battalion-fire-direction-centre-capt.jpg,2022-11-12,17,204,2,7-172042
Russia,Russia,1 2F77M transloading vehicle for 2K22M Tunguska-M,captured,https://i.postimg.cc/K8YgCmdK/1020-2-F77-M-transloading-vehicle-for-2-K22-M-Tunguska-M-dam-capt.jpg,2022-11-01,22,209,2,7-222092
Russia,Russia,1 AMN-590951 multipurpose armored vehicle,captured,https://twitter.com/UAWeapons/status/1578037471106899968,2022-10-07,45,232,2,7-452322
Russia,Russia,1 BPM-97 Vystrel,captured,https://i.postimg.cc/85NPHstQ/1012-BPM-97-Vystrel-capt.jpg,2022-10-12,59,246,2,7-592462
Russia,Soviet Union,1 BRDM-2RKhb chemical recon vehicle,captured,https://i.postimg.cc/Znvff41t/1018-BRDM-2-capt.jpg,2022-11-12,61,248,2,7-612482
Russia,Russia,1 BREM-D armored recovery vehicle,captured,https://i.postimg.cc/4d0VLM84/1009.jpg,2022-07-27,62,249,2,7-622492
Russia,Russia,1 Eleron T-16,captured,https://twitter.com/UAWeapons/status/1688901561961861120,2023-08-09,75,262,2,7-752622
Russia,Russia,1 Eleron T28ME reconnaissance UAV,captured,https://twitter.com/UAWeapons/status/1559628435819044864,2022-08-17,76,263,2,7-762632
Russia,Russia,1 GAZ-3937 Vodnik,captured,https://i.postimg.cc/tTXY1MTj/1025-GAZ-3937-Vodnik-capt-05-02-23.jpg,2023-02-12,78,265,2,7-782652
Russia,Russia,1 GAZ-3937 Vodnik,captured,https://twitter.com/oryxspioenkop/status/1640854498062090240,2023-03-29,78,266,2,7-782662
Russia,Russia,1 GAZ-3937 Vodnik,captured,https://i.postimg.cc/g0BwfRC6/1002-vodni-capt-04-02-23.jpg,2023-12-01,78,267,2,7-782672
Russia,Soviet Union,1 GAZ-51,captured,https://twitter.com/UAWeapons/status/1568354017025134592,2022-09-10,79,268,2,7-792682
Russia,Russia,1 Grifon-12 reconnaissance UAV,captured,https://i.postimg.cc/SRMbNRm3/1011-Grifon-12-uav-capt.jpg,2022-10-24,82,271,2,7-822712
Russia,Russia,1 Leer-3 electronic warfare system,captured,https://i.postimg.cc/zfRGy156/1040-RB-341-V-Leer-3-electronic-warfare-system-capt-04-02-23.jpg,2023-02-12,104,293,2,7-1042932
Russia,Soviet Union,1 LuAZ-969,captured,https://i.postimg.cc/j2G0Sdgk/1016-LUAZ-969-dam-capt.jpg,2022-10-12,105,294,2,7-1052942
Russia,Russia,1 MP-1IM signal vehicle,captured,https://twitter.com/UAWeapons/status/1569418448588922886,2022-09-13,110,298,2,7-1102982
Russia,Russia,1 MSh-5350.1 command vehicle,captured,https://i.postimg.cc/SKbSYcM9/1009.jpg,2022-06-26,112,301,2,7-1123012
Russia,Russia,1 PRP-4A Argus artillery reconnaissance vehicle,captured,https://i.postimg.cc/D0zgxyKF/1005-PRP-4-A-Argus-artillery-reconnaissance-vehicle.jpg,2022-09-30,142,332,2,7-1423322
Russia,Soviet Union,1 PZM-2 trench-digging vehicle,captured,https://i.postimg.cc/pTRdMqjT/2022-05-16-PZM-2.jpg,2022-09-24,143,333,2,7-1433332
Russia,Russia,1 R-145BMA command vehicle,captured,https://twitter.com/UAWeapons/status/1575123760528719875,2022-09-29,144,334,2,7-1443342
Russia,Russia,1 R-145BMA command vehicle,captured,https://i.postimg.cc/7hWrkYt4/1001-R-145-BMA-destr-19-12-23.jpg,2024-01-09,144,335,2,7-1443352
Russia,Russia,1 R-381T2M 1.5-3000 MHz radio monitoring station from a modernized R-381TM Taran-M automatic signals intelligence complex,captured,https://twitter.com/UAWeapons/status/1570456587575218176,2022-09-16,148,339,2,7-1483392
Russia,Russia,1 RB-636AM2 Svet-KU EW system,captured,https://i.postimg.cc/hvt0hLyd/1003-RB-636-AM2-Svet-KU-EW-system-capt.jpg,2022-11-03,156,347,2,7-1563472
Russia,Russia,1 RIDA 'Buran ASV',captured,https://i.postimg.cc/q7yDJxpb/1019-RIDA-Buran-ASV-capt-20-09-24.jpg,2024-09-25,158,349,2,7-1583492
Russia,Russia,1 Supercam S150 reconnaissance UAV,captured,https://i.postimg.cc/cC42XVpx/554.png,2022-11-10,170,362,2,7-1703622
Russia,Soviet Union,1 T-62 Obr. 1967,captured,https://i.postimg.cc/yxw0SFD6/1001-T-62-Obr-1967-capt.jpg,2022-11-14,176,368,2,7-1763682
Russia,Soviet Union,1 T-62MV,captured,https://twitter.com/UAWeapons/status/1577189346587082752,2022-10-05,179,371,2,7-1793712
Russia,Soviet Union,1 T-80BVK,captured,https://postimg.cc/SjXrcw7T,2022-09-14,187,379,2,7-1873792
Russia,Russia,1 T-90AK,captured,https://i.postimg.cc/c1Yh3kKH/1300-t90ak-capt-02-03-22.jpg,2023-02-25,189,381,2,7-1893812
Russia,Russia,1 UAZ-31514,captured,https://twitter.com/UAWeapons/status/1572155780698341376,2022-09-22,195,387,2,7-1953872
Russia,Soviet Union,1 Ural-375D tanker,captured,https://i.postimg.cc/HLtRDZQP/1014-ural375d-tanker-capt-30-11-22.jpg,2023-01-12,213,405,2,7-2134052
Russia,Russia,1 Ural-375D with 8T210 crane,captured,https://i.postimg.cc/QdknJJMh/1006-Ural-375-D-with-8-T210-crane-capt-13-09-22.jpg,2023-03-20,214,406,2,7-2144062
Russia,Russia,1 Ural-4320VV,captured,https://i.postimg.cc/J4PyjvbV/1005-Ural-4320-VV-capt.jpg,2022-10-04,216,408,2,7-2164082
Russia,Soviet Union,1 ZiL-131 tanker,captured,https://i.postimg.cc/NfFtVMs9/1021-zil-tanker.jpg,2022-09-11,223,415,2,7-2234152
Russia,Soviet Union,10 120mm 2B16 Nona-K howitzer,captured,https://i.postimg.cc/43q5mT6p/1018-nona-k-capt.jpg,2022-11-13,228,421,2,7-2284212
Russia,Russia,10 122mm 2B17 Tornado-G,captured,https://i.postimg.cc/NfSf99dr/1012-Tornado-G-destr.jpg,2022-10-16,229,422,2,7-2294222
Russia,Soviet Union,10 152mm 2A36 Giatsint-B,captured,https://twitter.com/UAWeapons/status/1600052653521879041,2022-12-08,230,423,2,7-2304232
Russia,Russia,10 152mm 2S33 Msta-SM2,captured,https://twitter.com/UAWeapons/status/1571545765138382852,2022-09-19,231,424,2,7-2314242
Russia,Soviet Union,10 1V13(M) battery fire control center,captured,https://twitter.com/UAWeapons/status/1567982537942646785,2022-09-09,233,426,2,7-2334262
Russia,Soviet Union,10 1V13(M) battery fire control center,captured,https://postimg.cc/hJ81CDDV,2022-09-15,233,427,2,7-2334272
Russia,Soviet Union,10 23mm ZU-23-2,captured,https://twitter.com/UAWeapons/status/1570342741913268225,2022-09-16,235,429,2,7-2354292
Russia,Soviet Union,10 BMP-1KSh command and staff vehicle,captured,https://i.postimg.cc/3Jr7cV81/2022-04-23-bmp-1ksh.jpg,2022-10-18,239,434,2,7-2394342
Russia,Soviet Union,10 BMP-1KSh command and staff vehicle,captured,https://i.postimg.cc/k4ST5ZmF/1010-BMP-1-KSh-capt-01-08-23.jpg,2023-08-04,239,435,2,7-2394352
Russia,Russia,10 BMP-2M,captured,https://i.postimg.cc/RhRhyC5j/1003-bmp2m-capt.jpg,2022-11-19,240,436,2,7-2404362
Russia,Russia,10 Eleron T28ME,captured,https://i.postimg.cc/XYMRJgRY/1005-Eleron-7-Eleron-T28-ME-reconnaissance-UAV-capt-07-11-24.jpg,2024-11-14,244,440,2,7-2444402
Russia,Russia,10 KamAZ-5350 with armoured cab,captured,https://twitter.com/UAWeapons/status/1568344642105532418,2022-09-10,248,448,2,7-2484482
Russia,Russia,10 KamAZ with MM-501 armoured cabin,captured,https://i.postimg.cc/HL9J2hX1/1007-kamaz-with-mm501-cabin.jpg,2022-09-12,250,450,2,7-2504502
Russia,Soviet Union,10 PMP floating bridge,captured,https://i.postimg.cc/YqgQ9JDw/1007-pmp-pontoon.jpg,2022-10-06,253,454,2,7-2534542
Russia,Soviet Union,10 T-62MV,captured,https://i.postimg.cc/1zy2B9Rk/1016-t62mv-capt.jpg,2022-11-19,259,461,2,7-2594612
Russia,Russia,10 T-72BA,captured,https://twitter.com/UAWeapons/status/1569292595997675523,2022-09-13,260,462,2,7-2604622
Russia,Russia,10 ZALA 421-16Е2,captured,https://twitter.com/UAWeapons/status/1636097220138115073,2023-03-16,270,473,2,7-2704732
Russia,Soviet Union,10 ZiL-131,captured,https://i.postimg.cc/yxkvTzHY/1002-Zi-L-131-HB-capt.jpg,2022-10-05,271,474,2,7-2714742
Russia,Soviet Union,100 122mm BM-21 Grad,captured,https://i.postimg.cc/5t51tPmg/1016-122mm-BM-21-Grad-capt-02-03-22.jpg,2023-01-22,272,476,2,7-2724762
Russia,Soviet Union,100mm MT-12 anti-tank gun,captured,https://i.postimg.cc/85pqC5hy/4y.png,2022-03-19,283,505,2,7-2835052
Russia,Soviet Union,100mm MT-12 anti-tank gun,captured,https://i.postimg.cc/HLLcDxQ0/1003-mt-12-rapira.jpg,2022-09-08,283,507,2,7-2835072
Russia,Russia,101 GAZ Tigr-M,captured,https://i.postimg.cc/pd7XnV7n/1001-tigr-m.jpg,2022-10-03,287,513,2,7-2875132
Russia,Russia,101 GAZ Tigr-M,captured,https://i.postimg.cc/rs2VQnqV/1008-tigr-m-capt.jpg,2022-10-03,287,514,2,7-2875142
Russia,Russia,101 Ural-4320 tanker,captured,https://i.postimg.cc/qMK1XyFF/1004-bmp2-ural-tanker-kamaz6x6.png,2022-09-24,291,520,2,7-2915202
Russia,Russia,102 GAZ Tigr-M,captured,https://i.postimg.cc/Kz4k7Gty/1001-GAZ-Tigr-M-capt.jpg,2022-10-08,299,550,2,7-2995502
Russia,Russia,102 GAZ Tigr-M,captured,https://twitter.com/UAWeapons/status/1578456970977497088,2022-10-08,299,551,2,7-2995512
Russia,Soviet Union,102 T-80BV,captured,https://twitter.com/UAWeapons/status/1572154236183486467,2022-09-22,300,554,2,7-3005542
Russia,Russia,102 Ural-4320 tanker,captured,https://i.postimg.cc/KzqbJCM2/1009-ural-tanker.jpg,2022-09-25,303,557,2,7-3035572
Russia,Russia,1025 KamAZ 6x6,captured,https://i.postimg.cc/Zq1z5Jkw/1004-Kam-AZ-6x6-capt-17-08-24.jpg,2024-08-22,308,577,2,7-3085772
Russia,Russia,1027 KamAZ 6x6,captured,https://i.postimg.cc/90kqDPWt/1023-Kam-AZ-6x6-capt-09-08-24.jpg,2024-08-28,310,580,2,7-3105802
Russia,Russia,1027 KamAZ 6x6,captured,https://i.postimg.cc/XJQ5bSmP/1004-Kam-AZ-6x6-capt-31-03-22.jpg,2024-08-28,310,581,2,7-3105812
Russia,Soviet Union,103 152mm 2S19 Msta-S,captured,https://i.postimg.cc/5NsDygs3/1017-msta-s-capt-10-02-23.jpg,2023-02-12,315,598,2,7-3155982
Russia,Soviet Union,103 MT-LBVM and MT-LBVMK,captured,https://twitter.com/UAWeapons/status/1572936489314426883,2022-09-23,316,599,2,7-3165992
Russia,Soviet Union,103 MT-LBVM and MT-LBVMK,captured,https://postimg.cc/14f49yH5,2022-09-23,316,600,2,7-3166002
Russia,Russia,1037 KamAZ 6x6,captured,https://i.postimg.cc/4d0vKqqK/1034-Kam-AZ-6x6-capt-31-10-22.jpg,2024-09-16,325,626,2,7-3256262
Russia,Soviet Union,104 BMP-1(P),captured,https://i.postimg.cc/906fchkJ/1004.jpg,2022-07-08,329,633,2,7-3296332
Russia,Soviet Union,104 BMP-1(P),captured,https://i.postimg.cc/bwHvf499/1006.jpg,2022-07-08,329,634,2,7-3296342
Russia,Soviet Union,104 BTR-80,captured,https://i.postimg.cc/TYh8N6R7/1011-btr80-capt.jpg,2022-10-13,330,635,2,7-3306352
Russia,Soviet Union,104 BTR-80,captured,https://i.postimg.cc/9XL5BMjw/1016-btr80-capt.jpg,2022-10-13,330,636,2,7-3306362
Russia,Russia,104 GAZ Tigr-M,captured,https://i.postimg.cc/wvDJ4Vgv/Tigr-M-captured.png,2022-10-11,332,639,2,7-3326392
Russia,Russia,104 KamAZ 6x6 tanker,captured,https://i.postimg.cc/g0hQg70S/2022-04-14-Kam-AZ-6x6-tanker-captured.jpg,2022-12-09,333,643,2,7-3336432
Russia,Russia,104 Ural-43206,captured,https://i.postimg.cc/s2jFk0F3/1009-Ural-43206-capt-02-06.jpg,2022-12-09,339,653,2,7-3396532
Russia,Soviet Union,105 BMP-1(P),captured,https://twitter.com/UAWeapons/status/1546616242949312517,2022-07-12,349,681,2,7-3496812
Russia,Russia,105 KamAZ 6x6 tanker,captured,https://i.postimg.cc/qRQ7GNWp/1000-kamaz-tanker-capt.jpg,2022-12-15,350,682,2,7-3506822
Russia,Soviet Union,105 T-80BV,captured,https://i.postimg.cc/pV3r5Xzf/2022-09-18-T80-BV.jpg,2022-09-23,353,687,2,7-3536872
Russia,Soviet Union,106 BTR-80,captured,https://i.postimg.cc/MKXLg0xH/1000-btr80-capt.jpg,2022-10-16,365,713,2,7-3657132
Russia,Soviet Union,107 BMP-1(P),captured,https://i.postimg.cc/HsNRcpkb/1002.jpg,2022-07-13,378,752,2,7-3787522
Russia,Soviet Union,107 BMP-1(P),captured,https://i.postimg.cc/5NDK9ns3/1003.jpg,2022-07-13,378,753,2,7-3787532
Russia,Soviet Union,107 MT-LBVM and MT-LBVMK,captured,https://i.postimg.cc/85L87pdz/2022-09-20-MT-LBVMK-1.jpg,2022-09-25,381,759,2,7-3817592
Russia,Soviet Union,108 BMP-1(P),captured,https://i.postimg.cc/LXdd43CP/1004.jpg,2022-07-18,392,787,2,7-3927872
Russia,Soviet Union,108 BMP-1(P),captured,https://twitter.com/UAWeapons/status/1548716928415539202,2022-07-18,392,788,2,7-3927882
Russia,Soviet Union,11 120mm 2B16 Nona-K howitzer,captured,https://i.postimg.cc/wvQ6rQv6/1012-2b16-nona-k-capt-31-03-22.jpg,2023-01-12,411,854,2,7-4118542
Russia,Russia,11 122mm 2B17 Tornado-G,captured,https://i.postimg.cc/KvhG6nKh/1003-bm21-grad-dam-capt.jpg,2022-10-18,412,855,2,7-4128552
Russia,Russia,11 152mm 2S33 Msta-SM2,captured,https://twitter.com/UAWeapons/status/1574853608344064000,2022-09-28,413,856,2,7-4138562
Russia,Russia,11 152mm 2S33 Msta-SM2,captured,https://i.postimg.cc/HWwF34nD/1021-msta-sm2.jpg,2022-09-28,413,857,2,7-4138572
Russia,Soviet Union,11 1V14 battery command and forward observer vehicle,captured,https://i.postimg.cc/C5MFGQ4C/2022-03-31-1v14.jpg,2022-10-18,416,860,2,7-4168602
Russia,Soviet Union,11 1V14 battery command and forward observer vehicle,captured,https://i.postimg.cc/44cvGBvc/2022-04-05-1v14.jpg,2022-10-18,416,861,2,7-4168612
Russia,Soviet Union,11 23mm ZU-23-2,captured,https://twitter.com/UAWeapons/status/1574384853252018183,2022-09-27,418,863,2,7-4188632
Russia,Russia,11 BMP-2M,captured,https://i.postimg.cc/dQNVP2Gb/1018-bmp2m-capt-10-02-23.jpg,2023-02-12,427,873,2,7-4278732
Russia,Russia,11 KamAZ 4x4,captured,https://twitter.com/UAWeapons/status/1569229421495701507,2022-09-13,432,879,2,7-4328792
Russia,Soviet Union,11 MT-LB with ZU-23 AA gun,captured,https://i.postimg.cc/cJQVPpQZ/1035-mtlb-with-zu-23-2-capt.jpg,2022-10-06,435,882,2,7-4358822
Russia,Soviet Union,11 PTS-2 tracked amphibious transport,captured,https://twitter.com/UAWeapons/status/1584932053615022081,2022-10-26,437,884,2,7-4378842
Russia,Russia,11 T-72BA,captured,https://i.postimg.cc/k5tTMYc7/770.png,2022-09-15,445,893,2,7-4458932
Russia,Russia,11 T-72BA,captured,https://i.postimg.cc/6QZnSyPj/2022-09-19-T-72-BA.png,2022-09-20,445,894,2,7-4458942
Russia,Russia,11 T-90S,captured,https://i.postimg.cc/jjhZ3S40/1006-T-90-S-capt-27-10-24.jpg,2024-11-06,446,895,2,7-4468952
Russia,Soviet Union,110 BMP-1(P),captured,https://i.postimg.cc/y697kxxm/1002.jpg,2022-07-24,455,906,2,7-4559062
Russia,Russia,110 GAZ Tigr-M,captured,https://i.postimg.cc/zBcyXdM9/1015-tigr-m-capt.jpg,2022-10-16,457,919,2,7-4579192
Russia,Russia,110 GAZ Tigr-M,captured,https://i.postimg.cc/W33DVR9G/1044-tigr-m-capt.jpg,2022-10-16,457,920,2,7-4579202
Russia,Russia,110 GAZ Tigr-M,captured,https://i.postimg.cc/7LrQCpzJ/1008-tigr-m-dam-capt.jpg,2022-10-16,457,921,2,7-4579212
Russia,Soviet Union,110 MT-LBVM and MT-LBVMK,captured,https://i.postimg.cc/Kz8Sbqrc/8.png,2022-09-29,458,922,2,7-4589222
Russia,Russia,110 Ural-4320 tanker,captured,https://i.postimg.cc/nrM4vRvh/1007-ural-tanker-capt.jpg,2022-09-30,460,926,2,7-4609262
Russia,Russia,110 ZALA Z-16 (421-16Е),captured,https://i.postimg.cc/jdKdB1t1/1157-ZALA-Z-16-421-16-reconnaissance-UAV-capt-28-08-24.jpg,2024-10-22,462,930,2,7-4629302
Russia,Russia,110 ZALA Z-16 (421-16Е),captured,https://i.postimg.cc/cHnLNyvp/1045-ZALA-Z-16-421-16-reconnaissance-UAV-capt-09-10-24.jpg,2024-10-22,462,931,2,7-4629312
Russia,Russia,110 ZALA Z-16 (421-16Е),captured,https://i.postimg.cc/2yN8kcvV/1023-ZALA-Z-16-421-16-reconnaissance-UAV-capt-07-10-24.jpg,2024-10-22,462,932,2,7-4629322
Russia,Soviet Union,1101 BMP-2(K),captured,https://i.postimg.cc/d3r5tKTF/1035-bmp2-capt-07-09-22.jpg,2024-01-19,463,939,2,7-4639392
Russia,Soviet Union,111 T-80BV,captured,https://i.postimg.cc/0QCWJrKJ/1009-t80bv.jpg,2022-09-28,472,951,2,7-4729512
Russia,Soviet Union,111 T-80BV,captured,https://i.postimg.cc/7LddjXTx/1014-t80bv.jpg,2022-09-28,472,952,2,7-4729522
Russia,Soviet Union,111 T-80BV,captured,https://twitter.com/UAWeapons/status/1575069667537825792,2022-09-28,472,953,2,7-4729532
Russia,Russia,112 KamAZ 6x6 tanker,captured,https://i.postimg.cc/T2K3KydJ/1035-kamaz-tanker-capt-19-01-23.jpg,2023-01-21,482,987,2,7-4829872
Russia,Soviet Union,112 MT-LBVM and MT-LBVMK,captured,https://i.postimg.cc/SQX20BVC/2022-09-11-MT-LB.png,2022-10-02,483,988,2,7-4839882
Russia,Soviet Union,112 MT-LBVM and MT-LBVMK,captured,https://i.postimg.cc/Y0Rs4CTd/2022-10-01-MT-LBVM.jpg,2022-10-02,483,989,2,7-4839892
Russia,Russia,112 Ural-43206,captured,https://i.postimg.cc/1tKdVdV7/1015-Ural-43206-capt-24-12-22.jpg,2023-01-06,486,995,2,7-4869952
Russia,Soviet Union,113 BTR-80,captured,https://i.postimg.cc/PrbXTPZp/1002-btr80-capt.jpg,2022-10-18,491,1018,2,7-49110182
Russia,Soviet Union,113 MT-LBVM and MT-LBVMK,captured,https://postimg.cc/2qkjDmR5,2022-10-05,493,1022,2,7-49310222
Russia,Soviet Union,114 BTR-80,captured,https://i.postimg.cc/HLP6xfDL/1007-btr80-capt.jpg,2022-10-19,500,1041,2,7-50010412
Russia,Soviet Union,114 T-80BV,captured,https://i.postimg.cc/Qx5nD5X3/1002-t80bv.jpg,2022-09-29,503,1047,2,7-50310472
Russia,Soviet Union,115 152mm 2A65 Msta-B howitzer,captured,https://i.postimg.cc/05T77GvK/1007-3x-Msta-B-capt-30-11-22.jpg,2023-10-19,510,1067,2,7-51010672
Russia,Soviet Union,115 BMP-1(P),captured,https://i.postimg.cc/4NDTHKWz/1000-bmp-1.jpg,2022-08-05,512,1071,2,7-51210712
Russia,Soviet Union,115 BMP-1(P),captured,https://twitter.com/UAWeapons/status/1554939028432093184,2022-08-05,512,1072,2,7-51210722
Russia,Soviet Union,115 MT-LBVM and MT-LBVMK,captured,https://i.postimg.cc/D0XSDxCj/1000-mtblvmk-capt.jpg,2022-10-08,517,1077,2,7-51710772
Russia,Soviet Union,115 MT-LBVM and MT-LBVMK,captured,https://i.postimg.cc/fbVdHhrc/1022-mtlbvmk-capt.jpg,2022-10-08,517,1078,2,7-51710782
Russia,Russia,116 Ural-4320 tanker,captured,https://i.postimg.cc/Qd0QZxgR/1013-ural-tanker-destr.jpg,2022-10-08,530,1108,2,7-53011082
Russia,Soviet Union,1164 BMP-2(K),captured,https://i.postimg.cc/yYy6qF8c/1019-bmp2-destr-20-10-22.jpg,2024-02-23,534,1115,2,7-53411152
Russia,Soviet Union,117 152mm 2A65 Msta-B howitzer,captured,https://i.postimg.cc/kMZ473Vb/1005-msta-b-dam-capt-08-05-22.jpg,2024-02-15,537,1128,2,7-53711282
Russia,Soviet Union,117 BMP-1(P),captured,https://i.postimg.cc/yNmDQ6Zj/1002-bmp1.jpg,2022-08-13,539,1133,2,7-53911332
Russia,Russia,117 GAZ Tigr-M,captured,https://i.postimg.cc/8zQzvsD2/1022-tigr-m-capt.jpg,2022-10-20,542,1138,2,7-54211382
Russia,Soviet Union,117 MT-LBVM and MT-LBVMK,captured,https://i.postimg.cc/L4V6zpYs/1010-MT-LBVMK-capt.jpg,2022-10-09,544,1144,2,7-54411442
Russia,Russia,117 Ural-4320 tanker,captured,https://i.postimg.cc/K84ThFxC/Ural-4320-tanker-captured.png,2022-10-11,547,1147,2,7-54711472
Russia,Soviet Union,118 BMP-1(P),captured,https://i.postimg.cc/650j2N8m/1002-bmp1.jpg,2022-08-19,552,1154,2,7-55211542
Russia,Russia,118 GAZ Tigr-M,captured,https://i.postimg.cc/bN5FxX6P/1007-tigr-m-capt.jpg,2022-10-25,554,1159,2,7-55411592
Russia,Russia,118 KamAZ 6x6 tanker,captured,https://postimg.cc/tYb8PhP1,2023-04-03,555,1164,2,7-55511642
Russia,Russia,118 T-80BVM,captured,https://i.postimg.cc/s2HV4pJ2/1014-t80bvm-capt-04-11-22.jpg,2024-04-08,557,1176,2,7-55711762
Russia,Russia,118 Ural-4320 tanker,captured,https://i.postimg.cc/FHLBH9YQ/1001-ural-tanker-capt.jpg,2022-10-16,559,1181,2,7-55911812
Russia,Russia,119 GAZ Tigr-M,captured,https://i.postimg.cc/bw8cd0nH/1007-tigr-m-capt.jpg,2022-11-19,567,1196,2,7-56711962
Russia,Soviet Union,119 T-80BV,captured,https://twitter.com/UAWeapons/status/1575477537861292035,2022-09-30,570,1203,2,7-57012032
Russia,Soviet Union,119 T-80BV,captured,https://i.postimg.cc/4NYp8LZK/2022-09-27-T-80-BV.jpg,2022-09-30,570,1204,2,7-57012042
Russia,Russia,12 152mm 2S33 Msta-SM2,captured,https://i.postimg.cc/QNkX76Bg/MSTA-SM2-Kharkiv-region.png,2022-10-01,577,1213,2,7-57712132
Russia,Soviet Union,12 1V13(M) battery fire control center,captured,https://i.postimg.cc/9QdFYVQr/1020-1-V13-capt.jpg,2022-10-20,578,1214,2,7-57812142
Russia,Soviet Union,12 1V14 battery command and forward observer vehicle,captured,https://i.postimg.cc/L6X8dDzq/1009-1-V14-capt.jpg,2022-10-30,579,1215,2,7-57912152
Russia,Soviet Union,12 BMP-1KSh command and staff vehicle,captured,https://i.postimg.cc/YS8KWtjG/7636.png,2023-09-07,586,1222,2,7-58612222
Russia,Soviet Union,12 MT-LB with ZU-23 AA gun,captured,https://i.postimg.cc/Gm7YJpq3/1023-MT-LB-with-ZU-23-AA-gun.jpg,2022-10-08,590,1229,2,7-59012292
Russia,Soviet Union,12 PMP floating bridge,captured,https://i.postimg.cc/BvqpBqdF/1010-PMP-floating-bridge-capt-28-02-23.jpg,2023-03-01,592,1231,2,7-59212312
Russia,Soviet Union,12 PTS-2 tracked amphibious transport,captured,https://i.postimg.cc/L6byhvCV/1003-PTS-2-dam-capt.jpg,2022-12-15,593,1232,2,7-59312322
Russia,Soviet Union,12 River link pontoon (for unknown floating bridge system),captured,https://i.postimg.cc/jqpBTtj8/1015-River-link-pontoon-for-unknown-floating-bridge-system-capt-07-01-24.jpg,2024-01-23,594,1236,2,7-59412362
Russia,Soviet Union,12 River link pontoon (for unknown floating bridge system),captured,https://i.postimg.cc/j59mLr4S/1016-River-link-pontoon-for-unknown-floating-bridge-system-capt-07-01-24.jpg,2024-01-23,594,1237,2,7-59412372
Russia,Soviet Union,12 River link pontoon (for unknown floating bridge system),captured,https://i.postimg.cc/8PL9P9JT/1017-River-link-pontoon-for-unknown-floating-bridge-system-capt-07-01-24.jpg,2024-01-23,594,1238,2,7-59412382
Russia,Soviet Union,12 River link pontoon (for unknown floating bridge system),captured,https://i.postimg.cc/RhH8tbgQ/1018-River-link-pontoon-for-unknown-floating-bridge-system-capt-07-01-24.jpg,2024-01-23,594,1239,2,7-59412392
Russia,Soviet Union,12 River link pontoon (for unknown floating bridge system),captured,https://i.postimg.cc/ry077Kq0/1019-River-link-pontoon-for-unknown-floating-bridge-system-capt-07-01-24.jpg,2024-01-23,594,1240,2,7-59412402
Russia,Soviet Union,12 River link pontoon (for unknown floating bridge system),captured,https://i.postimg.cc/cLZjKhww/1020-River-link-pontoon-for-unknown-floating-bridge-system-capt-07-01-24.jpg,2024-01-23,594,1241,2,7-59412412
Russia,Soviet Union,12 River link pontoon (for unknown floating bridge system),captured,https://i.postimg.cc/bvVFBjM9/1021-River-link-pontoon-for-unknown-floating-bridge-system-capt-07-01-24.jpg,2024-01-23,594,1242,2,7-59412422
Russia,Soviet Union,12 River link pontoon (for unknown floating bridge system),captured,https://i.postimg.cc/mDc6x5Wf/1023-River-link-pontoon-for-unknown-floating-bridge-system-capt-07-01-24.jpg,2024-01-23,594,1243,2,7-59412432
Russia,Soviet Union,12 River link pontoon (for unknown floating bridge system),captured,https://i.postimg.cc/sXtH343B/1024-River-link-pontoon-for-unknown-floating-bridge-system-capt-07-01-24.jpg,2024-01-23,594,1244,2,7-59412442
Russia,Soviet Union,12 T-62M,captured,https://twitter.com/UAWeapons/status/1577227267226599424,2022-10-05,596,1246,2,7-59612462
Russia,Soviet Union,12 T-62M,captured,https://twitter.com/UAWeapons/status/1577323803478265856,2022-10-05,596,1247,2,7-59612472
Russia,Soviet Union,12 T-62M,captured,https://twitter.com/UAWeapons/status/1577189784057163778,2022-10-05,596,1248,2,7-59612482
Russia,Soviet Union,12 UAZ-452 van,captured,https://i.postimg.cc/02942jVH/1009-uar452.jpg,2022-09-09,603,1257,2,7-60312572
Russia,Soviet Union,12 UAZ-469 jeep,captured,https://i.postimg.cc/nLgpKXj2/1000-bmp2-2x-uaz469.jpg,2022-09-19,604,1258,2,7-60412582
Russia,Soviet Union,12 ZiL-131,captured,https://i.postimg.cc/7hxHqLD4/Zil-131-captured.png,2022-10-10,608,1265,2,7-60812652
Russia,Soviet Union,12 ZiL-131,captured,https://i.postimg.cc/wvjd5bpM/1010-zil131-capt.jpg,2022-10-10,608,1266,2,7-60812662
Russia,Russia,120 KamAZ 6x6 tanker,captured,https://i.postimg.cc/TwY1SyhZ/1021-kamaz-tanker-capt-06-06-23.jpg,2023-06-09,613,1274,2,7-61312742
Russia,Soviet Union,120 T-80BV,captured,https://twitter.com/UAWeapons/status/1576199767675138048,2022-10-02,615,1277,2,7-61512772
Russia,Russia,120 Ural-43206,captured,https://i.postimg.cc/8zJ7sktD/1014-ural43206-capt-10-09-22.jpg,2023-02-18,619,1283,2,7-61912832
Russia,Soviet Union,120mm 2B11/2S12,captured,https://i.postimg.cc/SKhJwYXP/4703.png,2022-03-19,620,1284,2,7-62012842
Russia,Soviet Union,120mm 2B11/2S12,captured,https://i.postimg.cc/Xv95D8vY/579.png,2022-03-19,620,1285,2,7-62012852
Russia,Soviet Union,120mm 2B11/2S12,captured,https://i.postimg.cc/mrwKqRw8/Screenshot-8952.png,2022-03-19,620,1286,2,7-62012862
Russia,Soviet Union,120mm 2B11/2S12,captured,https://i.postimg.cc/SNc6Bh3F/524.png,2022-03-19,620,1287,2,7-62012872
Russia,Soviet Union,120mm 2B11/2S12,captured,https://postlmg.cc/TKFDDmpP,2022-03-27,620,1288,2,7-62012882
Russia,Russia,120mm 2B11/2S12A,captured,https://i.postimg.cc/x11CC0NR/550.png,2022-03-19,621,1294,2,7-62112942
Russia,Russia,120mm 2B11/2S12A,captured,https://postimg.cc/BtXGBmDp,2022-09-16,621,1296,2,7-62112962
Russia,Russia,120mm 2B11/2S12A,captured,https://i.postimg.cc/WzYZnHQ4/1016-2-S12-A-Sani-120mm-mortar-capt.jpg,2022-10-04,621,1297,2,7-62112972
Russia,Soviet Union,120mm 2B16 Nona-K howitzer,captured,https://i.postimg.cc/wx2TJysb/4f2.jpg,2022-03-19,622,1300,2,7-62213002
Russia,Soviet Union,120mm 2B16 Nona-K howitzer,captured,https://i.postimg.cc/QMJ8sWbG/n43.png,2022-03-29,622,1301,2,7-62213012
Russia,Soviet Union,120mm 2B16 Nona-K howitzer,captured,https://i.postimg.cc/q79rzL7Q/478.png,2022-04-06,622,1302,2,7-62213022
Russia,Soviet Union,120mm 2B16 Nona-K howitzer,captured,https://i.postimg.cc/d0khcfdf/776.jpg,2022-05-14,622,1303,2,7-62213032
Russia,Russia,120mm 2S23 Nona-SVK,captured,https://i.postimg.cc/Gtxd6gBr/4356.jpg,2022-03-27,623,1304,2,7-62313042
Russia,Soviet Union,120mm 2S34 Khosta,captured,https://i.postimg.cc/NFwX6m7d/763.png,2022-03-19,624,1305,2,7-62413052
Russia,Russia,120mm 2S34 Khosta,captured,https://i.postimg.cc/fL9W07hL/45d.jpg,2022-04-01,624,1306,2,7-62413062
Russia,Russia,120mm 2S34 Khosta,captured,https://i.postimg.cc/HsKs7RyT/26.png,2022-04-21,624,1307,2,7-62413072
Russia,Soviet Union,120mm 2S9 Nona,captured,https://i.postimg.cc/bwPz8VWX/6522.jpg,2022-03-19,625,1312,2,7-62513122
Russia,Soviet Union,120mm 2S9 Nona,captured,https://i.postimg.cc/hvz00pQc/432u.png,2022-03-19,625,1313,2,7-62513132
Russia,Soviet Union,120mm 2S9 Nona,captured,https://i.postimg.cc/Nfx4tqpS/5580.png,2022-03-19,625,1314,2,7-62513142
Russia,Soviet Union,120mm 2S9 Nona,captured,https://i.postimg.cc/RhCMLMTS/t9.png,2022-03-26,625,1316,2,7-62513162
Russia,Soviet Union,120mm 2S9 Nona,captured,https://i.postimg.cc/NM4Ycgvc/1010-2s9-nona-capt-01-01-23.jpg,2023-01-04,625,1328,2,7-62513282
Russia,Soviet Union,121 T-80BV,captured,https://twitter.com/UAWeapons/status/1576607791170564098,2022-10-03,632,1336,2,7-63213362
Russia,Soviet Union,122 BTR-80,captured,https://i.postimg.cc/j5931htc/1019-btr80-capt.jpg,2022-10-27,639,1351,2,7-63913512
Russia,Soviet Union,122 MT-LBVM and MT-LBVMK,captured,https://i.postimg.cc/BvYcTjYY/MT-LBVM-K-capt.png,2022-10-10,642,1358,2,7-64213582
Russia,Soviet Union,122 MT-LBVM and MT-LBVMK,captured,https://i.postimg.cc/SR75hmLD/1020-mtlbvmk-capt.jpg,2022-10-10,642,1359,2,7-64213592
Russia,Soviet Union,122 MT-LBVM and MT-LBVMK,captured,https://i.postimg.cc/gjP5Qxhx/1019-mtlbvmk-2x-capt.jpg,2022-10-10,642,1360,2,7-64213602
Russia,Russia,122mm 2B17 Tornado-G,captured,https://i.postimg.cc/HxCqbSVV/38.png,2022-04-01,648,1447,2,7-64814472
Russia,Russia,122mm 2B17 Tornado-G,captured,https://i.postimg.cc/nhS7s5SG/76.jpg,2022-04-01,648,1448,2,7-64814482
Russia,Soviet Union,122mm 2S1 Gvozdika,captured,https://i.postimg.cc/mrc8qtCb/3368.png,2022-03-19,650,1456,2,7-65014562
Russia,Soviet Union,122mm 2S1 Gvozdika,captured,https://i.postimg.cc/rm5DhJhH/580.png,2022-03-19,650,1457,2,7-65014572
Russia,Soviet Union,122mm 2S1 Gvozdika,captured,https://i.postimg.cc/pT8Fvzt5/332.jpg,2022-03-26,650,1458,2,7-65014582
Russia,Soviet Union,122mm 2S1 Gvozdika,captured,https://i.postimg.cc/Jn4NkvVd/ddd4.jpg,2022-05-29,650,1468,2,7-65014682
Russia,Soviet Union,122mm 2S1 Gvozdika,captured,https://twitter.com/UAWeapons/status/1570508008454778880,2022-09-16,650,1477,2,7-65014772
Russia,Soviet Union,122mm 2S1 Gvozdika,captured,https://i.postimg.cc/HLrvMGXF/1016-2s1-gvozdika-dam-capt.jpg,2022-10-18,650,1479,2,7-65014792
Russia,Soviet Union,122mm BM-21 'Grad',captured,https://i.postimg.cc/s2wR9DPH/768.png,2022-03-19,652,1570,2,7-65215702
Russia,Soviet Union,122mm BM-21 'Grad',captured,https://i.postimg.cc/xCF0twG5/b6.png,2022-03-19,652,1571,2,7-65215712
Russia,Soviet Union,122mm BM-21 'Grad',captured,https://i.postimg.cc/DZ0Q5pHc/6652.png,2022-03-19,652,1572,2,7-65215722
Russia,Soviet Union,122mm BM-21 'Grad',captured,https://i.postimg.cc/BvrV7rWP/v66.png,2022-03-19,652,1573,2,7-65215732
Russia,Soviet Union,122mm BM-21 'Grad',captured,https://i.postimg.cc/Pf9Tm660/b7.png,2022-03-19,652,1574,2,7-65215742
Russia,Soviet Union,122mm BM-21 'Grad',captured,https://i.postimg.cc/Dz8rx8Cw/54220.jpg,2022-03-19,652,1575,2,7-65215752
Russia,Soviet Union,122mm BM-21 'Grad',captured,https://i.postimg.cc/k5p0db8M/4311.png,2022-03-19,652,1576,2,7-65215762
Russia,Soviet Union,122mm BM-21 'Grad',captured,https://i.postimg.cc/3wSwNDzN/470.png,2022-03-19,652,1577,2,7-65215772
Russia,Soviet Union,122mm BM-21 'Grad',captured,https://i.postimg.cc/zvRv9XtB/368.png,2022-03-19,652,1578,2,7-65215782
Russia,Soviet Union,122mm BM-21 'Grad',captured,https://i.postimg.cc/kGHcy5Hv/31.png,2022-03-26,652,1581,2,7-65215812
Russia,Soviet Union,122mm BM-21 'Grad',captured,https://i.postimg.cc/JhgWzBJv/3565.png,2022-03-27,652,1582,2,7-65215822
Russia,Soviet Union,122mm BM-21 'Grad',captured,https://i.postimg.cc/y8bc88x5/4f21.png,2022-03-28,652,1584,2,7-65215842
Russia,Soviet Union,122mm BM-21 'Grad',captured,https://i.postimg.cc/9M5wW3yK/grad.png,2022-03-31,652,1585,2,7-65215852
Russia,Soviet Union,122mm BM-21 'Grad',captured,https://i.postimg.cc/j2NTBKXc/545.jpg,2022-04-01,652,1586,2,7-65215862
Russia,Soviet Union,122mm BM-21 'Grad',captured,https://i.postimg.cc/SK2rDG8h/4f5.jpg,2022-04-04,652,1588,2,7-65215882
Russia,Soviet Union,122mm BM-21 'Grad',captured,https://i.postimg.cc/RFLcyG5S/87.png,2022-04-10,652,1591,2,7-65215912
Russia,Soviet Union,122mm BM-21 'Grad',captured,https://i.postimg.cc/sf9Dtyzs/77k.jpg,2022-04-13,652,1595,2,7-65215952
Russia,Soviet Union,122mm BM-21 'Grad',captured,https://i.postimg.cc/hjY0fnQ1/998.jpg,2022-04-18,652,1596,2,7-65215962
Russia,Soviet Union,122mm BM-21 'Grad',captured,https://i.postimg.cc/Hsm90YNz/76k.jpg,2022-04-24,652,1597,2,7-65215972
Russia,Soviet Union,122mm BM-21 'Grad',captured,https://i.postimg.cc/jjfczBpW/856.jpg,2022-05-01,652,1598,2,7-65215982
Russia,Soviet Union,122mm BM-21 'Grad',captured,https://i.postimg.cc/QtHX5cSf/332.png,2022-05-05,652,1599,2,7-65215992
Russia,Soviet Union,122mm BM-21 'Grad',captured,https://i.postimg.cc/mDQLZTrw/4388.png,2022-05-05,652,1600,2,7-65216002
Russia,Soviet Union,122mm BM-21 Grad,captured,https://i.postimg.cc/y8z4gKD1/87.jpg,2022-05-12,653,1602,2,7-65316022
Russia,Soviet Union,122mm BM-21 Grad,captured,https://i.postimg.cc/RZnpMSc8/43f6.png,2022-05-23,653,1604,2,7-65316042
Russia,Soviet Union,122mm D-30 howitzer,captured,https://i.postimg.cc/QtWtZFpF/j77.jpg,2022-06-28,654,1609,2,7-65416092
Russia,Soviet Union,122mm D-30 howitzer 2A18,captured,https://postimg.cc/hzvFw3c2,2022-03-19,655,1664,2,7-65516642
Russia,Soviet Union,122mm D-30 howitzer 2A18,captured,https://i.postimg.cc/DzQV61cq/dbb.png,2022-03-19,655,1665,2,7-65516652
Russia,Soviet Union,122mm D-30 howitzer 2A18,captured,https://i.postimg.cc/j2rw6ZJ8/4f0.png,2022-03-19,655,1666,2,7-65516662
Russia,Soviet Union,122mm D-30 howitzer 2A18,captured,https://i.postimg.cc/fLHffrmc/31d.png,2022-03-26,655,1667,2,7-65516672
Russia,Soviet Union,122mm D-30 howitzer 2A18,captured,https://i.postimg.cc/yND9cys5/5j.png,2022-03-26,655,1668,2,7-65516682
Russia,Soviet Union,122mm D-30 howitzer 2A18,captured,https://i.postimg.cc/G9nprdqq/d25.png,2022-04-01,655,1670,2,7-65516702
Russia,Soviet Union,122mm D-30 howitzer 2A18,captured,https://i.postimg.cc/J4SbdYFW/555.jpg,2022-04-13,655,1671,2,7-65516712
Russia,Soviet Union,122mm D-30 howitzer 2A18,captured,https://i.postimg.cc/8cq9wfgq/799.png,2022-04-17,655,1672,2,7-65516722
Russia,Soviet Union,122mm D-30 howitzer 2A18,captured,https://i.postimg.cc/tTCN00pb/776.png,2022-04-20,655,1673,2,7-65516732
Russia,Russia,123 KamAZ 6x6 tanker,captured,https://i.postimg.cc/hP10gfbC/1030-kamaz-tanker-capt-09-07-23.jpg,2023-07-10,659,1678,2,7-65916782
Russia,Soviet Union,1230 BMP-2(K),captured,https://i.postimg.cc/Sx5kyppv/1113-bmp2-capt-02-07-22.jpg,2024-04-21,663,1688,2,7-66316882
Russia,Soviet Union,1230 BMP-2(K),captured,https://i.postimg.cc/qvd9jbLY/1056-bmp2-capt-23-07-22.jpg,2024-04-21,663,1689,2,7-66316892
Russia,Soviet Union,124 BTR-80,captured,https://i.postimg.cc/mDZL32jG/10-08-2022-BTR-80-Captured-Kherson-Region.png,2022-11-02,668,1720,2,7-66817202
Russia,Soviet Union,124 T-80BV,captured,https://twitter.com/UAWeapons/status/1576871029003022336,2022-10-04,671,1729,2,7-67117292
Russia,Soviet Union,125 BMP-1(P),captured,https://i.postimg.cc/bwWbxmv8/1003-bmp1.jpg,2022-08-23,676,1748,2,7-67617482
Russia,Soviet Union,125 BMP-1(P),captured,https://i.postimg.cc/d3sTsX5R/1004-bmp1.jpg,2022-08-23,676,1749,2,7-67617492
Russia,Soviet Union,125 BMP-1(P),captured,https://i.postimg.cc/hGmmpVJm/1005-bmp1.jpg,2022-08-23,676,1750,2,7-67617502
Russia,Russia,125 Ural-4320 tanker,captured,https://i.postimg.cc/RV3b7vjZ/2022-04-01-ural-4320-tanker-1.jpg,2022-10-18,683,1768,2,7-68317682
Russia,Russia,125 Ural-4320 tanker,captured,https://i.postimg.cc/qqFbPFCr/2022-04-01-ural-4320-tanker-2.jpg,2022-10-18,683,1769,2,7-68317692
Russia,Soviet Union,126 T-80BV,captured,https://i.postimg.cc/rmY9sYr6/1001-t80bv-capt.jpg,2022-10-05,693,1790,2,7-69317902
Russia,Soviet Union,126 T-80BV,captured,https://i.postimg.cc/Y0XcMDTL/1008-t80bv-capt.jpg,2022-10-05,693,1791,2,7-69317912
Russia,Russia,126 Ural-4320 tanker,captured,https://i.postimg.cc/DwfFg0FB/1025-ural-tanker-capt.jpg,2022-11-12,695,1794,2,7-69517942
Russia,Russia,127 KamAZ 6x6 tanker,captured,https://i.postimg.cc/x8VjVCm2/1023-Kam-AZ-6x6-fuel-tanker-capt-31-03-23.jpg,2023-08-09,702,1813,2,7-70218132
Russia,Russia,127 KamAZ 6x6 tanker,captured,https://i.postimg.cc/7YdD2Sth/1010-Kam-AZ-6x6-tanker-capt-24-03-22.jpg,2024-02-29,702,1814,2,7-70218142
Russia,Russia,127 Ural-4320 tanker,captured,https://i.postimg.cc/brjmRZVS/1018-ural-tanker-dam-capt.jpg,2022-11-01,705,1819,2,7-70518192
Russia,Soviet Union,128 BMP-1(P),captured,https://twitter.com/UAWeapons/status/1562876165164900352,2022-08-30,708,1831,2,7-70818312
Russia,Soviet Union,128 BMP-1(P),captured,https://twitter.com/UAWeapons/status/1563934285484236800,2022-08-30,708,1832,2,7-70818322
Russia,Russia,128 KamAZ 6x6 tanker,captured,https://i.postimg.cc/j5VjpLWR/1051-Kam-AZ-6x6-tanker-capt-31-05-22.jpg,2024-01-09,711,1840,2,7-71118402
Russia,Russia,128 Ural-4320 tanker,captured,https://i.postimg.cc/05Vmt6H3/1011-Ural-4320-tanker-capt.jpg,2022-11-24,714,1843,2,7-71418432
Russia,Soviet Union,129 152mm 2S19 Msta-S,captured,https://i.postimg.cc/3Ns4bgSG/1004-2-S19-Msta-S-dam-capt-14-06-23.jpg,2023-06-16,717,1853,2,7-71718532
Russia,Soviet Union,129 BMP-1(P),captured,https://i.postimg.cc/FFqYfPGX/1044-bmp1.jpg,2022-09-08,718,1855,2,7-71818552
Russia,Soviet Union,129 T-80BV,captured,https://i.postimg.cc/13DCzp4r/1037-t80bv-capt.jpg,2022-10-06,722,1864,2,7-72218642
Russia,Soviet Union,129 T-80BV,captured,https://i.postimg.cc/dtynW8Rc/1031-t80bv-capt.jpg,2022-10-06,722,1865,2,7-72218652
Russia,Soviet Union,129 T-80BV,captured,https://i.postimg.cc/qq9wJRTF/1032-t80bv-capt.jpg,2022-10-06,722,1866,2,7-72218662
Russia,Russia,13 122mm 2B17 Tornado-G,captured,https://i.postimg.cc/sXvrGVBK/1010-tornado-g-ural-capt.jpg,2022-10-28,729,1891,2,7-72918912
Russia,Soviet Union,13 1V13(M) battery fire control center,captured,https://i.postimg.cc/4yqQF3pS/1000-1-V13-dam-capt.jpg,2022-11-08,731,1893,2,7-73118932
Russia,Soviet Union,13 1V14 battery command and forward observer vehicle,captured,https://i.postimg.cc/XY6VJj7v/1000-1-V14-M-capt-14-11.jpg,2022-11-16,732,1894,2,7-73218942
Russia,Soviet Union,13 23mm ZU-23-2,captured,https://twitter.com/UAWeapons/status/1577191476001271808,2022-10-05,734,1896,2,7-73418962
Russia,Soviet Union,13 23mm ZU-23-2,captured,https://twitter.com/UAWeapons/status/1577254750529036288,2022-10-05,734,1897,2,7-73418972
Russia,Soviet Union,13 BMP-1KSh command and staff vehicle,captured,https://i.postimg.cc/15j9fZCb/1064-BMP-1-KSh-command-and-staff-vehicle-capt-30-09-22.jpg,2023-10-22,739,1904,2,7-73919042
Russia,Russia,13 K-53949 Linza,captured,https://i.postimg.cc/j5JQY6w0/1042-Kam-AZ-53949-Linza-capt-09-07-22.jpg,2024-04-08,744,1914,2,7-74419142
Russia,Soviet Union,13 PTS-2 tracked amphibious transport,captured,https://i.postimg.cc/SsjTq0fx/1037-PTS-2-capt-17-03-23.jpg,2023-03-20,749,1923,2,7-74919232
Russia,Russia,13 T-72BA,captured,https://twitter.com/UAWeapons/status/1576956926130151424,2022-10-04,754,1929,2,7-75419292
Russia,Soviet Union,13 UAZ-452 van,captured,https://i.postimg.cc/RVC2W3LQ/1019-uaz452.jpg,2022-09-13,756,1931,2,7-75619312
Russia,Soviet Union,13 UAZ-469 jeep,captured,https://i.postimg.cc/7bvZVNPD/2022-09-23-T-72-B3-2.jpg,2022-09-25,757,1932,2,7-75719322
Russia,Soviet Union,130 T-80BV,captured,https://twitter.com/UAWeapons/status/1578297535713914880,2022-10-08,767,1944,2,7-76719442
Russia,Russia,130 Ural-4320 tanker,captured,https://i.postimg.cc/1X9qKJQk/1007-ural-tanker-capt.jpg,2022-11-28,770,1950,2,7-77019502
Russia,Soviet Union,131 BTR-80,captured,https://twitter.com/UAWeapons/status/1590475052021321728,2022-11-10,779,1969,2,7-77919692
Russia,Russia,131 GAZ Tigr-M,captured,https://i.postimg.cc/6Ts0FCgs/1007-tigr-m-capt-09-03-23.jpg,2023-03-11,781,1971,2,7-78119712
Russia,Soviet Union,131 MT-LBVM and MT-LBVMK,captured,https://twitter.com/UAWeapons/status/1581596993981665284,2022-10-17,783,1981,2,7-78319812
Russia,Soviet Union,131 MT-LBVM and MT-LBVMK,captured,https://i.postimg.cc/8cjT3KxK/07-26-2022-MT-LBVM-K-captured-Mykolaiv-Region.png,2022-11-02,783,1982,2,7-78319822
Russia,Soviet Union,132 BMP-1(P),captured,https://i.postimg.cc/GmKgzL7N/1020-bmp1-2.jpg,2022-09-09,790,2001,2,7-79020012
Russia,Soviet Union,132 BMP-1(P),captured,https://i.postimg.cc/jStkzwXP/1021-bmp1.jpg,2022-09-09,790,2002,2,7-79020022
Russia,Soviet Union,132 BMP-1(P),captured,https://twitter.com/UAWeapons/status/1567970224015659011,2022-09-09,790,2003,2,7-79020032
Russia,Soviet Union,132 MT-LBVM and MT-LBVMK,captured,https://i.postimg.cc/Wb7HNZBB/1014-mtlbvmk-capt-25-Sep-2022.jpg,2022-10-24,794,2008,2,7-79420082
Russia,Soviet Union,1325 BMP-2(K),captured,https://i.postimg.cc/hGyrH9cF/1029-bmp2-capt-10-07-24.jpg,2024-07-15,802,2030,2,7-80220302
Russia,Soviet Union,134 152mm 2S19 Msta-S,captured,https://i.postimg.cc/cHCFYgLz/1016-msta-s-capt-03-04-22.jpg,2023-07-28,814,2059,2,7-81420592
Russia,Soviet Union,134 BMP-1(P),captured,https://i.postimg.cc/9QYM4kSj/1021-bmp1.jpg,2022-09-10,815,2060,2,7-81520602
Russia,Soviet Union,134 BMP-1(P),captured,https://i.postimg.cc/pLTnN0j2/1001-bmp1.jpg,2022-09-10,815,2061,2,7-81520612
Russia,Soviet Union,134 BTR-80,captured,https://i.postimg.cc/Hsb39jHv/1011-btr80-capt.jpg,2022-11-18,817,2064,2,7-81720642
Russia,Soviet Union,134 T-80BV,captured,https://i.postimg.cc/HxvfR8j9/1002-t80bv-capt.jpg,2022-10-10,819,2070,2,7-81920702
Russia,Soviet Union,134 T-80BV,captured,https://i.postimg.cc/tJMp3mhy/1025-t80bv-capt.jpg,2022-10-10,819,2071,2,7-81920712
Russia,Soviet Union,1341 BMP-2(K),captured,https://i.postimg.cc/SxGMp8dg/1050-BMP-2-K-capt-31-10-22.jpg,2024-07-31,823,2080,2,7-82320802
Russia,Russia,135 GAZ Tigr-M,captured,https://i.postimg.cc/CKCb5wrs/4fp.png,2023-03-29,831,2093,2,7-83120932
Russia,Soviet Union,135 MT-LBVM and MT-LBVMK,captured,https://i.postimg.cc/WzxyjhM1/1012-mtlbvmk-dam-capt.jpg,2022-11-12,833,2099,2,7-83320992
Russia,Soviet Union,1358 BMP-2(K),captured,https://i.postimg.cc/rmjRcN6w/1006-BMP-2-K-capt-28-10-22.jpg,2024-08-28,837,2112,2,7-83721122
Russia,Soviet Union,136 T-80BV,captured,https://i.postimg.cc/RVsyDwYv/1015-t80bv-capt.jpg,2022-10-12,843,2124,2,7-84321242
Russia,Soviet Union,137 BMP-1(P),captured,https://i.postimg.cc/PqwnYm0b/1024-bmp1.jpg,2022-09-11,849,2142,2,7-84921422
Russia,Soviet Union,137 BMP-1(P),captured,https://i.postimg.cc/ZnJGGXnj/1026-bmp1.jpg,2022-09-11,849,2143,2,7-84921432
Russia,Russia,137 KamAZ 6x6 tanker,captured,https://i.postimg.cc/zfwH0Ndh/1083-Kam-AZ-6x6-tanker-capt-08-06-24.jpg,2024-06-12,854,2152,2,7-85421522
Russia,Soviet Union,137 MT-LBVM and MT-LBVMK,captured,https://i.postimg.cc/26NkkVKv/1013-mtlbvmk-capt.jpg,2022-11-13,855,2153,2,7-85521532
Russia,Soviet Union,137 MT-LBVM and MT-LBVMK,captured,https://i.postimg.cc/y856GfhL/1015-mtlbvm-capt.jpg,2022-11-13,855,2154,2,7-85521542
Russia,Soviet Union,1379 BMP-2(K),captured,https://i.postimg.cc/tCXRNNJR/1042-BMP-2-K-capt-01-10-24.jpg,2024-10-03,862,2170,2,7-86221702
Russia,Soviet Union,138 BTR-80,captured,https://i.postimg.cc/bJfjr7yQ/1000-btr-80-capt.jpg,2022-12-08,865,2174,2,7-86521742
Russia,Soviet Union,139 BMP-1(P),captured,https://twitter.com/UAWeapons/status/1569058662869516289,2022-09-12,872,2190,2,7-87221902
Russia,Soviet Union,139 BMP-1(P),captured,https://i.postimg.cc/L6gn7XLT/1012-bmp1.jpg,2022-09-12,872,2191,2,7-87221912
Russia,Soviet Union,139 T-80BV,captured,https://i.postimg.cc/2STDrpRS/1037-2x-t-80bv-dam-capt.jpg,2022-10-16,876,2199,2,7-87621992
Russia,Russia,14 'Orlan-20' ''Kartograf'',captured,https://i.postimg.cc/wvY5Sf28/1009-Orlan-20-capt-16-05-23.jpg,2023-05-23,879,2204,2,7-87922042
Russia,Soviet Union,14 1V13(M) battery fire control center,captured,https://i.postimg.cc/j2LJrjX2/1021-1-V13-1-battery-fire-control-centre-capt.jpg,2022-11-12,884,2210,2,7-88422102
Russia,Soviet Union,14 IMR-2(M) combat engineering vehicle,captured,https://twitter.com/UAWeapons/status/1569229469990227970,2022-09-13,896,2225,2,7-89622252
Russia,Russia,14 KamAZ 8x8,captured,https://i.postimg.cc/wvhd7vgh/2022-09-28-Kam-AZ-8x8.jpg,2022-09-29,897,2226,2,7-89722262
Russia,Russia,14 KamAZ 8x8,captured,https://i.postimg.cc/pdCPSvr3/437.png,2022-11-12,897,2227,2,7-89722272
Russia,Soviet Union,14 T-62MV,captured,https://i.postimg.cc/K8PSTHMJ/1032-t62mv-capt-22-02-23.jpg,2023-02-23,901,2233,2,7-90122332
Russia,Soviet Union,14 UAZ-452 van,captured,https://postimg.cc/mcKm38z9,2022-09-14,905,2239,2,7-90522392
Russia,Soviet Union,140 MT-LBVM and MT-LBVMK,captured,https://i.postimg.cc/sxfmzzdd/1003-MT-LBVMK-capt.jpg,2022-11-21,914,2250,2,7-91422502
Russia,Russia,140 Ural-4320 tanker,captured,https://i.postimg.cc/rpssVs1t/1003-ural-tanker-capt-03-04-22.jpg,2023-01-01,916,2256,2,7-91622562
Russia,Soviet Union,142 T-80BV,captured,https://i.postimg.cc/RV86r1xZ/1002-t80bv-capt.jpg,2022-10-17,935,2313,2,7-93523132
Russia,Soviet Union,143 MT-LBVM and MT-LBVMK,captured,https://i.postimg.cc/xCQySv9y/1001-MT-LBVMK-capt.jpg,2022-11-24,943,2350,2,7-94323502
Russia,Soviet Union,143 MT-LBVM and MT-LBVMK,captured,https://i.postimg.cc/NMx8GKMh/1002-MT-LBVMK-capt-19-11.jpg,2022-11-24,943,2351,2,7-94323512
Russia,Soviet Union,144 BMP-1(P),captured,https://twitter.com/UAWeapons/status/1569381077759807489,2022-09-13,947,2357,2,7-94723572
Russia,Soviet Union,144 BMP-1(P),captured,https://twitter.com/UAWeapons/status/1569295685689954305,2022-09-13,947,2358,2,7-94723582
Russia,Soviet Union,144 BMP-1(P),captured,https://twitter.com/UAWeapons/status/1569429188360167427,2022-09-13,947,2359,2,7-94723592
Russia,Soviet Union,144 BMP-1(P),captured,https://i.postimg.cc/RF1W2CVg/1015-bmp1.jpg,2022-09-13,947,2360,2,7-94723602
Russia,Russia,145 Ural-4320 tanker,captured,https://i.postimg.cc/7LxQ9kyh/1030-ural-tanker-capt-xx-11-22.jpg,2023-01-10,961,2384,2,7-96123842
Russia,Soviet Union,146 BMP-1(P),captured,https://twitter.com/UAWeapons/status/1570157461973401600,2022-09-15,965,84,2,7-965842
Russia,Soviet Union,146 BMP-1(P),captured,https://i.postimg.cc/BQHYGVms/3gd.png,2022-09-15,965,2389,2,7-96523892
Russia,Soviet Union,146 BMP-1(P),captured,https://i.postimg.cc/MTC5QWBH/1002-bmp1.jpg,2022-09-15,965,2390,2,7-96523902
Russia,Soviet Union,146 T-80BV,captured,https://i.postimg.cc/mgFkH5NF/1500-2x-t80bv-destr-1.jpg,2022-10-18,968,2395,2,7-96823952
Russia,Russia,146 Ural-4320 tanker,captured,https://i.postimg.cc/7hHYBypR/1006-ural-tanker-capt-12-01-23.jpg,2023-01-14,971,2399,2,7-97123992
Russia,Soviet Union,147 T-80BV,captured,https://i.postimg.cc/1RDMdsTh/1013-t80bv-capt.jpg,2022-10-21,975,2406,2,7-97524062
Russia,Russia,149 Ural-4320 tanker,captured,https://i.postimg.cc/9FmtH8PK/1000-ural-tanker-capt-11-09-22.jpg,2023-01-24,991,2434,2,7-99124342
Russia,Russia,149 Ural-4320 tanker,captured,https://i.postimg.cc/Hs60YwBx/1013-ural-tanker-capt-19-01-23.jpg,2023-01-24,991,2435,2,7-99124352
Russia,Russia,15 152mm 2S33 Msta-SM2,captured,https://twitter.com/UAWeapons/status/1586070919994576896,2022-10-29,995,2438,2,7-99524382
Russia,Soviet Union,15 1V13(M) battery fire control center,captured,https://i.postimg.cc/BZBtS0Bt/1003-1-V13-capt-01-01-23.jpg,2023-01-04,997,2442,2,7-99724422
Russia,Soviet Union,15 23mm ZU-23-2,captured,https://i.postimg.cc/9fFYwdpw/ZU-23-2-captured.png,2022-10-10,1000,2445,2,7-100024452
Russia,Russia,15 KamAZ 4x4,captured,https://i.postimg.cc/brtKf1n0/1006-kamaz4x4.jpg,2022-09-22,1009,2455,2,7-100924552
Russia,Russia,15 KamAZ 8x8,captured,https://i.postimg.cc/FR6Whkkk/1034-kamaz8x8-capt-01-03-22.jpg,2023-01-10,1010,2456,2,7-101024562
Russia,Soviet Union,15 MT-LB with ZU-23 AA gun,captured,https://i.postimg.cc/8crFr596/MT-LB-with-ZU-23-2-autocannon.png,2022-10-10,1011,2457,2,7-101124572
Russia,Soviet Union,15 MT-LB with ZU-23 AA gun,captured,https://i.postimg.cc/kXqzyt9Z/1024-MT-LB-with-Zu-23-2-capt.jpg,2022-10-10,1011,2458,2,7-101124582
Russia,Soviet Union,15 MT-LB with ZU-23 AA gun,captured,https://i.postimg.cc/wBZn5fTc/1026-MT-LB-with-Zu-23-2-capt.jpg,2022-10-10,1011,2459,2,7-101124592
Russia,Russia,15 T-72BA,captured,https://i.postimg.cc/YS6r5Rwf/1027-t72ba-capt.jpg,2022-10-10,1015,2465,2,7-101524652
Russia,Soviet Union,15 UAZ-452 van,captured,https://i.postimg.cc/QCRnfvKj/1007-uaz452.jpg,2022-09-22,1017,2467,2,7-101724672
Russia,Soviet Union,15 UAZ-469 jeep,captured,https://i.postimg.cc/mDmWNdt1/1.png,2022-09-30,1018,2468,2,7-101824682
Russia,Soviet Union,150 BMP-1(P),captured,https://postimg.cc/0zKZyJT9,2022-09-16,1022,2473,2,7-102224732
Russia,Soviet Union,150 BMP-1(P),captured,https://postimg.cc/ygWwhxR8,2022-09-16,1022,2474,2,7-102224742
Russia,Soviet Union,150 BMP-1(P),captured,https://twitter.com/UAWeapons/status/1570421404750991360,2022-09-16,1022,2475,2,7-102224752
Russia,Soviet Union,150 T-80BV,captured,https://i.postimg.cc/X7sR125X/1003-t80bv-dam-capt.jpg,2022-10-24,1024,2478,2,7-102424782
Russia,Soviet Union,151 BTR-80,captured,https://i.postimg.cc/L41RjVms/1044-btr80-capt-15-10-22.jpg,2023-01-21,1030,2488,2,7-103024882
Russia,Soviet Union,151 MT-LBVM and MT-LBVMK,captured,https://i.postimg.cc/jd6K2zSL/1001-mtlbvmk-capt.jpg,2022-12-09,1032,2491,2,7-103224912
Russia,Soviet Union,151 T-80BV,captured,https://i.postimg.cc/3NwPRsSL/1012-t80bv-capt.jpg,2022-10-26,1033,2493,2,7-103324932
Russia,Soviet Union,152 BMP-1(P),captured,https://twitter.com/UAWeapons/status/1571180289560297476,2022-09-18,1036,2496,2,7-103624962
Russia,Soviet Union,152 BMP-1(P),captured,https://postimg.cc/Yh1ntpQz,2022-09-18,1036,2497,2,7-103624972
Russia,Soviet Union,152 MT-LBVM and MT-LBVMK,captured,https://i.postimg.cc/YqL80N1Q/1019-MT-LBVMK-capt.jpg,2022-12-15,1039,2501,2,7-103925012
Russia,Soviet Union,152 MT-LBVM and MT-LBVMK,captured,https://i.postimg.cc/YCcRW43Z/1036-MT-LB-VMK-capt.jpg,2022-12-15,1039,2502,2,7-103925022
Russia,Russia,152 Ural-4320 tanker,captured,https://i.postimg.cc/3w3s4n7n/1047-ural-tanker-capt-27-03-22.jpg,2023-02-03,1041,2506,2,7-104125062
Russia,Soviet Union,152mm 2A36 Giatsint-B field-gun,captured,https://i.postimg.cc/Vs27hfRW/4f.png,2023-04-18,1043,2509,2,7-104325092
Russia,Soviet Union,152mm 2A65 Msta-B howitzer,captured,https://i.postimg.cc/hPHYt3Gw/67.png,2022-03-19,1044,2537,2,7-104425372
Russia,Soviet Union,152mm 2A65 Msta-B howitzer,captured,https://i.postimg.cc/fyyLqsyT/45.png,2022-03-26,1044,2539,2,7-104425392
Russia,Soviet Union,152mm 2A65 Msta-B howitzer,captured,https://i.postimg.cc/v8NzV8Dr/ml.jpg,2022-03-27,1044,2540,2,7-104425402
Russia,Soviet Union,152mm 2A65 Msta-B howitzer,captured,https://i.postimg.cc/PxnRQvP2/57.png,2022-04-04,1044,2544,2,7-104425442
Russia,Soviet Union,152mm 2A65 Msta-B howitzer,captured,https://i.postimg.cc/NGX2Bc6r/c1.jpg,2022-04-06,1044,2545,2,7-104425452
Russia,Soviet Union,152mm 2A65 Msta-B howitzer,captured,https://i.postimg.cc/j5wwWVBm/c2.jpg,2022-04-06,1044,2546,2,7-104425462
Russia,Soviet Union,152mm 2A65 Msta-B howitzer,captured,https://i.postimg.cc/J0Ncj6gb/b56.jpg,2022-04-09,1044,2547,2,7-104425472
Russia,Soviet Union,152mm 2A65 Msta-B howitzer,captured,https://i.postimg.cc/NMzvD0kR/540.jpg,2022-04-14,1044,2548,2,7-104425482
Russia,Soviet Union,152mm 2A65 Msta-B howitzer,captured,https://i.postimg.cc/MK5RVChf/76j.png,2022-04-23,1044,2549,2,7-104425492
Russia,Soviet Union,152mm 2A65 Msta-B howitzer,captured,https://postimg.cc/phhtFG0p,2022-08-13,1044,2556,2,7-104425562
Russia,Soviet Union,152mm 2A65 Msta-B howitzer,captured,https://i.postimg.cc/4338Nym4/1024-msta-b.jpg,2022-09-08,1044,2559,2,7-104425592
Russia,Soviet Union,152mm 2A65 Msta-B howitzer,captured,https://twitter.com/UAWeapons/status/1568337843084206081,2022-09-10,1044,2560,2,7-104425602
Russia,Soviet Union,152mm 2S19 Msta-S,captured,https://i.postimg.cc/2Sk1L977/66534.jpg,2022-03-19,1045,2574,2,7-104525742
Russia,Soviet Union,152mm 2S19 Msta-S,captured,https://i.postimg.cc/MK00cndM/k8.png,2022-03-19,1045,2575,2,7-104525752
Russia,Soviet Union,152mm 2S19 Msta-S,captured,https://i.postimg.cc/x8ZVc6HH/887.png,2022-03-19,1045,2576,2,7-104525762
Russia,Soviet Union,152mm 2S19 Msta-S,captured,https://i.postimg.cc/sghCGWxB/65.png,2022-03-19,1045,2577,2,7-104525772
Russia,Soviet Union,152mm 2S19 Msta-S,captured,https://i.postimg.cc/C5XkV6Vs/544.png,2022-03-19,1045,2578,2,7-104525782
Russia,Soviet Union,152mm 2S19 Msta-S,captured,https://i.postimg.cc/TwVtf4qx/5490.png,2022-03-26,1045,2579,2,7-104525792
Russia,Soviet Union,152mm 2S19 Msta-S,captured,https://i.postimg.cc/J0QbTYf7/6h.jpg,2022-03-26,1045,2583,2,7-104525832
Russia,Soviet Union,152mm 2S19 Msta-S,captured,https://i.postimg.cc/PqdwjNvQ/4441.png,2022-03-26,1045,2584,2,7-104525842
Russia,Soviet Union,152mm 2S19 Msta-S,captured,https://i.postimg.cc/pdLCyHCM/f4.jpg,2022-03-26,1045,2585,2,7-104525852
Russia,Soviet Union,152mm 2S19 Msta-S,captured,https://i.postimg.cc/ZKHmyGgk/2s5.png,2022-03-29,1045,2586,2,7-104525862
Russia,Soviet Union,152mm 2S19 Msta-S,captured,https://i.postimg.cc/4xzGdvw2/16.png,2022-03-29,1045,2587,2,7-104525872
Russia,Soviet Union,152mm 2S19 Msta-S,captured,https://i.postimg.cc/wv0gDZCF/d332.png,2022-04-04,1045,2596,2,7-104525962
Russia,Soviet Union,152mm 2S19 Msta-S,captured,https://i.postimg.cc/W1rbF9Xq/h76.jpg,2022-04-04,1045,2597,2,7-104525972
Russia,Soviet Union,152mm 2S19 Msta-S,captured,https://i.postimg.cc/6QXqszSK/32d.png,2022-04-04,1045,2598,2,7-104525982
Russia,Soviet Union,152mm 2S19 Msta-S,captured,https://i.postimg.cc/76N0kB0z/s1.jpg,2022-04-04,1045,2599,2,7-104525992
Russia,Soviet Union,152mm 2S19 Msta-S,captured,https://i.postimg.cc/k5Bj14kH/76.jpg,2022-04-06,1045,2601,2,7-104526012
Russia,Soviet Union,152mm 2S19 Msta-S,captured,https://i.postimg.cc/zBbygxv0/998.jpg,2022-04-09,1045,2603,2,7-104526032
Russia,Soviet Union,152mm 2S19 Msta-S,captured,https://i.postimg.cc/mDtZZJjS/687.png,2022-04-13,1045,2609,2,7-104526092
Russia,Soviet Union,152mm 2S19 Msta-S,captured,https://i.postimg.cc/MpTXKnr8/57799.jpg,2022-04-14,1045,2610,2,7-104526102
Russia,Soviet Union,152mm 2S19 Msta-S,captured,https://i.postimg.cc/GmjR3x8R/3g.jpg,2022-04-24,1045,2611,2,7-104526112
Russia,Soviet Union,152mm 2S19 Msta-S,captured,https://i.postimg.cc/mZ0MYdWr/58.jpg,2022-05-11,1045,2614,2,7-104526142
Russia,Soviet Union,152mm 2S19 Msta-S,captured,https://i.postimg.cc/DfS7qsFb/ff2.jpg,2022-05-23,1045,2616,2,7-104526162
Russia,Soviet Union,152mm 2S19 Msta-S,captured,https://i.postimg.cc/hjsf9tb9/66hf.png,2022-05-29,1045,2617,2,7-104526172
Russia,Soviet Union,152mm 2S19 Msta-S,captured,https://i.postimg.cc/WzTFyJWd/hhh6.jpg,2022-05-30,1045,2618,2,7-104526182
Russia,Soviet Union,152mm 2S19 Msta-S,captured,https://i.postimg.cc/vZPG0D9W/5f.png,2022-06-06,1045,2619,2,7-104526192
Russia,Soviet Union,152mm 2S19 Msta-S,captured,https://i.postimg.cc/7ZtrPYcp/1020-msta-s.jpg,2022-09-11,1045,2631,2,7-104526312
Russia,Soviet Union,152mm 2S19 Msta-S,captured,https://twitter.com/UAWeapons/status/1568901256038567938,2022-09-12,1045,2632,2,7-104526322
Russia,Soviet Union,152mm 2S19 Msta-S,captured,https://twitter.com/UAWeapons/status/1569229469990227970,2022-09-13,1045,2225,2,7-104522252
Russia,Soviet Union,152mm 2S19 Msta-S,captured,https://twitter.com/UAWeapons/status/1569229447093702657,2022-09-13,1045,2634,2,7-104526342
Russia,Soviet Union,152mm 2S19 Msta-S,captured,https://twitter.com/UAWeapons/status/1569424767517597702,2022-09-13,1045,2635,2,7-104526352
Russia,Soviet Union,152mm 2S3 Akatsiya,captured,https://i.postimg.cc/BQMW1NcT/g3d.png,2022-03-19,1046,2641,2,7-104626412
Russia,Soviet Union,152mm 2S3 Akatsiya,captured,https://i.postimg.cc/mr6tkF1j/478.png,2022-03-26,1046,2649,2,7-104626492
Russia,Soviet Union,152mm 2S3 Akatsiya,captured,https://i.postimg.cc/brZmC6g0/3ff.jpg,2022-04-04,1046,2654,2,7-104626542
Russia,Soviet Union,152mm 2S3 Akatsiya,captured,https://i.postimg.cc/QC1Wqp3f/a11.jpg,2022-04-04,1046,2655,2,7-104626552
Russia,Soviet Union,152mm 2S3 Akatsiya,captured,https://i.postimg.cc/ZRgtgX6V/357.png,2022-04-04,1046,2656,2,7-104626562
Russia,Soviet Union,152mm 2S3 Akatsiya,captured,https://i.postimg.cc/qMHKvZsS/a13.jpg,2022-04-04,1046,2657,2,7-104626572
Russia,Soviet Union,152mm 2S3 Akatsiya,captured,https://i.postimg.cc/wBr6HZXy/34.jpg,2022-04-23,1046,2663,2,7-104626632
Russia,Soviet Union,152mm 2S3(M) Akatsiya,captured,https://i.postimg.cc/mgskC4w1/656.jpg,2022-05-23,1047,2669,2,7-104726692
Russia,Soviet Union,152mm 2S3(M) Akatsiya,captured,https://i.postimg.cc/s27VF9MQ/37.png,2022-05-23,1047,2670,2,7-104726702
Russia,Soviet Union,152mm 2S3(M) Akatsiya,captured,https://i.postimg.cc/K86gnCNB/1035-2s3-dam-capt-03-05-23.jpg,2023-05-06,1047,2696,2,7-104726962
Russia,Russia,152mm 2S33 Msta-SM2,captured,https://i.postimg.cc/3wbHT3MM/72.png,2022-03-19,1048,2769,2,7-104827692
Russia,Russia,152mm 2S33 Msta-SM2,captured,https://i.postimg.cc/YSD5yMc0/369.png,2022-03-26,1048,2770,2,7-104827702
Russia,Russia,152mm 2S33 Msta-SM2,captured,https://i.postimg.cc/kGL6NWBJ/35.png,2022-03-26,1048,2771,2,7-104827712
Russia,Russia,152mm 2S33 Msta-SM2,captured,https://i.postimg.cc/654NRtxk/583.png,2022-04-17,1048,2772,2,7-104827722
Russia,Russia,152mm 2S33 Msta-SM2,captured,https://twitter.com/UAWeapons/status/1567980932199505920,2022-09-09,1048,2773,2,7-104827732
Russia,Russia,152mm 2S33 Msta-SM2,captured,https://twitter.com/UAWeapons/status/1567829730321113089,2022-09-10,1048,2774,2,7-104827742
Russia,Russia,152mm 2S33 Msta-SM2,captured,https://i.postimg.cc/K88yyg9P/1021-msta-sm2.jpg,2022-09-11,1048,2775,2,7-104827752
Russia,Russia,152mm 2S33 Msta-SM2,captured,https://twitter.com/UAWeapons/status/1568899257771384832,2022-09-12,1048,2776,2,7-104827762
Russia,Russia,152mm 2S33 Msta-SM2,captured,https://twitter.com/UAWeapons/status/1569288340041568258,2022-09-13,1048,83,2,7-1048832
Russia,Soviet Union,152mm D-20 gun-howitzer,captured,https://twitter.com/UAWeapons/status/1570491371903131649,2022-09-16,1049,2778,2,7-104927782
Russia,Soviet Union,152mm D-20 gun-howitzer,captured,https://twitter.com/UAWeapons/status/1577737276783837196,2022-10-06,1049,2780,2,7-104927802
Russia,Soviet Union,153 MT-LBVM and MT-LBVMK,captured,https://i.postimg.cc/dQjnd8YB/1011-MT-LBVMK-capt-23-12-22.jpg,2022-12-30,1054,2825,2,7-105428252
Russia,Soviet Union,154 BMP-1(P),captured,https://twitter.com/UAWeapons/status/1571497912613445634,2022-09-19,1059,2831,2,7-105928312
Russia,Soviet Union,154 BTR-80,captured,https://i.postimg.cc/zftMb340/1027-btr80-capt-16-02-23.jpg,2023-02-18,1060,2834,2,7-106028342
Russia,Soviet Union,154 MT-LBVM and MT-LBVMK,captured,https://i.postimg.cc/DfWkynkb/1005-MT-LBVMK-capt-12-11-22.jpg,2023-01-01,1063,2840,2,7-106328402
Russia,Soviet Union,154 T-80BV,captured,https://i.postimg.cc/CKJP8w88/1021-t80bv-capt.jpg,2022-10-27,1064,2843,2,7-106428432
Russia,Soviet Union,155 BMP-1(P),captured,https://i.postimg.cc/vZKJYwpk/2022-09-11-BMP-1.jpg,2022-09-22,1067,2846,2,7-106728462
Russia,Soviet Union,155 BTR-80,captured,https://postlmg.cc/sB8Cszbn,2023-04-08,1069,2864,2,7-106928642
Russia,Russia,155 Ural-4320 tanker,captured,https://i.postimg.cc/P5XS4SS9/669.jpg,2023-04-03,1075,2881,2,7-107528812
Russia,Soviet Union,156 BTR-80,captured,https://i.postimg.cc/8cP5Q6Kz/764p.png,2023-04-03,1078,2886,2,7-107828862
Russia,Soviet Union,156 BTR-80,captured,https://i.postimg.cc/8cKJC0KY/image.jpg,2023-04-06,1078,2889,2,7-107828892
Russia,Soviet Union,156 BTR-80,captured,https://postimg.cc/Yhq1prvQ,2023-04-06,1078,2890,2,7-107828902
Russia,Soviet Union,156 T-80BV,captured,https://i.postimg.cc/zBtjG5fZ/1016-t80bv-capt.jpg,2022-10-30,1082,2897,2,7-108228972
Russia,Soviet Union,157 BMP-1(P),captured,https://i.postimg.cc/6QSJnxSM/1002-bmp1.jpg,2022-09-27,1087,2906,2,7-108729062
Russia,Soviet Union,158 BMP-1(P),captured,https://postimg.cc/D8D0p2CH,2022-09-30,1096,2919,2,7-109629192
Russia,Soviet Union,158 BTR-80,captured,https://i.postimg.cc/xCd1nMS7/1010-btr80-capt-03-10-22.png,2023-03-16,1097,2920,2,7-109729202
Russia,Soviet Union,159 T-80BV,captured,https://twitter.com/UAWeapons/status/1587378383465455617,2022-11-02,1108,2940,2,7-110829402
Russia,Soviet Union,159 T-80BV,captured,https://i.postimg.cc/xCBSV5Kp/1008-t80bv-capt.jpg,2022-11-02,1108,2941,2,7-110829412
Russia,Soviet Union,16 100mm MT-12 anti-tank gun,captured,https://i.postimg.cc/WzpFyZdX/1021-mt12-capt-03-04-22.jpg,2023-05-17,1112,2945,2,7-111229452
Russia,Soviet Union,16 1V14 battery command and forward observer vehicle,captured,https://i.postimg.cc/BnLKPJxJ/1008-1v14-m-capt-31-03-22.jpg,2023-05-06,1117,2951,2,7-111729512
Russia,Soviet Union,16 23mm ZU-23-2,captured,https://i.postimg.cc/4dfGF8DN/1010-ZU-23-2-capt.jpg,2022-11-22,1119,2953,2,7-111929532
Russia,Soviet Union,16 BRM-1K reconnaissance vehicle,captured,https://i.postimg.cc/Px4KPtq9/1003-brm1k.jpg,2022-09-12,1124,2958,2,7-112429582
Russia,Soviet Union,16 BRM-1K reconnaissance vehicle,captured,https://i.postimg.cc/g0nfvNjc/1013-brm1k.jpg,2022-09-12,1124,2959,2,7-112429592
Russia,Soviet Union,16 IMR-2(M) combat engineering vehicle,captured,https://i.postimg.cc/2yqkm7Qk/1017-imr2.jpg,2022-09-28,1127,2963,2,7-112729632
Russia,Russia,16 KamAZ 8x8,captured,https://i.postimg.cc/wBHp5955/1018-kamaz8x8-capt-29-01-23.jpg,2023-02-03,1128,2964,2,7-112829642
Russia,Soviet Union,16 MT-LB with ZU-23 AA gun,captured,https://i.postimg.cc/HnwkWzK7/2022-09-01-mt-lb-with-zu-23.jpg,2022-10-17,1129,2965,2,7-112929652
Russia,Soviet Union,16 T-62M,captured,https://i.postimg.cc/pdNwMqJq/4500-t62m-capt.jpg,2022-10-06,1133,2972,2,7-113329722
Russia,Soviet Union,16 T-62M,captured,https://twitter.com/UAWeapons/status/1577645612891361281,2022-10-06,1133,2973,2,7-113329732
Russia,Soviet Union,16 T-62M,captured,https://twitter.com/UAWeapons/status/1577553007725756419,2022-10-06,1133,2974,2,7-113329742
Russia,Soviet Union,16 T-62M,captured,https://twitter.com/UAWeapons/status/1577556971389075459,2022-10-06,1133,2975,2,7-113329752
Russia,Soviet Union,16 T-62M,captured,https://twitter.com/UAWeapons/status/1577688073231540224,2022-10-06,1133,2976,2,7-113329762
Russia,Soviet Union,16 UAZ-469 jeep,captured,https://i.postimg.cc/bYMyQdx2/2022-09-11-BMP-2-UAZ-469.png,2022-10-02,1141,2990,2,7-114129902
Russia,Soviet Union,161 BMP-1(P),captured,https://i.postimg.cc/DzKKF4L9/1008-bmp1-captu.jpg,2022-10-02,1153,3009,2,7-115330092
Russia,Soviet Union,161 BMP-1(P),captured,https://i.postimg.cc/tCLKgxh2/2022-09-27-BMP-1.jpg,2022-10-02,1153,3010,2,7-115330102
Russia,Soviet Union,161 MT-LBVM and MT-LBVMK,captured,https://i.postimg.cc/yYd59KMg/1011-MT-LBVMK-capt-21-03-22.jpg,2023-02-21,1157,3015,2,7-115730152
Russia,Soviet Union,162 BMP-1(P),captured,https://i.postimg.cc/mgq5H5pG/2022-09-14-BMP-1.jpg,2022-10-03,1161,3019,2,7-116130192
Russia,Soviet Union,163 MT-LBVM and MT-LBVMK,captured,https://i.postimg.cc/LX3HsprK/1014-MT-LBVMK-capt-08-03-23.jpg,2023-03-09,1166,3027,2,7-116630272
Russia,Soviet Union,164 BMP-1(P),captured,https://i.postimg.cc/5NQsY1gs/1005-bmp1-capt.jpg,2022-10-05,1170,3040,2,7-117030402
Russia,Russia,164 BTR-82AT,captured,https://i.postimg.cc/c1jV7V0M/1018-BTR-82-AT-capt-14-09-24.jpg,2024-09-20,1172,3044,2,7-117230442
Russia,Russia,165 GAZ Tigr-M,captured,https://i.postimg.cc/Bb3JjBzd/1120-tigr-m-capt-13-04-22.jpg,2024-04-21,1179,3057,2,7-117930572
Russia,Soviet Union,165 MT-LBVM and MT-LBVMK,captured,https://twitter.com/naalsio26/status/1644519437653901312,2023-04-08,1180,3058,2,7-118030582
Russia,Soviet Union,167 MT-LBVM and MT-LBVMK,captured,https://i.postimg.cc/W3VgPMRK/1036-MT-LBVMK-capt-30-04-23.jpg,2023-05-06,1192,3081,2,7-119230812
Russia,Soviet Union,168 BMP-1(P),captured,https://i.postimg.cc/hGCd6gvV/1009-bmp1-capt.jpg,2022-10-06,1199,3120,2,7-119931202
Russia,Soviet Union,168 BMP-1(P),captured,https://twitter.com/UAWeapons/status/1577572528683466752,2022-10-06,1199,3121,2,7-119931212
Russia,Soviet Union,168 BMP-1(P),captured,https://i.postimg.cc/DzfhLZrb/1020-bmp-1-capt.jpg,2022-10-06,1199,3122,2,7-119931222
Russia,Soviet Union,168 MT-LBVM and MT-LBVMK,captured,https://i.postimg.cc/hGKnFHNW/1033-MT-LBVMK-capt-09-05-23.jpg,2023-05-11,1202,3129,2,7-120231292
Russia,Soviet Union,168 T-80BV,captured,https://i.postimg.cc/26pW1mc1/1500-T-80-BV-damaged-1-captured.jpg,2022-11-10,1203,3131,2,7-120331312
Russia,Russia,168 Ural-4320 tanker,captured,https://i.postimg.cc/C5ZghsZY/1038-Ural-4320-tanker-capt-31-03-22.jpg,2023-10-12,1204,3133,2,7-120431332
Russia,Russia,168 Ural-4320 tanker,captured,https://i.postimg.cc/3r6hLV6w/1039-Ural-4320-tanker-capt-31-03-22.jpg,2023-10-12,1204,3134,2,7-120431342
Russia,Soviet Union,17 152mm 2S5 Giatsint-S,captured,https://i.postimg.cc/05JZpQJZ/1025-2-S5-Giatsint-S-capt-08-01-23.jpg,2023-01-10,1219,3164,2,7-121931642
Russia,Soviet Union,17 23mm ZU-23-2,captured,https://i.postimg.cc/VkF2wKgy/1021-zu-23-2-capt-16-02-23.jpg,2023-02-18,1222,3167,2,7-122231672
Russia,Soviet Union,17 BMP-2D,captured,https://i.postimg.cc/wBLK57mx/1031-bmp2d-capt-10-09-22.jpg,2024-05-04,1226,3172,2,7-122631722
Russia,Soviet Union,17 BRM-1K reconnaissance vehicle,captured,https://twitter.com/UAWeapons/status/1569229438864195589,2022-09-13,1228,2356,2,7-122823562
Russia,Soviet Union,17 KamAZ-63501 (for PP-2005 floating bridge system),captured,https://i.postimg.cc/sfT61ZpX/1097-Kam-AZ-63501-for-PP-2005-floating-bridge-system-capt-10-04-22.png,2024-01-23,1231,3191,2,7-123131912
Russia,Soviet Union,17 KamAZ-63501 (for PP-2005 floating bridge system),captured,https://i.postimg.cc/x1wFnDL3/1084-Kam-AZ-63501-for-PP-2005-floating-bridge-system-capt-05-04-22.jpg,2024-01-23,1231,3192,2,7-123131922
Russia,Soviet Union,17 KamAZ-63501 (for PP-2005 floating bridge system),captured,https://i.postimg.cc/jdkF3J59/1083-Kam-AZ-63501-for-PP-2005-floating-bridge-system-capt-05-04-22.jpg,2024-01-23,1231,3193,2,7-123131932
Russia,Soviet Union,17 KamAZ-63501 (for PP-2005 floating bridge system),captured,https://i.postimg.cc/VvfVpqXy/1007-Kam-AZ-63501-for-PP-2005-floating-bridge-system-capt-06-11-22.jpg,2024-01-23,1231,3194,2,7-123131942
Russia,Soviet Union,17 KamAZ-63501 (for PP-2005 floating bridge system),captured,https://i.postimg.cc/JhcWvvrH/1007-Kam-AZ-8x8-for-PP-2005-floating-bridge-system-capt-30-11-22.jpg,2024-02-29,1231,3195,2,7-123131952
Russia,Russia,17 KamAZ with MM-501 armoured cabin,captured,https://twitter.com/Danspiun/status/1575253321685864611,2022-09-29,1234,3198,2,7-123431982
Russia,Soviet Union,17 MT-LB with ZU-23 AA gun,captured,https://twitter.com/UAWeapons/status/1604925646689505280,2022-12-21,1235,3199,2,7-123531992
Russia,Russia,170 Ural-4320 tanker,captured,https://i.postimg.cc/8Cs5vzqX/1001-captured-Ural-4320-tanker-30-11-22.jpg,2023-11-24,1250,3215,2,7-125032152
Russia,Soviet Union,173 122mm BM-21 Grad,captured,https://i.postimg.cc/65FH82Bn/1007-BM-21-capt-30-11-22.jpg,2023-10-22,1264,3236,2,7-126432362
Russia,Soviet Union,173 MT-LBVM and MT-LBVMK,captured,https://i.postimg.cc/HL1Vkrjv/2032-MT-LBVMK-capt-20-05-22.jpg,2023-06-25,1268,3241,2,7-126832412
Russia,Soviet Union,173 T-80BV,captured,https://i.postimg.cc/jjX6kwFv/1035-t80bv-capt.jpg,2022-11-14,1269,3242,2,7-126932422
Russia,Soviet Union,174 BMP-1(P),captured,https://i.postimg.cc/vmRc0vQ8/1022-bmp-1-capt.jpg,2022-10-09,1272,3248,2,7-127232482
Russia,Soviet Union,174 BMP-1(P),captured,https://i.postimg.cc/d08DpT12/1027-bmp1-capt.jpg,2022-10-09,1272,3249,2,7-127232492
Russia,Soviet Union,174 BMP-1(P),captured,https://i.postimg.cc/bNJDrJCP/1028-bmp-1-capt.jpg,2022-10-09,1272,3250,2,7-127232502
Russia,Soviet Union,174 BMP-1(P),captured,https://i.postimg.cc/FsBfL48L/1030-bmp1-capt.jpg,2022-10-09,1272,3251,2,7-127232512
Russia,Russia,174 Ural-4320 tanker,captured,https://i.postimg.cc/Px989bWz/1032-Ural-4320-tanker-capt-23-03-22.jpg,2024-01-09,1280,3271,2,7-128032712
Russia,Soviet Union,175 BMP-1(P),captured,https://i.postimg.cc/cCsxWZkT/1041-bmp1-capt.jpg,2022-10-10,1283,3275,2,7-128332752
Russia,Soviet Union,176 T-80BV,captured,https://i.postimg.cc/BZk9cbpc/1006-t80bv-capt.jpg,2022-11-24,1295,3292,2,7-129532922
Russia,Soviet Union,178 BMP-1(P),captured,https://i.postimg.cc/PfRWPNHg/1014-bmp1-capt.jpg,2022-10-16,1305,3316,2,7-130533162
Russia,Soviet Union,178 BMP-1(P),captured,https://i.postimg.cc/hvfV2RLZ/1033-bmp-1-dam-capt.jpg,2022-10-16,1305,3317,2,7-130533172
Russia,Soviet Union,179 T-80BV,captured,https://twitter.com/UAWeapons/status/1596615546186915841,2022-11-28,1315,3334,2,7-131533342
Russia,Soviet Union,18 IMR-2(M) combat engineering vehicle,captured,https://i.postimg.cc/jdXx44mT/1003-imr2.png,2022-10-03,1333,3357,2,7-133333572
Russia,Russia,18 KamAZ with MM-501 armoured cabin,captured,https://twitter.com/UAWeapons/status/1576838844020051968,2022-10-04,1336,3360,2,7-133633602
Russia,Soviet Union,18 MT-LB with ZU-23 AA gun,captured,https://i.postimg.cc/L6c699vC/4f5.png,2022-12-22,1337,3361,2,7-133733612
Russia,Soviet Union,18 T-62M,captured,https://i.postimg.cc/wMqmL10f/1007-t62m-capt.jpg,2022-10-07,1340,3363,2,7-134033632
Russia,Soviet Union,18 T-62M,captured,https://twitter.com/UAWeapons/status/1578010258152251392,2022-10-07,1340,3364,2,7-134033642
Russia,Soviet Union,18 UAZ-452 van,captured,https://i.postimg.cc/yxVWR2s5/Medical-UAZ-Derhachi-district.png,2022-10-01,1345,3370,2,7-134533702
Russia,Russia,180 Ural-4320 tanker,captured,https://i.postimg.cc/VLHRChPN/1020-Ural-4320-tanker-capt-19-03-22.jpg,2024-07-15,1353,3379,2,7-135333792
Russia,Soviet Union,183 T-80BV,captured,https://i.postimg.cc/4NLY20Cy/1010-t80bv-capt.jpg,2022-12-06,1372,3406,2,7-137234062
Russia,Soviet Union,188 BMP-1(P),captured,https://i.postimg.cc/Fsfzxfk5/1004-bmp1-capt.jpg,2022-10-17,1389,3449,2,7-138934492
Russia,Soviet Union,189 BMP-1(P),captured,https://twitter.com/naalsio26/status/1582059160274755588,2022-10-18,1395,3465,2,7-139534652
Russia,Soviet Union,19 T-62M,captured,https://twitter.com/UAWeapons/status/1578303114742235137,2022-10-08,1418,3497,2,7-141834972
Russia,Soviet Union,19 UAZ-469 jeep,captured,https://i.postimg.cc/GtDP21CP/1025-uaz469-capt.jpg,2022-10-08,1424,3505,2,7-142435052
Russia,Soviet Union,19 ZiL-131,captured,https://i.postimg.cc/CLyxF3Rn/1015-Zi-L131-capt.jpg,2022-12-17,1426,3509,2,7-142635092
Russia,Soviet Union,190 BMP-1(P),captured,https://i.postimg.cc/NMNqGSRk/2022-03-02-BMP-1-abandoned-and-destroyed-Borodyanka.jpg,2022-10-29,1428,3512,2,7-142835122
Russia,Soviet Union,190 BMP-1(P),captured,https://i.postimg.cc/cHz0XsnT/1008-bmp1-capt.jpg,2022-10-29,1428,3513,2,7-142835132
Russia,Soviet Union,191 BMP-1(P),captured,https://i.postimg.cc/Z5XRxNvW/1001-bmp1-capt.jpg,2022-10-30,1433,3529,2,7-143335292
Russia,Soviet Union,192 MT-LBVM and MT-LBVMK,captured,https://i.postimg.cc/05FX5Yc3/1017-MT-LBVMK-capt-10-04-22.jpg,2024-01-09,1436,3537,2,7-143635372
Russia,Soviet Union,193 BTR-80,captured,https://i.postimg.cc/3N6D3bDN/1053-btr80-capt-30-11-22.jpg,2024-01-21,1440,3544,2,7-144035442
Russia,Soviet Union,195 MT-LBVM and MT-LBVMK,captured,https://i.postimg.cc/Vk9tNswM/1006-mtlbvmk-capt-01-03-22.jpg,2024-01-21,1451,3578,2,7-145135782
Russia,Soviet Union,197 122mm BM-21 Grad,captured,https://i.postimg.cc/nVqTZCwY/1022-122mm-BM-21-Grad-capt-31-05-22.jpg,2024-01-09,1460,3601,2,7-146036012
Russia,Soviet Union,197 T-80BV,captured,https://i.postimg.cc/YCnFt6w7/1013-t80bv-capt-07-11-22.jpg,2023-01-01,1463,3609,2,7-146336092
Russia,Soviet Union,198 MT-LBVM and MT-LBVMK,captured,https://i.postimg.cc/zX8pfKZK/1001-mtlbvmk-capt-08-05-22.jpg,2024-02-15,1468,3618,2,7-146836182
Russia,Soviet Union,199 BMP-1(P),captured,https://i.postimg.cc/brQPVZt6/1007-bmp1-dam-capt-7-11.jpg,2022-11-08,1473,3635,2,7-147336352
Russia,Soviet Union,199 BMP-1(P),captured,https://twitter.com/UAWeapons/status/1588278800164347907,2022-11-08,1473,3636,2,7-147336362
Russia,Soviet Union,199 T-80BV,captured,https://i.postimg.cc/g2KtWHhZ/1005-t80bv-capt-12-01-23.jpg,2023-01-14,1476,3645,2,7-147636452
Russia,Russia,1L261 (for 1L260 Zoopark-1M counter-battery radar complex),captured,https://i.postimg.cc/TPXZzwYr/47h.png,2022-03-27,1480,3650,2,7-148036502
Russia,Russia,1L261 (for 1L260 Zoopark-1M counter-battery radar complex),captured,https://twitter.com/UAWeapons/status/1568276847611498496,2022-09-10,1480,3653,2,7-148036532
Russia,Russia,1RL257 Krasukha-4 command post,captured,https://i.postimg.cc/G3y10MLj/87.png,2022-03-26,1484,3667,2,7-148436672
Russia,Russia,1V1003 command and observation vehicle (for 1V198 artillery fire control system),captured,https://twitter.com/UAWeapons/status/1571945145846710274,2022-09-20,1485,3668,2,7-148536682
Russia,Soviet Union,1V119 artillery fire direction vehicle,captured,https://i.postimg.cc/tgYSCmW7/g76.png,2022-03-19,1486,3670,2,7-148636702
Russia,Soviet Union,1V119 artillery fire direction vehicle,captured,https://i.postimg.cc/J7kqnFJ0/ff2v.jpg,2022-03-19,1486,3671,2,7-148636712
Russia,Soviet Union,1V119 artillery fire direction vehicle,captured,https://i.postimg.cc/25yxPDFB/d18.png,2022-03-19,1486,3672,2,7-148636722
Russia,Soviet Union,1V119 artillery fire direction vehicle,captured,https://i.postimg.cc/jdkFKNbv/f1.png,2022-03-19,1486,3673,2,7-148636732
Russia,Soviet Union,1V119 artillery fire direction vehicle,captured,https://i.postimg.cc/PfK9K2XV/652.png,2022-03-26,1486,3674,2,7-148636742
Russia,Soviet Union,1V119 artillery fire direction vehicle,captured,https://twitter.com/UAWeapons/status/1592510084072247296,2022-11-16,1486,3676,2,7-148636762
Russia,Soviet Union,1V119 artillery fire direction vehicle,captured,https://i.postimg.cc/FzsnKrrf/1031-1v119-capt.jpg,2022-11-16,1486,3677,2,7-148636772
Russia,Soviet Union,1V119 artillery fire direction vehicle,captured,https://i.postimg.cc/WbQY9ZBB/11-10-2022-1-V119-captured.jpg,2022-11-28,1486,3678,2,7-148636782
Russia,Soviet Union,1V119 artillery fire direction vehicle,captured,https://i.postimg.cc/6p0ntXr9/1007-1-V119-capt.jpg,2022-12-11,1486,3679,2,7-148636792
Russia,Soviet Union,1V13 battery fire control center,captured,https://i.postimg.cc/MG0ThV5C/335.png,2022-03-19,1487,3684,2,7-148736842
Russia,Soviet Union,1V13 battery fire control center,captured,https://i.postimg.cc/zvT9vXFV/4ff.png,2022-03-26,1487,3688,2,7-148736882
Russia,Soviet Union,1V13 battery fire control center,captured,https://i.postimg.cc/CxNMsZpw/f4311.jpg,2022-04-04,1487,3691,2,7-148736912
Russia,Soviet Union,1V13 battery fire control center,captured,https://i.postimg.cc/7684qCHZ/76j.png,2022-05-06,1487,3692,2,7-148736922
Russia,Soviet Union,1V13(M) battery fire control center,captured,https://i.postimg.cc/sx9cZ22w/1350.png,2023-03-26,1488,3694,2,7-148836942
Russia,Soviet Union,1V13(M) battery fire control center,captured,https://i.postimg.cc/0jNMcmJZ/1005-1v13-capt-31-03-22.jpg,2023-03-30,1488,3695,2,7-148836952
Russia,Soviet Union,1V14 battery command and forward observer vehicle,captured,https://i.postimg.cc/xjmrvypy/516.png,2022-03-26,1489,3700,2,7-148937002
Russia,Soviet Union,1V14 battery command and forward observer vehicle,captured,https://i.postimg.cc/kgStdT9g/da.jpg,2022-04-02,1489,3701,2,7-148937012
Russia,Soviet Union,1V14 battery command and forward observer vehicle,captured,https://i.postimg.cc/sDTPR0kN/23.jpg,2022-04-09,1489,3702,2,7-148937022
Russia,Soviet Union,1V14 battery command and forward observer vehicle,captured,https://i.postimg.cc/CxxL2f5y/31f.png,2022-05-06,1489,3703,2,7-148937032
Russia,Soviet Union,1V14 battery command and forward observer vehicle,captured,https://twitter.com/UAWeapons/status/1569381077759807489,2022-09-13,1489,2357,2,7-148923572
Russia,Russia,2 120mm 2S23 Nona-SVK,captured,https://twitter.com/UAWeapons/status/1569292595997675523,2022-09-13,1490,462,2,7-14904622
Russia,Soviet Union,2 152mm 2A36 Giatsint-B:,captured,https://twitter.com/UAWeapons/status/1572616448601735181,2022-09-22,1493,3707,2,7-149337072
Russia,Soviet Union,2 203mm 2S7M Malka,captured,https://i.postimg.cc/QtVFhxDL/1001-2s7-malka.jpg,2022-09-24,1499,3714,2,7-149937142
Russia,Russia,2 AMN-590951 multipurpose armored vehicle,captured,https://i.postimg.cc/65y5xNCk/1037-AMN-590951-capt.jpg,2022-10-12,1510,3724,2,7-151037242
Russia,Russia,2 AP-2 mobile emergency room based on KamAZ 6x6,captured,https://i.postimg.cc/vTSyXnQP/1011-AP-2-mobile-emergency-room-based-on-Kam-AZ-6x6-capt-05-03-22.jpg,2024-02-29,1511,3725,2,7-151137252
Russia,Russia,2 Auriga-1.2V portable satellite communications station,captured,https://i.postimg.cc/K89Wbk54/1009-auriga-1-2.jpg,2022-08-23,1515,3731,2,7-151537312
Russia,Soviet Union,2 BMK-MO towing and motor boat,captured,https://i.postimg.cc/Gm3vTCWV/1017-BMK-MO-tugboat-capt-29-01-23.jpg,2023-02-03,1518,3734,2,7-151837342
Russia,Russia,2 BPM-97 Vystrel,captured,https://i.postimg.cc/BvJZhyjN/1021-BPM-97-Vystrel-capt.jpg,2022-10-20,1525,3741,2,7-152537412
Russia,Soviet Union,2 BRDM-2-based ZS-82 PsyOps vehicle,captured,https://i.postimg.cc/50j3PF6L/1001-Psy-Ops-vehicle-capt.jpg,2022-11-18,1527,3745,2,7-152737452
Russia,Soviet Union,2 BRDM-2RKhb chemical reconnaissance vehicle,captured,https://i.postimg.cc/q7LBSPrv/1026-BRDM-2-Rhb-capt.jpg,2022-11-16,1528,3746,2,7-152837462
Russia,Soviet Union,2 BTR-70,captured,https://i.postimg.cc/ZRSyFsmQ/2022-09-13-BTR.png,2022-09-17,1531,3752,2,7-153137522
Russia,Soviet Union,2 Coastal link pontoon (for PMP(-M) floating bridge system),captured,https://i.postimg.cc/Tw6hBhsr/1081-Coastal-link-pontoon-for-PMP-M-floating-bridge-system-capt-31-03-22.jpg,2024-01-23,1532,3754,2,7-153237542
Russia,Soviet Union,2 Coastal link pontoon (for unknown floating bridge system),captured,https://i.postimg.cc/vTX4y3sM/1014-Coastal-link-pontoon-for-unknown-floating-bridge-system-capt-07-01-24.jpg,2024-01-23,1533,3755,2,7-153337552
Russia,Soviet Union,2 Coastal link pontoon (for unknown floating bridge system),captured,https://i.postimg.cc/CM4BbLft/1022-Coastal-link-pontoon-for-unknown-floating-bridge-system-capt-07-01-24.jpg,2024-01-23,1533,3756,2,7-153337562
Russia,Russia,2 Eleron-10,captured,https://i.postimg.cc/L5ZjPpWV/1074-Eleron-10-UAV-capt-31-08-23.jpg,2024-01-24,1535,3758,2,7-153537582
Russia,Russia,2 Fara ground surveillance radar,captured,https://i.postimg.cc/sDd4XP6T/55422.png,2022-08-09,1537,3760,2,7-153737602
Russia,Russia,2 GAZ-3937 Vodnik,captured,https://i.postimg.cc/zXSngbJ4/1091-GAZ-3937-Vodnik-capt-31-12-22.jpg,2024-05-27,1539,3762,2,7-153937622
Russia,Russia,2 Granat-4 reconnaissance UAV,captured,https://postimg.cc/fkztstLf,2022-11-09,1541,3764,2,7-154137642
Russia,Russia,2 Granat-4 reconnaissance UAV,captured,https://i.postimg.cc/prgztXj0/354.png,2022-11-09,1541,3765,2,7-154137652
Russia,Russia,2 KamAZ 6x4,captured,https://i.postimg.cc/d3QqTQKc/1066-Kam-AZ-6x4-capt-31-05-22.jpg,2023-10-22,1546,3771,2,7-154637712
Russia,Russia,2 KamAZ KMV-10V boom crane truck,captured,https://twitter.com/UAWeapons/status/1569229430765289472,2022-09-13,1548,3773,2,7-154837732
Russia,Soviet Union,2 KrAZ-260 tanker,captured,https://i.postimg.cc/tgkqHSbJ/2022-04-03-Kr-AZ-260-tanker-captured.jpg,2022-12-09,1551,3777,2,7-155137772
Russia,Russia,2 MP-1IM signals vehicle,captured,https://i.postimg.cc/HnjLqcJ3/1000-MP-1-IM-signals-vehicle.jpg,2022-09-16,1557,3784,2,7-155737842
Russia,Russia,2 MTO-UB1 maintenance vehicle,captured,https://i.postimg.cc/sXNfYtmn/1009.jpg,2022-07-10,1563,3790,2,7-156337902
Russia,Russia,2 MTP-A2.1 recovery vehicle,captured,https://i.postimg.cc/8PgBhYPn/1012-MTP-A21-ARV.jpg,2022-10-08,1564,3792,2,7-156437922
Russia,Soviet Union,2 MZA-M.1 battery charge and repair workshop,captured,https://i.postimg.cc/QMhMYvYj/1022-MZA-M-1-battery-charge-and-repair-workshop-capt-05-08-22.jpg,2023-03-16,1565,3793,2,7-156537932
Russia,Russia,2 Orlan-10 UCAV,captured,https://i.postimg.cc/Rhs7vdP5/58.png,2023-01-06,1566,3795,2,7-156637952
Russia,Russia,2 SKAT 350,captured,https://i.postimg.cc/Cx8DBV5B/1031-SKAT-350-M-reconnaissance-UAV-capt-17-09-24.jpg,2024-09-20,1578,3808,2,7-157838082
Russia,Soviet Union,2 T-80BVK,captured,https://i.postimg.cc/KjgLdNVP/1010.jpg,2022-07-27,1591,3822,2,7-159138222
Russia,Soviet Union,2 Transitional link pontoon (for floating unified railway bridge-ribbon MLZh-VF-VT),captured,https://i.postimg.cc/mkMvdsq6/1057-Transitional-link-pontoon-for-floating-unified-railway-bridge-ribbon-MLZh-VF-VT-capt-16-09-22.jpg,2024-01-23,1595,3828,2,7-159538282
Russia,Russia,2 ZALA 421-16ЕM,captured,https://i.postimg.cc/0yy0crnS/1028-ZALA-421-16-E-capt-29-05-23.jpg,2023-06-01,1611,3847,2,7-161138472
Russia,Soviet Union,20 23mm ZU-23-2,captured,https://i.postimg.cc/FRHRHhgj/1049-zu-23-2-capt-31-08-22.jpg,2024-02-15,1618,3859,2,7-161838592
Russia,Soviet Union,20 82mm 2B9 Vasilek automatic gun mortar,captured,https://i.postimg.cc/nLjQBSWt/1021-82mm-2-B9-Vasilek-automatic-gun-mortar-capt-19-08-24.jpg,2024-09-13,1619,3860,2,7-161938602
Russia,Soviet Union,20 9P149 Shturm-S,captured,https://i.postimg.cc/44YrQL44/1025-shrurm-s.jpg,2022-09-08,1620,3861,2,7-162038612
Russia,Soviet Union,20 BREM-1 armoured recovery vehicle,captured,https://twitter.com/UAWeapons/status/1576871029003022336,2022-10-04,1623,1729,2,7-162317292
Russia,Soviet Union,20 BRM-1K reconnaissance vehicle,captured,https://i.postimg.cc/tCyCh0gG/1008-brm-1k.jpg,2022-09-17,1624,3867,2,7-162438672
Russia,Soviet Union,20 BRM-1K reconnaissance vehicle,captured,https://i.postimg.cc/C16b4L6P/2022-09-13-Hlynske.jpg,2022-09-17,1624,3868,2,7-162438682
Russia,Soviet Union,20 BRM-1K reconnaissance vehicle,captured,https://i.postimg.cc/bw5k0g2X/1500-bmp2.jpg,2022-09-28,1624,3869,2,7-162438692
Russia,Russia,20 R-149MA3 command and staff vehicle,captured,https://i.postimg.cc/MHy2FbHY/18870.png,2022-09-15,1632,3877,2,7-163238772
Russia,Russia,20 R-149MA3 command and staff vehicle,captured,https://i.postimg.cc/1zNWBRfG/107.png,2022-09-15,1632,3878,2,7-163238782
Russia,Soviet Union,20 T-62M,captured,https://i.postimg.cc/prnz7SMr/1502-t62m-dam-capt.jpg,2022-10-09,1633,3879,2,7-163338792
Russia,Soviet Union,20 T-62M,captured,https://i.postimg.cc/JnFjpLgS/1503-t62m-dam-capt.jpg,2022-10-09,1633,3880,2,7-163338802
Russia,Soviet Union,20 T-62M,captured,https://i.postimg.cc/d3dtQwnV/33.png,2022-10-09,1633,3881,2,7-163338812
Russia,Russia,20 T-72BA,captured,https://i.postimg.cc/3rtkQs7z/1013-t72ba-dam-capt.jpg,2022-11-01,1636,3885,2,7-163638852
Russia,Soviet Union,20 UAZ-452 van,captured,https://i.postimg.cc/brgtZnGT/1012-uaz452-capt.jpg,2022-10-13,1639,3888,2,7-163938882
Russia,Soviet Union,200 T-80BV,captured,https://i.postimg.cc/VsTgPf8v/1042-t80bv-capt-19-01-23.jpg,2023-01-21,1644,3894,2,7-164438942
Russia,Soviet Union,201 T-80BV,captured,https://i.postimg.cc/hjnWWS8t/1026-t80bv-capt-20-01-23.jpg,2023-01-22,1647,3904,2,7-164739042
Russia,Soviet Union,202 T-80BV,captured,https://i.postimg.cc/nLfV874S/1016-t80bv-capt-23-01-23.jpg,2023-01-24,1653,3916,2,7-165339162
Russia,Soviet Union,203 BTR-80,captured,https://i.postimg.cc/v8KgKjc0/1050-BTR-80-capt-30-11-22.jpg,2024-04-21,1657,3922,2,7-165739222
Russia,Russia,203 T-72B3,captured,https://i.postimg.cc/JnQCHfnK/1036-t72b3-capt.jpg,2022-10-06,1660,3932,2,7-166039322
Russia,Russia,204 Unknown tank,captured,https://twitter.com/UAWeapons/status/1562876165164900352,2022-08-30,1666,1831,2,7-166618312
Russia,Russia,205 T-72B3,captured,https://i.postimg.cc/t4ZV3QNj/1013-t72b3-capt.jpg,2022-10-07,1670,3970,2,7-167039702
Russia,Russia,206 BTR-82A(M),captured,https://twitter.com/UAWeapons/status/1567826815284043778,2022-09-09,1674,3981,2,7-167439812
Russia,Russia,206 BTR-82A(M),captured,https://twitter.com/UAWeapons/status/1567922605495123972,2022-09-09,1674,3982,2,7-167439822
Russia,Russia,206 BTR-82A(M),captured,https://twitter.com/UAWeapons/status/1567925068134506496,2022-09-09,1674,3983,2,7-167439832
Russia,Russia,207 T-72B3,captured,https://i.postimg.cc/MHpbtGM3/1038-t72b3-capt.jpg,2022-10-12,1682,4001,2,7-168240012
Russia,Soviet Union,209 152mm 2S19 Msta-S,captured,https://i.postimg.cc/6pmrX0jB/1049-152mm-2-S19-Msta-S-capt-31-10-22.jpg,2024-07-31,1691,4021,2,7-169140212
Russia,Russia,209 T-72B3,captured,https://i.postimg.cc/jdCq0dnp/1003-t72b3-capt.jpg,2022-10-13,1693,4024,2,7-169340242
Russia,Russia,21 152mm 2S33 Msta-SM2,captured,https://twitter.com/UAWeapons/status/1593274852277747712,2022-11-18,1698,4033,2,7-169840332
Russia,Russia,21 152mm 2S33 Msta-SM2,captured,https://i.postimg.cc/BbH5pwWP/1018-msta-sm2-capt-and-destr-Kamaz.jpg,2022-11-18,1698,4034,2,7-169840342
Russia,Russia,21 152mm 2S33 Msta-SM2,captured,https://i.postimg.cc/CKxN0N89/1019-msta-sm2-capt.jpg,2022-11-18,1698,4035,2,7-169840352
Russia,Soviet Union,21 9P149 Shturm-S,captured,https://i.postimg.cc/cCtmqSjG/1024-9-P149-Shturm-S-capt.jpg,2022-10-08,1702,4038,2,7-170240382
Russia,Soviet Union,21 BREM-1 armoured recovery vehicle,captured,https://twitter.com/UAWeapons/status/1589365956450869248,2022-11-08,1704,4040,2,7-170440402
Russia,Soviet Union,21 IMR-2(M) combat engineering vehicle,captured,https://i.postimg.cc/MHBMtRnf/2022-03-13-imr-2.jpg,2022-10-18,1705,4043,2,7-170540432
Russia,Soviet Union,21 MT-LB with ZU-23 AA gun,captured,https://i.postimg.cc/4xNpKypX/1030-mtlb-with-zu232-capt-19-01-23.jpg,2023-01-21,1709,4048,2,7-170940482
Russia,Soviet Union,21 T-62M,captured,https://i.postimg.cc/MHchSZQ2/1030-t62m-capt.jpg,2022-10-10,1713,4053,2,7-171340532
Russia,Soviet Union,21 UAZ-469 jeep,captured,https://i.postimg.cc/SKyxvxQ2/1009-uaz469-dam-capt.jpg,2022-10-20,1719,4064,2,7-171940642
Russia,Soviet Union,21 UAZ-469 jeep,captured,https://i.postimg.cc/hPVbN7Xt/1025-UAZ-469-capt.jpg,2022-10-20,1719,4065,2,7-171940652
Russia,Russia,210 BTR-82A(M),captured,https://twitter.com/UAWeapons/status/1568207084159750146,2022-09-10,1722,4070,2,7-172240702
Russia,Russia,210 BTR-82A(M),captured,https://i.postimg.cc/Vshzdwkt/1010-btr82a.jpg,2022-09-10,1722,4071,2,7-172240712
Russia,Russia,210 BTR-82A(M),captured,https://i.postimg.cc/SN5jF8Mw/1011-btr82a.jpg,2022-09-10,1722,4072,2,7-172240722
Russia,Soviet Union,211 BMP-1(P),captured,https://i.postimg.cc/SRc6pQxM/1031-bmp1-dam-capt.jpg,2022-11-16,1727,4080,2,7-172740802
Russia,Soviet Union,211 BMP-1(P),captured,https://i.postimg.cc/pLWDgHbm/1028-bmp1-capt.jpg,2022-11-16,1727,4081,2,7-172740812
Russia,Russia,211 BTR-82A(M),captured,https://i.postimg.cc/Y08cp3Lk/1013-btr82a.jpg,2022-09-11,1729,4085,2,7-172940852
Russia,Soviet Union,214 BMP-1(P),captured,https://i.postimg.cc/15rLPmb4/1014-bmp1-capt.png,2022-11-28,1741,4116,2,7-174141162
Russia,Russia,215 BTR-82A(M),captured,https://twitter.com/UAWeapons/status/1568899233314381824,2022-09-12,1748,4138,2,7-174841382
Russia,Russia,215 BTR-82A(M),captured,https://i.postimg.cc/RFjNVxzf/1008-btr-82a.jpg,2022-09-12,1748,4139,2,7-174841392
Russia,Russia,215 BTR-82A(M),captured,https://i.postimg.cc/jq7D32zh/1009-btr-82a.jpg,2022-09-12,1748,4140,2,7-174841402
Russia,Russia,215 BTR-82A(M),captured,https://twitter.com/Blue_Sauron/status/1568895598777991169,2022-09-12,1748,4141,2,7-174841412
Russia,Soviet Union,22 9P149 Shturm-S,captured,https://i.postimg.cc/HsSVwMCB/2022-04-17-Shturm.jpg,2022-10-18,1774,4206,2,7-177442062
Russia,Soviet Union,22 BRM-1K reconnaissance vehicle,captured,https://i.postimg.cc/DwrtvmfN/1000-brm-1k-capt.jpg,2022-10-12,1779,4215,2,7-177942152
Russia,Russia,22 GAZ-3308,captured,https://i.postimg.cc/dVGDvwy2/1335-GAZ-3308-Sadko-capt-21-10-24.jpg,2024-11-06,1780,4217,2,7-178042172
Russia,Russia,22 GAZ-3308,captured,https://i.postimg.cc/C1dSsNRW/1028-GAZ-3308-Sadko-capt-26-10-24.jpg,2024-11-06,1780,4218,2,7-178042182
Russia,Soviet Union,22 IMR-2(M) combat engineering vehicle,captured,https://i.postimg.cc/bN93LWPj/1006-imr2-capt.jpg,2022-11-13,1781,4219,2,7-178142192
Russia,Soviet Union,22 River link pontoon (for PMP(-M) floating bridge system),captured,https://i.postimg.cc/GhMKS6cz/1104-River-link-pontoon-for-PMP-M-floating-bridge-system-capt-03-05-22.jpg,2024-01-23,1785,4240,2,7-178542402
Russia,Soviet Union,22 River link pontoon (for PMP(-M) floating bridge system),captured,https://i.postimg.cc/xCS3z2Rj/1098-River-link-pontoon-for-PMP-M-floating-bridge-system-capt-11-04-22.png,2024-01-23,1785,4241,2,7-178542412
Russia,Soviet Union,22 River link pontoon (for PMP(-M) floating bridge system),captured,https://i.postimg.cc/P5R6N99N/1076-River-link-pontoon-for-PMP-M-floating-bridge-system-capt-27-03-22.jpg,2024-01-23,1785,4242,2,7-178542422
Russia,Soviet Union,22 River link pontoon (for PMP(-M) floating bridge system),captured,https://i.postimg.cc/Kv5wc9mg/1006-River-link-pontoon-for-PMP-M-floating-bridge-system-capt-05-10-22.jpg,2024-01-23,1785,4243,2,7-178542432
Russia,Soviet Union,22 River link pontoon (for PMP(-M) floating bridge system),captured,https://i.postimg.cc/yxyQddCz/1004-River-link-pontoon-for-PMP-M-floating-bridge-system-capt-01-10-22.jpg,2024-01-23,1785,4244,2,7-178542442
Russia,Soviet Union,22 UAZ-452 van,captured,https://i.postimg.cc/sDDK0cBx/2022-10-05-uaz-452.jpg,2022-10-18,1789,4248,2,7-178942482
Russia,Soviet Union,22 UAZ-452 van,captured,https://i.postimg.cc/tJ7zDGYQ/1010-uaz452-capt.jpg,2022-10-18,1789,4249,2,7-178942492
Russia,Russia,22 Ural Federal,captured,https://twitter.com/UAWeapons/status/1576838844020051968,2022-10-04,1792,3360,2,7-179233602
Russia,Russia,220 T-72B3,captured,https://i.postimg.cc/W1mqjQRy/2022-04-08-t-72b3.jpg,2022-10-17,1795,4266,2,7-179542662
Russia,Russia,220 T-72B3,captured,https://i.postimg.cc/J0BmF938/1007-t72b3-capt.jpg,2022-10-29,1795,4268,2,7-179542682
Russia,Soviet Union,220mm BM-27 'Uragan',captured,https://i.postimg.cc/XJB5Rt2B/4ffh.png,2022-03-19,1796,4270,2,7-179642702
Russia,Soviet Union,220mm BM-27 'Uragan',captured,https://i.postimg.cc/jSrgynrd/976.png,2022-03-19,1796,4271,2,7-179642712
Russia,Soviet Union,220mm BM-27 'Uragan',captured,https://i.postimg.cc/zGyV3M9z/1.png,2022-03-29,1796,4272,2,7-179642722
Russia,Soviet Union,220mm BM-27 'Uragan',captured,https://i.postimg.cc/2jv3bb1r/47.png,2022-04-13,1796,4275,2,7-179642752
Russia,Soviet Union,220mm BM-27 'Uragan',captured,https://i.postimg.cc/8zPR44x9/667.jpg,2022-04-21,1796,4277,2,7-179642772
Russia,Soviet Union,220mm BM-27 Uragan,captured,https://i.postimg.cc/5yfjXY31/77690.png,2022-06-26,1797,4280,2,7-179742802
Russia,Soviet Union,220mm BM-27 Uragan,captured,https://i.postimg.cc/Kvw2qHzv/1003-bm27-capt.png,2022-10-02,1797,4291,2,7-179742912
Russia,Soviet Union,220mm BM-27 Uragan,captured,https://twitter.com/UAWeapons/status/1578006506087190528,2022-10-07,1797,4294,2,7-179742942
Russia,Soviet Union,220mm BM-27 Uragan,captured,https://twitter.com/UAWeapons/status/1577988171459166208,2022-10-07,1797,4295,2,7-179742952
Russia,Soviet Union,220mm BM-27 Uragan,captured,https://twitter.com/UAWeapons/status/1578400346359169024,2022-10-08,1797,4296,2,7-179742962
Russia,Soviet Union,220mm BM-27 Uragan,captured,https://i.postimg.cc/fy2GWHvf/1004-bm27-capt.jpg,2022-10-13,1797,4300,2,7-179743002
Russia,Russia,220mm TOS-1A,captured,https://i.postimg.cc/8kFRhmxQ/872.png,2022-03-19,1798,4346,2,7-179843462
Russia,Russia,220mm TOS-1A,captured,https://i.postimg.cc/JzQYqQvt/576.png,2022-04-01,1798,4349,2,7-179843492
Russia,Russia,220mm TOS-1A,captured,https://i.postimg.cc/C5BcPB1R/54f.png,2022-04-04,1798,4351,2,7-179843512
Russia,Russia,220mm TOS-1A,captured,https://i.postimg.cc/JhPdySQX/69.png,2022-04-10,1798,4352,2,7-179843522
Russia,Russia,220mm TOS-1A,captured,https://i.postimg.cc/dtj7Fs6v/5g5.png,2022-05-08,1798,4354,2,7-179843542
Russia,Russia,220mm TOS-1A,captured,https://i.postimg.cc/dQxvKx29/2d1.jpg,2022-05-09,1798,4355,2,7-179843552
Russia,Russia,220mm TOS-1A,captured,https://i.postimg.cc/BbybtzsD/4311.png,2022-05-10,1798,4356,2,7-179843562
Russia,Russia,222 BTR-82A(M),captured,https://twitter.com/UAWeapons/status/1569229430765289472,2022-09-13,1807,3773,2,7-180737732
Russia,Russia,222 BTR-82A(M),captured,https://twitter.com/UAWeapons/status/1569229421495701507,2022-09-13,1807,879,2,7-18078792
Russia,Russia,222 BTR-82A(M),captured,https://twitter.com/UAWeapons/status/1569229412205215744,2022-09-13,1807,4400,2,7-180744002
Russia,Soviet Union,224 BMP-1(P),captured,https://i.postimg.cc/nL8H6073/1023-bmp1-capt.jpg,2022-12-05,1813,4423,2,7-181344232
Russia,Russia,224 BTR-82A(M),captured,https://twitter.com/UAWeapons/status/1569620233261817856,2022-09-14,1815,4428,2,7-181544282
Russia,Soviet Union,225 BMP-1(P),captured,https://i.postimg.cc/TP8V402k/1001-bmp1-capt.jpg,2022-12-08,1818,4433,2,7-181844332
Russia,Russia,225 T-72B3,captured,https://twitter.com/UAWeapons/status/1589590305158107137,2022-11-08,1819,4438,2,7-181944382
Russia,Soviet Union,227 BMP-1(P),captured,https://i.postimg.cc/R0kDQ427/1012-bmp1-dam-capt.jpg,2022-12-11,1822,4446,2,7-182244462
Russia,Soviet Union,227 BMP-1(P),captured,https://i.postimg.cc/rFfZZSvF/1021-bmp1-capt.jpg,2022-12-11,1822,4447,2,7-182244472
Russia,Russia,227 T-72B3,captured,https://i.postimg.cc/wvnP920k/1000-t72b3-dam-capt.jpg,2022-11-09,1824,4459,2,7-182444592
Russia,Russia,228 T-72B3,captured,https://i.postimg.cc/Z5csPstY/1001-t72b3-dam-capt.jpg,2022-11-10,1827,4463,2,7-182744632
Russia,Soviet Union,23 9P149 Shturm-S,captured,https://i.postimg.cc/s2d6LYd0/1004-shturm-s-capt.jpg,2022-10-25,1838,4488,2,7-183844882
Russia,Soviet Union,23 UAZ-452 van,captured,https://i.postimg.cc/NjY7tfX7/1026-uaz452-dam-capt.jpg,2022-10-20,1851,4505,2,7-185145052
Russia,Russia,23 Ural Federal,captured,https://i.postimg.cc/c4fh2SbS/1011-armoured-Ural4320.jpg,2022-10-08,1852,4507,2,7-185245072
Russia,Soviet Union,23 ZiL-131,captured,https://i.postimg.cc/9fw4TCht/1009-Zi-L131-capt-12-01-23.jpg,2023-01-14,1853,4509,2,7-185345092
Russia,Soviet Union,230 BMP-1(P),captured,https://i.postimg.cc/9FswnBrK/1005-brm-1k-capt.jpg,2022-12-13,1855,4512,2,7-185545122
Russia,Soviet Union,230 BMP-1(P),captured,https://i.postimg.cc/6p4Fs207/1022-bmp1-dam-capt.jpg,2022-12-13,1855,4513,2,7-185545132
Russia,Russia,230 T-72B3,captured,https://i.postimg.cc/52swFDRw/1008-t72b3-capt.jpg,2022-11-12,1856,4515,2,7-185645152
Russia,Soviet Union,232 BMP-1(P),captured,https://i.postimg.cc/Jn7Wv97x/439.png,2022-12-21,1865,4538,2,7-186545382
Russia,Russia,233 BTR-82A(M),captured,https://i.postimg.cc/C5fm6Bfw/57h.png,2022-09-15,1868,4542,2,7-186845422
Russia,Russia,233 BTR-82A(M),captured,https://twitter.com/JimmySecUK/status/1569972968641499136,2022-09-15,1868,4543,2,7-186845432
Russia,Russia,233 BTR-82A(M),captured,https://i.postimg.cc/y8jLb4Mp/1014-btr82a.jpg,2022-09-15,1868,4544,2,7-186845442
Russia,Russia,233 BTR-82A(M),captured,https://i.postimg.cc/Bn4hpQV1/1024-btr82a.jpg,2022-09-15,1868,4545,2,7-186845452
Russia,Russia,233 BTR-82A(M),captured,https://twitter.com/UAWeapons/status/1570423464971976705,2022-09-16,1868,4547,2,7-186845472
Russia,Russia,233 BTR-82A(M),captured,https://twitter.com/UAWeapons/status/1570781159067643904,2022-09-17,1868,4550,2,7-186845502
Russia,Russia,233 BTR-82A(M),captured,https://i.postimg.cc/yxpp9Gb4/2022-09-17-BTR-82-A.png,2022-09-19,1868,4551,2,7-186845512
Russia,Russia,235 T-72B3,captured,https://i.postimg.cc/C1rGwyYq/1011-t72b3-capt.jpg,2022-11-14,1879,4575,2,7-187945752
Russia,Soviet Union,236 BMP-1(P),captured,https://i.postimg.cc/9FdNXqSm/1005-bmp1-capt.jpg,2022-12-28,1881,4580,2,7-188145802
Russia,Soviet Union,237 T-80BV,captured,https://i.postimg.cc/XNgDfg0Z/1011-t80bv-capt-30-11-22.jpg,2023-02-27,1884,4585,2,7-188445852
Russia,Russia,238 BTR-82A(M),captured,https://i.postimg.cc/pT0x80TF/2022-09-20-BTR-82-A-1.jpg,2022-09-22,1889,4594,2,7-188945942
Russia,Soviet Union,239 BMP-1(P),captured,https://i.postimg.cc/sx0W64vt/1011-bmp1-capt-29-12-22.jpg,2023-01-04,1892,4597,2,7-189245972
Russia,Soviet Union,23mm ZU-23,captured,https://i.postimg.cc/rwZrBrTp/4fh.png,2022-03-19,1893,4598,2,7-189345982
Russia,Soviet Union,23mm ZU-23,captured,https://i.postimg.cc/t4z6JH5f/3d14.png,2022-03-19,1893,4599,2,7-189345992
Russia,Soviet Union,23mm ZU-23,captured,https://i.postimg.cc/sD02YXhJ/42.png,2022-03-27,1893,4600,2,7-189346002
Russia,Soviet Union,23mm ZU-23,captured,https://i.postimg.cc/5t4w0KxM/467.png,2022-04-07,1893,4601,2,7-189346012
Russia,Soviet Union,23mm ZU-23,captured,https://twitter.com/UAWeapons/status/1529865401072590848,2022-05-27,1893,4604,2,7-189346042
Russia,Soviet Union,23mm ZU-23-2,captured,https://i.postimg.cc/Nfrp5ZsT/1030-zu23-2.jpg,2022-09-08,1894,4605,2,7-189446052
Russia,Soviet Union,23mm ZU-23-2,captured,https://twitter.com/UAWeapons/status/1567822704601858048,2022-09-09,1894,4606,2,7-189446062
Russia,Soviet Union,24 9P149 Shturm-S,captured,https://i.postimg.cc/BvXMtD87/1013-9-P149-Shturm-S-capt.jpg,2022-11-09,1900,4615,2,7-190046152
Russia,Soviet Union,24 9T452 transporter-loader (for BM-27 'Uragan' MRL),captured,https://twitter.com/UAWeapons/status/1570032496397455361,2022-09-15,1901,4616,2,7-190146162
Russia,Russia,24 KamAZ Avtozaks,captured,https://i.postimg.cc/05BPkMNb/1004-Kam-AZ-Avtozaks.jpg,2022-08-24,1908,4625,2,7-190846252
Russia,Russia,24 R-149MA3 command and staff vehicle,captured,https://i.postimg.cc/kgBrnNN5/2022-09-13-R-149-MA3-2.jpg,2022-09-22,1912,4633,2,7-191246332
Russia,Russia,24 R-149MA3 command and staff vehicle,captured,https://i.postimg.cc/dVXbD7nj/2022-09-13-R-149-MA3-1.jpg,2022-09-22,1912,4634,2,7-191246342
Russia,Soviet Union,24 T-62M,captured,https://i.postimg.cc/Y02DXSf4/1011-t62m-capt.jpg,2022-10-12,1913,4635,2,7-191346352
Russia,Soviet Union,24 T-62M,captured,https://i.postimg.cc/1X70dZDm/1039-t62m-capt.jpg,2022-10-12,1913,4636,2,7-191346362
Russia,Soviet Union,24 T-62M,captured,https://i.postimg.cc/pTZJDjTn/1040-t62m-capt.jpg,2022-10-12,1913,4637,2,7-191346372
Russia,Soviet Union,24 UAZ-469 jeep,captured,https://i.postimg.cc/mDbJ8b5g/1002-UAZ-469-capt.jpg,2022-10-26,1918,4642,2,7-191846422
Russia,Soviet Union,24 UAZ-469 jeep,captured,https://i.postimg.cc/d0Rg27nf/1003-UAZ-469-capt.jpg,2022-10-26,1918,4643,2,7-191846432
Russia,Russia,24 Ural Federal,captured,https://i.postimg.cc/d3qPTvyX/1027-ural-federal-capt.jpg,2022-10-16,1920,4646,2,7-192046462
Russia,Russia,240 T-72B3,captured,https://i.postimg.cc/DwRYKbXJ/1017-t72b3-capt.jpg,2022-12-02,1923,4652,2,7-192346522
Russia,Russia,240 T-72B3,captured,https://i.postimg.cc/3RTSk593/1018-t72b3-capt.jpg,2022-12-02,1923,4653,2,7-192346532
Russia,Russia,240 T-72B3,captured,https://i.postimg.cc/bJ96bCFk/1019-t72b3-capt.jpg,2022-12-02,1923,4654,2,7-192346542
Russia,Soviet Union,243 BMP-1(P),captured,https://i.postimg.cc/cJxxpRmY/1006-bmp1-capt-04-01-23.jpg,2023-01-06,1930,4735,2,7-193047352
Russia,Soviet Union,243 BMP-1(P),captured,https://i.postimg.cc/HnydwBYG/1017-bmp1-dam-capt-25-12-22.jpg,2023-01-06,1930,4736,2,7-193047362
Russia,Russia,243 BTR-82A(M),captured,https://i.postimg.cc/Pqp2fPSM/1001-bttr82a.jpg,2022-09-23,1931,4738,2,7-193147382
Russia,Russia,243 BTR-82A(M),captured,https://twitter.com/UAWeapons/status/1572936489314426883,2022-09-23,1931,599,2,7-19315992
Russia,Russia,243 T-72B3,captured,https://i.postimg.cc/fbYcYqDX/1004-t72b3-dam-capt.jpg,2022-12-05,1932,4740,2,7-193247402
Russia,Russia,243 T-72B3,captured,https://i.postimg.cc/tJBtY1yM/1028-t72b3-capt.jpg,2022-12-05,1932,4741,2,7-193247412
Russia,Soviet Union,244 T-80BV,captured,https://i.postimg.cc/63s3XVqm/1041-t80bv-capt-28-02-23.jpg,2023-03-04,1935,4748,2,7-193547482
Russia,Russia,246 BTR-82A(M),captured,https://i.postimg.cc/vZrdp4VX/1004-btr82a.jpg,2022-09-25,1939,4752,2,7-193947522
Russia,Russia,246 BTR-82A(M),captured,https://i.postimg.cc/hjKYB1HP/2022-09-09-BTR-82-A.jpg,2022-09-25,1939,4753,2,7-193947532
Russia,Russia,246 BTR-82A(M),captured,https://twitter.com/UAWeapons/status/1573697820699271168,2022-09-25,1939,4754,2,7-193947542
Russia,Soviet Union,25 9P149 Shturm-S,captured,https://i.postimg.cc/qvNRsWPf/1009-Shturm-S-capt.jpg,2022-11-28,1954,4783,2,7-195447832
Russia,Soviet Union,25 BRM-1(K) reconnaissance vehicle,captured,https://i.postimg.cc/MT4jCVsM/874.png,2023-04-12,1957,4785,2,7-195747852
Russia,Soviet Union,25 BRM-1K reconnaissance vehicle,captured,https://i.postimg.cc/k4vsL4Hv/1010-brm-1k-capt.jpg,2022-11-21,1958,4786,2,7-195847862
Russia,Soviet Union,25 BRM-1K reconnaissance vehicle,captured,https://i.postimg.cc/SNkW4Ccj/1003-brm1k-capt-31-03-22.jpg,2023-01-16,1958,4787,2,7-195847872
Russia,Soviet Union,25 IMR-2(M) combat engineering vehicle,captured,https://i.postimg.cc/ZR57JZRp/1015-imr2-capt-15-02-23.jpg,2023-02-18,1960,4789,2,7-196047892
Russia,Russia,25 KamAZ with MM-501 armoured cabin,captured,https://i.postimg.cc/d05M6zYj/1015-Kam-AZ-5350-with-MM-501-armoured-cabin-capt-22-09-22.jpg,2023-03-20,1962,4791,2,7-196247912
Russia,Russia,25 R-149MA3 command and staff vehicle,captured,https://i.postimg.cc/9MD7mtQj/2022-09-13-R-149-MA3.jpg,2022-09-23,1965,4794,2,7-196547942
Russia,Soviet Union,25 River link pontoon (for PP/91-2005 floating bridge system),captured,https://i.postimg.cc/W45X01Nw/1005-River-link-pontoon-for-PP-91-2005-floating-bridge-system-capt-05-10-22.jpg,2024-01-23,1967,4812,2,7-196748122
Russia,Soviet Union,25 River link pontoon (for PP/91-2005 floating bridge system),captured,https://i.postimg.cc/LX7D0QZq/1008-River-link-pontoon-for-PP-91-2005-floating-bridge-system-capt-06-11-22.jpg,2024-01-23,1967,4813,2,7-196748132
Russia,Soviet Union,25 River link pontoon (for PP/91-2005 floating bridge system),captured,https://i.postimg.cc/KjBPpG2V/1044-River-link-pontoon-for-PP-91-2005-floating-bridge-system-capt-30-05-22.jpg,2024-01-23,1967,4814,2,7-196748142
Russia,Soviet Union,25 River link pontoon (for PP/91-2005 floating bridge system),captured,https://i.postimg.cc/9MvPB4vZ/1072-River-link-pontoon-for-PP-91-2005-floating-bridge-system-capt-18-03-22.jpg,2024-01-23,1967,4815,2,7-196748152
Russia,Soviet Union,25 River link pontoon (for PP/91-2005 floating bridge system),captured,https://i.postimg.cc/8k6mzH6H/1073-River-link-pontoon-for-PP-91-2005-floating-bridge-system-capt-18-03-22.jpg,2024-01-23,1967,4816,2,7-196748162
Russia,Soviet Union,25 River link pontoon (for PP/91-2005 floating bridge system),captured,https://i.postimg.cc/5NWqYC5M/1074-River-link-pontoon-for-PP-91-2005-floating-bridge-system-capt-18-03-22.jpg,2024-01-23,1967,4817,2,7-196748172
Russia,Soviet Union,25 River link pontoon (for PP/91-2005 floating bridge system),captured,https://i.postimg.cc/GmcFznS7/1077-River-link-pontoon-for-PP-91-2005-floating-bridge-system-capt-30-03-22.jpg,2024-01-23,1967,4818,2,7-196748182
Russia,Soviet Union,25 River link pontoon (for PP/91-2005 floating bridge system),captured,https://i.postimg.cc/rFGGSwgR/1078-River-link-pontoon-for-PP-91-2005-floating-bridge-system-capt-30-03-22.jpg,2024-01-23,1967,4819,2,7-196748192
Russia,Soviet Union,25 River link pontoon (for PP/91-2005 floating bridge system),captured,https://i.postimg.cc/qvj85DPk/1079-River-link-pontoon-for-PP-91-2005-floating-bridge-system-capt-30-03-22.jpg,2024-01-23,1967,4820,2,7-196748202
Russia,Soviet Union,25 River link pontoon (for PP/91-2005 floating bridge system),captured,https://i.postimg.cc/6QqdJLKC/1086-River-link-pontoon-for-PP-91-2005-floating-bridge-system-capt-07-04-22.jpg,2024-01-23,1967,4821,2,7-196748212
Russia,Soviet Union,25 T-62MV,captured,https://i.postimg.cc/zXT1ZPnJ/1039-T-62-MV-capt-30-11-22.jpg,2024-06-11,1968,4822,2,7-196848222
Russia,Russia,25 T-72BA,captured,https://i.postimg.cc/6pb7hGNH/1009-t72ba-capt-02-02-23.jpg,2023-02-05,1969,4823,2,7-196948232
Russia,Soviet Union,25 UAZ-469 jeep,captured,https://i.postimg.cc/y62V9SyR/1002-uaz469-dam-capt.jpg,2022-10-28,1972,4827,2,7-197248272
Russia,Russia,25 Ural Federal,captured,https://i.postimg.cc/kGjmxVMC/1000-ural-federal-capt.jpg,2022-10-26,1974,4830,2,7-197448302
Russia,Russia,252 BTR-82A(M),captured,https://twitter.com/UAWeapons/status/1575165023735148545,2022-09-29,1978,4842,2,7-197848422
Russia,Russia,252 BTR-82A(M),captured,https://twitter.com/UAWeapons/status/1575229645745954816,2022-09-29,1978,4843,2,7-197848432
Russia,Russia,253 T-72B3,captured,https://i.postimg.cc/Pq08wdxF/1027-T-72-B3-destr-29-12-22.jpg,2023-01-01,1981,4854,2,7-198148542
Russia,Russia,254 BTR-82A(M),captured,https://i.postimg.cc/05CH7L3v/2022-09-27-BTR-82-A.jpg,2022-09-30,1982,4855,2,7-198248552
Russia,Soviet Union,256 T-80BV,captured,https://i.postimg.cc/QMPHBq7H/1031-t80bv-capt-03-01-23.jpg,2023-03-07,1986,4875,2,7-198648752
Russia,Russia,257 T-72B3,captured,https://i.postimg.cc/nrgPN6Xf/1014-t72b3-capt-15-01-23.jpg,2023-01-18,1989,4882,2,7-198948822
Russia,Russia,258 BTR-82A(M),captured,https://i.postimg.cc/fTHktwkQ/BTR-82-A-Kharkiv-region.png,2022-10-01,1993,4891,2,7-199348912
Russia,Russia,258 BTR-82A(M),captured,https://twitter.com/UAWeapons/status/1575874463387701248,2022-10-01,1993,4889,2,7-199348892
Russia,Soviet Union,26 9T452 transporter-loader (for BM-27 'Uragan' MRL),captured,https://i.postimg.cc/MKNZWrDv/1043-bm27-loader-capt.jpg,2022-10-12,2007,4911,2,7-200749112
Russia,Soviet Union,26 IMR-2(M) combat engineering vehicle,captured,https://i.postimg.cc/Vk3cJyXk/1012-imr2-capt-23-02-23.jpg,2023-02-24,2012,4916,2,7-201249162
Russia,Russia,26 R-149MA3 command and staff vehicle,captured,https://twitter.com/UAWeapons/status/1573257821952610305,2022-09-24,2015,4920,2,7-201549202
Russia,Soviet Union,26 T-62M,captured,https://i.postimg.cc/3RpSDGqs/1013-t62m-capt.jpg,2022-10-13,2017,4923,2,7-201749232
Russia,Soviet Union,26 T-62M,captured,https://i.postimg.cc/xCW5fdT6/1020-t62m-capt.jpg,2022-10-13,2017,4924,2,7-201749242
Russia,Russia,26 T-72BA,captured,https://i.postimg.cc/yNm6FWgz/1029-t72ba-capt-17-02-23.jpg,2023-02-18,2019,4926,2,7-201949262
Russia,Soviet Union,26 UAZ-452 van,captured,https://i.postimg.cc/qRSDvdB5/1008-uaz452-dam-capt.jpg,2022-10-24,2022,4930,2,7-202249302
Russia,Soviet Union,26 UAZ-452 van,captured,https://i.postimg.cc/bJtHLS8m/1000-uaz452-capt.png,2022-10-24,2022,4931,2,7-202249312
Russia,Soviet Union,261 BMP-1(P),captured,https://i.postimg.cc/bNrQH1Xq/1005-bmp1-dam-capt-21-01-23.jpg,2023-01-22,2028,4939,2,7-202849392
Russia,Russia,261 BTR-82A(M),captured,https://i.postimg.cc/SQHPSvvz/1019-btr82a-capt.jpg,2022-10-02,2029,4941,2,7-202949412
Russia,Russia,261 BTR-82A(M),captured,https://i.postimg.cc/28Xhy8F7/1000-btr82a-capt.jpg,2022-10-02,2029,4942,2,7-202949422
Russia,Russia,261 T-72B3,captured,https://i.postimg.cc/J4tzjR7x/1017-t72b3-capt-22-01-23.jpg,2023-01-24,2030,4944,2,7-203049442
Russia,Russia,262 BTR-82A(M),captured,https://i.postimg.cc/zG2q9XqP/1014-btr82a-capt.jpg,2022-10-03,2031,4946,2,7-203149462
Russia,Russia,264 T-72B3,captured,https://i.postimg.cc/W3wTdhf9/1005-t72b3-destr-28-01-23.jpg,2023-01-30,2037,4963,2,7-203749632
Russia,Russia,265 BTR-82A(M),captured,https://twitter.com/UAWeapons/status/1577310974427639809,2022-10-05,2039,4967,2,7-203949672
Russia,Soviet Union,266 T-80BV,captured,https://i.postimg.cc/8kWDqQJk/1305-t80bv-capt-and-later-destr.jpg,2023-03-20,2041,4972,2,7-204149722
Russia,Soviet Union,266 T-80BV,captured,https://i.postimg.cc/66npYVWP/1044-t80bv-capt-xx-10-22.jpg,2023-03-20,2041,4976,2,7-204149762
Russia,Russia,269 BTR-82A(M),captured,https://pic.twitter.com/a9BoN1E03K,2022-10-06,2048,4993,2,7-204849932
Russia,Russia,269 BTR-82A(M),captured,https://i.postimg.cc/90LBSzv7/1039-btr80-capt.jpg,2022-10-06,2048,4994,2,7-204849942
Russia,Soviet Union,27 9P149 Shturm-S,captured,https://i.postimg.cc/hGHfjgP4/1006-shturm-s-capt-18-03-22.jpg,2023-01-01,2054,5000,2,7-205450002
Russia,Soviet Union,27 9P149 Shturm-S,captured,https://i.postimg.cc/T2D7k426/1005-Shturm-S-capt-22-01-23.jpg,2023-01-24,2054,5001,2,7-205450012
Russia,Russia,27 KamAZ with MM-501 armoured cabin,captured,https://i.postimg.cc/kXzJ4rGR/133.png,2023-03-26,2061,5010,2,7-206150102
Russia,Soviet Union,27 MT-LB with ZU-23 AA gun,captured,https://i.postimg.cc/m2QKFP6f/1026-MT-LB-with-ZU-23-AA-gun-capt-03-06-23.jpg,2023-06-09,2062,5011,2,7-206250112
Russia,Soviet Union,27 UAZ-469 jeep,captured,https://i.postimg.cc/DyNknpYG/1007-uaz469-capt.jpg,2022-11-14,2068,5020,2,7-206850202
Russia,Soviet Union,273 T-80BV,captured,https://postlmg.cc/zV1Lvky5,2023-03-26,2078,5042,2,7-207850422
Russia,Russia,275 BTR-82A(M),captured,https://i.postimg.cc/Rhxk8NWH/1005-btr82a-capt.jpg,2022-10-09,2081,5050,2,7-208150502
Russia,Russia,275 BTR-82A(M),captured,https://i.postimg.cc/hG6WLCgM/1006-btr82a-capt.jpg,2022-10-09,2081,5051,2,7-208150512
Russia,Russia,275 BTR-82A(M),captured,https://i.postimg.cc/G2D0qkmR/1019-btr82a-capt.jpg,2022-10-09,2081,5052,2,7-208150522
Russia,Soviet Union,276 T-80BV,captured,https://i.postimg.cc/3NZKqv00/68p.png,2023-03-30,2084,5061,2,7-208450612
Russia,Soviet Union,276 T-80BV,captured,https://postlmg.cc/yWmcFzWC,2023-03-30,2084,5062,2,7-208450622
Russia,Soviet Union,276 T-80BV,captured,https://i.postimg.cc/SK3422K0/488.png,2023-04-12,2084,5064,2,7-208450642
Russia,Russia,277 T-72B3,captured,https://i.postimg.cc/HkdDXTds/1022-t72b3-capt-08-02-23.jpg,2023-02-12,2087,5077,2,7-208750772
Russia,Soviet Union,28 9T452 transporter-loader (for BM-27 'Uragan' MRL),captured,https://i.postimg.cc/dt5yDxXS/1012-bm27-loader.jpg,2022-10-21,2099,5095,2,7-209950952
Russia,Soviet Union,28 BREM-1 armoured recovery vehicle,captured,https://i.postimg.cc/xdMVHsPy/1008-brem1-capt-23-02-23.jpg,2023-02-24,2100,5096,2,7-210050962
Russia,Soviet Union,28 UAZ-452 van,captured,https://i.postimg.cc/NGbGV9HX/1000-uaz452-capt.jpg,2022-10-27,2112,5112,2,7-211251122
Russia,Soviet Union,28 UAZ-452 van,captured,https://i.postimg.cc/Gh72B83R/1013-uaz452-capt.jpg,2022-10-27,2112,5113,2,7-211251132
Russia,Russia,281 T-72B3,captured,https://i.postimg.cc/Y0GzjjBv/1017-t72b3-capt-07-02-23.jpg,2023-02-13,2117,5122,2,7-211751222
Russia,Soviet Union,284 T-80BV,captured,https://i.postimg.cc/NjRtB7Lr/1014-t80bv-capt-08-04-23.jpg,2023-05-12,2123,5134,2,7-212351342
Russia,Soviet Union,29 9P149 Shturm-S,captured,https://i.postimg.cc/J4Q1b7cS/1001-shturm-s-capt-27-01-23.jpg,2023-01-30,2138,5180,2,7-213851802
Russia,Soviet Union,29 9T452 transporter-loader (for BM-27 'Uragan' MRL),captured,https://twitter.com/UAWeapons/status/1583435517529841665,2022-10-22,2139,4303,2,7-213943032
Russia,Soviet Union,29 BREM-1 armoured recovery vehicle,captured,https://i.postimg.cc/wMt3FKVK/1005-brem1-capt-16-06-23.jpg,2023-06-19,2140,5181,2,7-214051812
Russia,Soviet Union,29 BRM-1(K) reconnaissance vehicle,captured,https://i.postimg.cc/pXbXfmmY/1089-brm1k-capt-31-12-22.jpg,2024-05-27,2141,5182,2,7-214151822
Russia,Russia,292 KamAZ 6x6,captured,https://i.postimg.cc/j2tnhfC0/7765.png,2022-06-26,2157,5227,2,7-215752272
Russia,Russia,292 KamAZ 6x6,captured,https://i.postimg.cc/ZRJM1512/1008.jpg,2022-06-26,2157,5228,2,7-215752282
Russia,Soviet Union,296 BMP-1(P),captured,https://i.postimg.cc/cCY4mNcV/1013-bmp1-capt-10-09-22.jpg,2023-02-18,2168,5266,2,7-216852662
Russia,Soviet Union,296 BMP-1(P),captured,https://i.postimg.cc/RZGCGdcV/1018-bmp1-capt-16-02-23.jpg,2023-02-18,2168,5267,2,7-216852672
Russia,Russia,2K22M1 Tunguska,captured,https://i.postimg.cc/L8ZkVWLr/698.png,2022-04-09,2172,5282,2,7-217252822
Russia,Soviet Union,2S1 with ZU-23 AA gun,captured,https://i.postimg.cc/Yq5q4HcW/88kj.png,2022-03-19,2173,5285,2,7-217352852
Russia,Soviet Union,3 100mm KS-19,captured,https://i.postimg.cc/cJKxB8Rz/1020-KS-19-3x.jpg,2022-09-08,2174,5286,2,7-217452862
Russia,Russia,3 120mm 2S23 Nona-SVK,captured,https://i.postimg.cc/PxTZYLdC/487.png,2022-09-15,2175,5287,2,7-217552872
Russia,Soviet Union,3 152mm 2S5 Giatsint-S,captured,https://twitter.com/UAWeapons/status/1570130085017001985,2022-09-15,2178,5290,2,7-217852902
Russia,Soviet Union,3 152mm 2S5 Giatsint-S,captured,https://twitter.com/UAWeapons/status/1570130067480801281,2022-09-15,2178,5291,2,7-217852912
Russia,Soviet Union,3 2B9 Vasilek 82mm automatic gun mortar,captured,https://i.postimg.cc/fb3wwD8m/1011-2-B9-Vasilek.png,2022-09-17,2181,5294,2,7-218152942
Russia,Soviet Union,3 2B9 Vasilek 82mm automatic gun mortar,captured,https://i.postimg.cc/KYdmjwWV/1012-2-B9-Vasilek.png,2022-09-17,2181,5295,2,7-218152952
Russia,Russia,3 AMN-590951 multipurpose armored vehicle,captured,https://i.postimg.cc/Pxx90vdL/1017-590951-capt.jpg,2022-11-01,2187,5302,2,7-218753022
Russia,Russia,3 ARS-14 decontamination and degassing vehicle,captured,https://i.postimg.cc/Y0wzL7N9/2022-03-17-ars-14.jpg,2022-10-18,2188,5303,2,7-218853032
Russia,Soviet Union,3 BMK-MO towing and motor boat,captured,https://i.postimg.cc/0NVWL5m4/1036-tugboat-BMK-MO-dam-capt-17-03-23.jpg,2023-03-20,2193,5309,2,7-219353092
Russia,Russia,3 BPM-97 Vystrel,captured,https://i.postimg.cc/s2MfqCCY/1004-Vystrel-capt-17-01-23.jpg,2023-01-21,2198,5314,2,7-219853142
Russia,Russia,3 BREM-D armoured recovery vehicle,captured,https://i.postimg.cc/pd1sR5gb/1040-brem-d-capt-09-01-23.jpg,2023-01-10,2200,5316,2,7-220053162
Russia,Russia,3 Eleron-10,captured,https://i.postimg.cc/Hncd0Mf5/1053-Eleron-10-reconnaissance-UAV-capt-29-04-24.jpg,2024-05-02,2205,5324,2,7-220553242
Russia,Russia,3 Fara ground surveillance radar,captured,https://i.postimg.cc/vHgMR0Jk/1041-fara-ground-radar-capt-14-11-23.jpg,2023-11-20,2207,5326,2,7-220753262
Russia,Russia,3 Leer-3 electronic warfare system,captured,https://i.postimg.cc/zG8D606X/1027-RB-341-V-Leer-3-electronic-warfare-system-capt-31-12-23.jpg,2024-05-02,2218,5337,2,7-221853372
Russia,Russia,3 MTO-AT mobile workshop,captured,https://i.postimg.cc/dQ4BZ4Q7/1003.jpg,2022-09-12,2223,5344,2,7-222353442
Russia,Soviet Union,3 RKhM-6 CBRN reconnaissance vehicle,captured,https://i.postimg.cc/05Ccf3yh/2022-10-05-rkhm-6.jpg,2022-10-18,2234,5358,2,7-223453582
Russia,Soviet Union,3 T-62MV,captured,https://twitter.com/UAWeapons/status/1578300172676648960,2022-10-08,2239,5364,2,7-223953642
Russia,Soviet Union,3 T-62MV,captured,https://i.postimg.cc/MX2V8YzD/1501-t72mv-capt.jpg,2022-10-09,2239,5365,2,7-223953652
Russia,Russia,3 T-72B3 Obr. 2014,captured,https://twitter.com/UAWeapons/status/1573015274055426048,2022-09-23,2243,5369,2,7-224353692
Russia,Russia,3 T-90M,captured,https://i.postimg.cc/ZKSvFkdP/1000.jpg,2022-09-19,2247,5373,2,7-224753732
Russia,Russia,3 T-90S,captured,https://twitter.com/UAWeapons/status/1613325613795770371,2023-01-14,2248,5374,2,7-224853742
Russia,Russia,3 UAZ Patriot jeep,captured,https://i.postimg.cc/HsjyTykV/2022-09-15-UAZ-Patriot.png,2022-09-17,2252,5378,2,7-225253782
Russia,Soviet Union,30 122mm D-30 howitzer,captured,https://i.postimg.cc/ZRrPVHSv/1169-d30.jpg,2022-08-23,2266,5397,2,7-226653972
Russia,Soviet Union,30 BREM-1 armoured recovery vehicle,captured,https://i.postimg.cc/6qtF3QQ6/1025-BREM-1-capt-xx-xx-22.jpg,2023-07-04,2272,5404,2,7-227254042
Russia,Russia,30 R-149MA3 command and staff vehicle,captured,https://i.postimg.cc/W1WjD1TZ/1009-R-149-MA3-capt.jpg,2022-10-01,2279,5414,2,7-227954142
Russia,Soviet Union,30 T-62M,captured,https://i.postimg.cc/mkKvpRHm/1010-t62m-capt.jpg,2022-10-16,2281,5417,2,7-228154172
Russia,Soviet Union,30 T-62M,captured,https://i.postimg.cc/wMKK0gJ0/1053-t62m-capt.jpg,2022-10-16,2281,5418,2,7-228154182
Russia,Soviet Union,30 T-62M,captured,https://i.postimg.cc/4dB8SySp/1011-t62m-capt.jpg,2022-10-16,2281,5419,2,7-228154192
Russia,Soviet Union,30 T-62M,captured,https://i.postimg.cc/9M8L6fDK/2022-08-20-T-64-BV.jpg,2022-10-17,2281,5420,2,7-228154202
Russia,Russia,30 T-80BVM,captured,https://i.postimg.cc/MKnvkmBv/1020-t80bvm-nr14.jpg,2022-08-13,2284,5425,2,7-228454252
Russia,Russia,30 T-80BVM,captured,https://postimg.cc/xkfbcmNr,2022-08-13,2284,5426,2,7-228454262
Russia,Russia,300 T-72B3,captured,https://postimg.cc/R3gQYYjY,2023-04-16,2293,5441,2,7-229354412
Russia,Russia,301 T-72B3,captured,https://i.postimg.cc/YCF5mbpS/5583.png,2023-04-12,2295,5449,2,7-229554492
Russia,Russia,302 T-72B3,captured,https://i.postimg.cc/vZ5yQytW/2544.png,2023-04-01,2299,5466,2,7-229954662
Russia,Soviet Union,303 T-80BV,captured,https://i.postimg.cc/XYjF1Bnb/1019-t80bv-dam-capt-10-06-23.jpg,2023-06-14,2302,5473,2,7-230254732
Russia,Russia,304 KamAZ 6x6,captured,https://i.postimg.cc/BQjwGdBb/1004.png,2022-07-13,2305,5479,2,7-230554792
Russia,Russia,307 BTR-82A(M),captured,https://i.postimg.cc/T2VVXM78/2022-04-02-btr-82a-2.jpg,2022-10-17,2311,5527,2,7-231155272
Russia,Russia,31 R-149MA3 command and staff vehicle,captured,https://i.postimg.cc/qvy9mBSj/1013-R-149-MA3-dmg-capt.jpg,2022-10-02,2332,5563,2,7-233255632
Russia,Soviet Union,31 T-62M,captured,https://postimg.cc/JD5ZKMXX,2022-10-18,2334,5565,2,7-233455652
Russia,Russia,31 T-72BA,captured,https://i.postimg.cc/J46hVWVW/1040-T-72-BA-capt-16-08-24.jpg,2024-08-18,2336,5567,2,7-233655672
Russia,Russia,31 T-80BVM,captured,https://i.postimg.cc/rwk9X6Y1/1000-t80bvm-nr-14.jpg,2022-08-14,2338,5570,2,7-233855702
Russia,Soviet Union,31 UAZ-452 van,captured,https://i.postimg.cc/Jn98dRsx/1008-uaz452-dam-capt.jpg,2022-11-21,2339,5571,2,7-233955712
Russia,Soviet Union,310 BMP-1(P),captured,https://i.postimg.cc/KjDp9sDR/1014-vmp1-capt-31-03-22.jpg,2023-02-27,2342,5579,2,7-234255792
Russia,Russia,310 T-72B3,captured,https://i.postimg.cc/0rRCJ9dk/1000-T-72-B3-capt-27-05-23.jpg,2023-05-28,2344,5582,2,7-234455822
Russia,Russia,315 BTR-82A(M),captured,https://i.postimg.cc/rFWq9FfP/1006-btr82a-capt.jpg,2022-10-28,2356,5607,2,7-235656072
Russia,Russia,315 BTR-82A(M),captured,https://i.postimg.cc/c1jLcc7Z/1006-btr82a-capt.jpg,2022-10-29,2356,5608,2,7-235656082
Russia,Russia,319 T-72B3,captured,https://twitter.com/naalsio26/status/1681970718911676417,2023-07-21,2365,5630,2,7-236556302
Russia,Soviet Union,32 122mm 2S1 Gvozdika,captured,https://twitter.com/Blue_Sauron/status/1590781731552038912,2022-11-12,2368,5635,2,7-236856352
Russia,Soviet Union,32 122mm D-30 howitzer,captured,https://i.postimg.cc/50jSr7Ch/1024-d30-capt.jpg,2022-10-20,2369,5637,2,7-236956372
Russia,Soviet Union,32 122mm D-30 howitzer,captured,https://i.postimg.cc/1z9N40Qg/10-22-2022-D-30-captured-Kherson-region.png,2022-10-27,2369,5638,2,7-236956382
Russia,Soviet Union,32 9P149 Shturm-S,captured,https://i.postimg.cc/JhPdDVg1/6889.png,2023-04-06,2372,5641,2,7-237256412
Russia,Russia,32 KamAZ 4x4,captured,https://i.postimg.cc/tTqHjkJS/1025-Kam-AZ-4x4-capt-02-03-22.jpg,2024-02-29,2375,5645,2,7-237556452
Russia,Russia,320 BTR-82A(M),captured,https://i.postimg.cc/Z543Tr2M/1008-btr82a-capt.jpg,2022-11-01,2386,5665,2,7-238656652
Russia,Russia,321 BTR-82A(M),captured,https://i.postimg.cc/PxWk7LX7/10-01-2022-BTR-82-A-M-captured.png,2022-11-02,2388,5666,2,7-238856662
Russia,Soviet Union,324 T-80BV,captured,https://i.postimg.cc/1XM0nHnz/1003-t80bv-capt-28-06-23.jpg,2023-06-30,2395,5711,2,7-239557112
Russia,Soviet Union,324 T-80BV,captured,https://i.postimg.cc/7PNnWxsy/1004-t80bv-capt-28-06-23.jpg,2023-06-30,2395,5712,2,7-239557122
Russia,Russia,325 BTR-82A(M),captured,https://i.postimg.cc/7YBW16S4/1002-btr82a-capt.jpg,2022-11-03,2396,5714,2,7-239657142
Russia,Soviet Union,328 T-80BV,captured,https://i.postimg.cc/15nMCvcY/1010-t80bv-dam-capt-31-10-22.jpg,2023-07-07,2403,5730,2,7-240357302
Russia,Soviet Union,33 122mm D-30 howitzer,captured,https://i.postimg.cc/Gt5GBD2v/1017-d30-capt.jpg,2022-11-12,2409,5737,2,7-240957372
Russia,Soviet Union,33 IMR-2(M) combat engineering vehicle,captured,https://i.postimg.cc/tCHrWVWm/1027-imr2-capt-31-11-22.jpg,2024-02-23,2414,5747,2,7-241457472
Russia,Russia,331 BTR-82A(M),captured,https://i.postimg.cc/PrRyVSdR/1043-btr82a-capt.jpg,2022-11-08,2432,5780,2,7-243257802
Russia,Russia,332 BTR-82A(M),captured,https://i.postimg.cc/3w0prWBM/1013-btr82a-capt.jpg,2022-11-10,2434,5784,2,7-243457842
Russia,Russia,334 BTR-82A(M),captured,https://i.postimg.cc/DZL6sBsn/1014-btr82a-capt.jpg,2022-11-12,2442,5801,2,7-244258012
Russia,Russia,335 Ural-4320,captured,https://i.postimg.cc/4xnDLkLN/1094-Ural-4320-captured.jpg,2022-07-28,2445,5868,2,7-244558682
Russia,Russia,335 Ural-4320,captured,https://i.postimg.cc/3xDL0Kfp/1113_Ural-4320_captured.jpg,2022-07-28,2445,5869,2,7-244558692
Russia,Russia,335 Ural-4320,captured,https://i.postimg.cc/8CmmLsRF/1114_Ural-4320_captured.jpg,2022-07-28,2445,5870,2,7-244558702
Russia,Russia,338 Ural-4320,captured,https://i.postimg.cc/x8J1W6D5/1002-ural4320.jpg,2022-08-04,2451,5883,2,7-245158832
Russia,Soviet Union,34 100mm MT-12 anti-tank gun,captured,https://i.postimg.cc/X70dmPJF/1021-MT-12-Rapira-anti-tank-gun-capt-18-08-24.jpg,2024-08-22,2455,5918,2,7-245559182
Russia,Soviet Union,34 122mm 2S1 Gvozdika,captured,https://twitter.com/UAWeapons/status/1591720519035981830,2022-11-14,2456,5920,2,7-245659202
Russia,Soviet Union,34 122mm D-30 howitzer,captured,https://i.postimg.cc/C5YZJhxf/1014-d30-capt.jpg,2022-11-19,2457,5921,2,7-245759212
Russia,Russia,34 R-149MA1 command and staff vehicle,captured,https://i.postimg.cc/Xq51SPXw/1026-r-166-05.jpg,2022-09-08,2464,5928,2,7-246459282
Russia,Soviet Union,34 T-62M,captured,https://i.postimg.cc/V69V5JKf/1008-t62m-capt.jpg,2022-10-19,2467,5931,2,7-246759312
Russia,Soviet Union,34 T-62M,captured,https://i.postimg.cc/3RQqKXCf/1009-t62m-capt.jpg,2022-10-19,2467,5932,2,7-246759322
Russia,Soviet Union,34 T-62M,captured,https://i.postimg.cc/8zs9wPz4/1018-t62m-capt.jpg,2022-10-19,2467,5933,2,7-246759332
Russia,Soviet Union,34 T-62M,captured,https://i.postimg.cc/ZRnKJsdJ/1003-t62m-capt.jpg,2022-10-20,2467,5934,2,7-246759342
Russia,Soviet Union,34 T-62M,captured,https://i.postimg.cc/TPRdPNxj/1003-t62m-capt.jpg,2022-10-29,2467,5935,2,7-246759352
Russia,Russia,34 Ural Federal,captured,https://i.postimg.cc/SsymhfxZ/6658.png,2023-03-26,2474,5945,2,7-247459452
Russia,Soviet Union,340 BMP-1(P),captured,https://i.postimg.cc/8Cf8LBcp/5g.png,2023-03-28,2476,5949,2,7-247659492
Russia,Russia,341 Ural-4320,captured,https://postimg.cc/mhsHRWKh,2022-08-13,2479,5960,2,7-247959602
Russia,Russia,342 BTR-82A(M),captured,https://i.postimg.cc/yxVkgLGc/1030-btr82a-capt.jpg,2022-11-14,2481,5964,2,7-248159642
Russia,Russia,342 Ural-4320,captured,https://i.postimg.cc/t4r1pvJD/1001-ural4320.jpg,2022-08-08,2484,5971,2,7-248459712
Russia,Russia,346 BTR-82A(M),captured,https://i.postimg.cc/zGjrMtzW/1012-btr82a-capt.jpg,2022-11-18,2495,5996,2,7-249559962
Russia,Russia,347 BTR-82A(M),captured,https://i.postimg.cc/zv53xbMC/1014-btr82a-capt.jpg,2022-11-19,2499,6005,2,7-249960052
Russia,Russia,349 BTR-82A(M),captured,https://i.postimg.cc/SR6rPrCV/1011-btr-82a-capt.jpg,2022-11-22,2507,6028,2,7-250760282
Russia,Soviet Union,35 122mm D-30 howitzer,captured,https://twitter.com/UAWeapons/status/1593921096536903683,2022-11-21,2512,6049,2,7-251260492
Russia,Soviet Union,352 BMP-1(P),captured,https://i.postimg.cc/RFMKbwc6/779j.png,2023-04-18,2533,6090,2,7-253360902
Russia,Russia,352 BTR-82A(M),captured,https://i.postimg.cc/YChw1gK3/1000-btr82a-capt.jpg,2022-11-24,2534,6093,2,7-253460932
Russia,Russia,353 BTR-82A(M),captured,https://i.postimg.cc/J0w97G1H/1015-btr82a-capt.jpg,2022-11-28,2538,6102,2,7-253861022
Russia,Russia,356 BTR-82A(M),captured,https://i.postimg.cc/59wH5c3Z/1016-btr82a-capt.jpg,2022-12-02,2546,6125,2,7-254661252
Russia,Russia,359 BTR-82A(M),captured,https://i.postimg.cc/V6mzNvKM/1010-btr82a-capt.jpg,2022-12-05,2553,6153,2,7-255361532
Russia,Soviet Union,36 122mm D-30 howitzer,captured,https://i.postimg.cc/3wPBcrqm/2022-04-04-BTR-82-A-destroyed-D-30-captured-Chernihiv.jpg,2022-12-09,2556,6159,2,7-255661592
Russia,Soviet Union,36 T-62M,captured,https://i.postimg.cc/N0bpGRdQ/1006-t62m-capt.jpg,2022-10-26,2564,6170,2,7-256461702
Russia,Russia,360 Ural-4320,captured,https://i.postimg.cc/zG5zScVY/1144-ural-dam-capt.jpg,2022-08-23,2573,6204,2,7-257362042
Russia,Russia,360 Ural-4320,captured,https://i.postimg.cc/XvYntBf2/1145-ural-capt.jpg,2022-08-23,2573,6205,2,7-257362052
Russia,Russia,360 Ural-4320,captured,https://i.postimg.cc/wvsYdX7k/1143-ural-capt-2x.jpg,2022-08-23,2573,6206,2,7-257362062
Russia,Russia,360 Ural-4320,captured,https://i.postimg.cc/T2gv7c8d/1146-ural-capt.jpg,2022-08-23,2573,6207,2,7-257362072
Russia,Russia,362 Ural-4320,captured,https://twitter.com/UAWeapons/status/1567465710745489410,2022-09-08,2577,6214,2,7-257762142
Russia,Russia,363 BTR-82A(M),captured,https://i.postimg.cc/T18nNHBB/1003-btr82a-capt.jpg,2022-12-06,2579,6221,2,7-257962212
Russia,Russia,365 Ural-4320,captured,https://twitter.com/UAWeapons/status/1567850576754475009,2022-09-09,2586,6242,2,7-258662422
Russia,Russia,365 Ural-4320,captured,https://i.postimg.cc/fRrqKKD6/1008-ural4320.png,2022-09-09,2586,6243,2,7-258662432
Russia,Russia,365 Ural-4320,captured,https://i.postimg.cc/KcH8L1W4/1016-ural4620.jpg,2022-09-09,2586,6244,2,7-258662442
Russia,Soviet Union,368 BMP-1(P),captured,https://i.postimg.cc/tgcR3bkz/1001-bmp1-capt-06-03-22.jpg,2023-05-06,2591,6255,2,7-259162552
Russia,Russia,369 BTR-82A(M),captured,https://i.postimg.cc/ZRgYPZGn/1002-btr82a-capt.jpg,2022-12-09,2592,6259,2,7-259262592
Russia,Soviet Union,37 122mm D-30 howitzer,captured,https://i.postimg.cc/prvhTyCT/1009-d30-capt.jpg,2022-12-30,2598,6271,2,7-259862712
Russia,Soviet Union,37 9P149 Shturm-S,captured,https://i.postimg.cc/Hj1jgNSG/1007-9-P149-Shturm-S-capt-04-04-22.jpg,2024-04-08,2600,6274,2,7-260062742
Russia,Russia,37 BMP-3 Obr. 2020,captured,https://i.postimg.cc/HnHtQXVN/1107-bmp3-obr2020-capt-24-05-22.jpg,2024-05-26,2602,6278,2,7-260262782
Russia,Russia,37 BMP-3 Obr. 2020,captured,https://i.postimg.cc/rm028b6C/1071-bmp3-obr2020-capt-23-02-23.jpg,2024-05-26,2602,6279,2,7-260262792
Russia,Russia,37 BMP-3 Obr. 2020,captured,https://i.postimg.cc/vZhsXfL9/1070-bmp3-obr2020-capt-09-04-22.jpg,2024-05-26,2602,6280,2,7-260262802
Russia,Russia,37 R-149MA1 command and staff vehicle,captured,https://twitter.com/CalibreObscura/status/1568282616373059586,2022-09-10,2607,6288,2,7-260762882
Russia,Russia,37 R-149MA3 command and staff vehicle,captured,https://i.postimg.cc/PfzSb7j5/1012-r149ma3-capt-28-12-22.jpg,2023-01-01,2608,6290,2,7-260862902
Russia,Russia,37 R-149MA3 command and staff vehicle,captured,https://i.postimg.cc/vT2LCVrr/7770.png,2023-04-04,2608,6293,2,7-260862932
Russia,Soviet Union,37 T-62M,captured,https://i.postimg.cc/j558QB6F/1018-t62m-capt.jpg,2022-10-27,2609,6294,2,7-260962942
Russia,Russia,37 T-80BVM,captured,https://twitter.com/UAWeapons/status/1569038512116334592,2022-09-12,2610,6295,2,7-261062952
Russia,Russia,37 T-90M,captured,https://i.postimg.cc/9MS80Tgb/769.png,2023-09-09,2611,6296,2,7-261162962
Russia,Soviet Union,370 BMP-1(P),captured,https://i.postimg.cc/pLfnfG7c/1301-bmp1-12-03-22.jpg,2023-05-11,2616,6304,2,7-261663042
Russia,Russia,373 BTR-82A(M),captured,https://i.postimg.cc/h4TXwGxb/1028-btr82a-capt-12-12-22.jpg,2022-12-15,2628,6330,2,7-262863302
Russia,Russia,373 Ural-4320,captured,https://i.postimg.cc/xCcT41d0/1030-ural4320.png,2022-09-10,2631,6340,2,7-263163402
Russia,Russia,373 Ural-4320,captured,https://i.postimg.cc/cH24yGKf/1027-ural4320.jpg,2022-09-10,2631,6341,2,7-263163412
Russia,Russia,373 Ural-4320,captured,https://i.postimg.cc/yN6N0P43/1025-ural4320.jpg,2022-09-10,2631,6342,2,7-263163422
Russia,Russia,373 Ural-4320,captured,https://i.postimg.cc/NMMwjChb/1024-ural4320.jpg,2022-09-10,2631,6343,2,7-263163432
Russia,Russia,373 Ural-4320,captured,https://i.postimg.cc/L6vZbdnC/1002-ural4320.jpg,2022-09-10,2631,6344,2,7-263163442
Russia,Soviet Union,374 T-80BV,captured,https://i.postimg.cc/PxC7dQHG/1040-t80bv-capt-13-09-22.jpg,2023-08-09,2634,6352,2,7-263463522
Russia,Russia,376 BTR-82A(M),captured,https://i.postimg.cc/hvGx15PL/1016-btr82a-capt-02-01-23.jpg,2023-01-04,2641,6364,2,7-264163642
Russia,Russia,379 Ural-4320,captured,https://twitter.com/UAWeapons/status/1568641127577751553,2022-09-11,2648,6377,2,7-264863772
Russia,Russia,379 Ural-4320,captured,https://i.postimg.cc/WzByPxtK/1010-ural4320.jpg,2022-09-11,2648,6378,2,7-264863782
Russia,Russia,38 152mm 2S33 Msta-SM2,captured,https://i.postimg.cc/Nf0d4J4W/1030-2-S19-M2-Msta-S-capt-31-11-22.jpg,2024-04-08,2652,6382,2,7-265263822
Russia,Soviet Union,38 MT-LB with ZU-23 AA gun,captured,https://i.postimg.cc/YCspgbnH/1008-MT-LB-with-ZU-23-2-capt-30-11-22.jpg,2023-11-24,2659,6389,2,7-265963892
Russia,Soviet Union,38 T-62M,captured,https://twitter.com/UAWeapons/status/1590447628726439936,2022-11-10,2661,6392,2,7-266163922
Russia,Soviet Union,38 T-62M,captured,https://twitter.com/UAWeapons/status/1591036463634075648,2022-11-12,2661,6393,2,7-266163932
Russia,Soviet Union,38 T-62M,captured,https://i.postimg.cc/kXjchcHX/875.png,2022-11-12,2661,6394,2,7-266163942
Russia,Soviet Union,38 T-62M,captured,https://i.postimg.cc/DygBqyxv/1020-t62m-capt.jpg,2022-11-12,2661,6395,2,7-266163952
Russia,Russia,38 T-80BVM,captured,https://twitter.com/UAWeapons/status/1570138425843408896,2022-09-15,2663,6398,2,7-266363982
Russia,Russia,382 BTR-82A(M),captured,https://i.postimg.cc/3rqjRX1S/1029-btr82a-capt-10-03-22.jpg,2023-01-12,2674,6417,2,7-267464172
Russia,Russia,384 Ural-4320,captured,https://twitter.com/UAWeapons/status/1568899249688952833,2022-09-12,2678,6427,2,7-267864272
Russia,Russia,384 Ural-4320,captured,https://twitter.com/UAWeapons/status/1569035760333897728,2022-09-12,2678,6428,2,7-267864282
Russia,Russia,384 Ural-4320,captured,https://twitter.com/UAWeapons/status/1568899264650280961,2022-09-12,2678,82,2,7-2678822
Russia,Russia,384 Ural-4320,captured,https://twitter.com/UAWeapons/status/1569059447284142080,2022-09-12,2678,6429,2,7-267864292
Russia,Russia,384 Ural-4320,captured,https://i.postimg.cc/gJXqx8J5/1002-ural4320.jpg,2022-09-12,2678,6430,2,7-267864302
Russia,Russia,386 KamAZ 6x6,captured,https://i.postimg.cc/RhtcC4h6/1133-kamaz-capt.jpg,2022-08-23,2682,6470,2,7-268264702
Russia,Russia,386 KamAZ 6x6,captured,https://i.postimg.cc/pLHBThD2/1132-kamaz-capt-dam.jpg,2022-08-23,2682,6471,2,7-268264712
Russia,Russia,387 BTR-82A(M),captured,https://i.postimg.cc/SKCLY4B8/1019-btr82a-capt-27-11-22.jpg,2023-01-22,2684,6474,2,7-268464742
Russia,Russia,387 Ural-4320,captured,https://twitter.com/UAWeapons/status/1569229480149000193,2022-09-13,2686,6477,2,7-268664772
Russia,Russia,389 BTR-82A(M),captured,https://i.postimg.cc/WbZnnFnb/1022-btr82a-capt-23-01-23.jpg,2023-01-24,2688,6480,2,7-268864802
Russia,Russia,389 BTR-82A(M),captured,https://i.postimg.cc/cH678rCW/1026-btr82a-capt-23-01-23.jpg,2023-01-24,2688,6481,2,7-268864812
Russia,Russia,39 R-149MA3 command and staff vehicle,captured,https://i.postimg.cc/rmQ7qYDk/1016-R-149-MA3-capt-29-09-22.jpg,2024-02-18,2695,6489,2,7-269564892
Russia,Soviet Union,39 T-62M,captured,https://i.postimg.cc/T2SbrcFJ/1026-t62m-capt.jpg,2022-11-13,2696,6490,2,7-269664902
Russia,Soviet Union,39 T-62M,captured,https://twitter.com/UAWeapons/status/1591808737035096065,2022-11-14,2696,2038,2,7-269620382
Russia,Russia,39 T-80BVM,captured,https://twitter.com/UAWeapons/status/1570423464971976705,2022-09-16,2698,4547,2,7-269845472
Russia,Russia,39 T-80BVM,captured,https://i.postimg.cc/SKr2CC26/1003-t80bvm.jpg,2022-09-19,2698,6492,2,7-269864922
Russia,Soviet Union,39 UAZ-452 van,captured,https://i.postimg.cc/T3QKRn9j/6h5.png,2023-04-01,2700,6495,2,7-270064952
Russia,Soviet Union,39 ZiL-131,captured,https://i.postimg.cc/cHSzkJwf/1081-Zi-L-131-capt-25-02-22.jpg,2024-04-21,2703,6499,2,7-270364992
Russia,Soviet Union,39 ZiL-131,captured,https://i.postimg.cc/nzGPytGg/1080-zil131-capt-25-02-22.jpg,2024-04-21,2703,6500,2,7-270365002
Russia,Russia,390 KamAZ 6x6,captured,https://twitter.com/UAWeapons/status/1567823899785658368,2022-09-09,2704,6502,2,7-270465022
Russia,Russia,392 KamAZ 6x6,captured,https://twitter.com/UAWeapons/status/1568341095591088130,2022-09-10,2708,6514,2,7-270865142
Russia,Russia,395 Ural-4320,captured,https://twitter.com/JimmySecUK/status/1569972968641499136,2022-09-15,2713,4543,2,7-271345432
Russia,Russia,395 Ural-4320,captured,https://i.postimg.cc/KzT98KW4/1009-ural4320.jpg,2022-09-15,2713,6534,2,7-271365342
Russia,Russia,399 BTR-82A(M),captured,https://i.postimg.cc/VLYwGxY3/1302-btr82a-destr-02-04-22.jpg,2023-01-30,2719,6558,2,7-271965582
Russia,Russia,399 BTR-82A(M),captured,https://i.postimg.cc/Gtc8tBdK/1017-btr82a-destr-24-01-23.jpg,2023-01-30,2719,6559,2,7-271965592
Russia,Russia,399 BTR-82A(M),captured,https://i.postimg.cc/KzXtVmYY/1014-1x-destr-1x-capt-btr82a-xx-04-22.jpg,2023-01-30,2719,6557,2,7-271965572
Russia,Soviet Union,4 152mm 2A36 Giatsint-B,captured,https://twitter.com/UAWeapons/status/1578108247377989633,2022-10-07,2723,6569,2,7-272365692
Russia,Soviet Union,4 152mm 2A36 Giatsint-B,captured,https://twitter.com/UAWeapons/status/1577923327150067712,2022-10-07,2723,6570,2,7-272365702
Russia,Soviet Union,4 2B9 Vasilek 82mm automatic gun mortar,captured,https://twitter.com/UAWeapons/status/1572585885274865665,2022-09-22,2728,6574,2,7-272865742
Russia,Russia,4 AMN-590951 multipurpose armored vehicle,captured,https://i.postimg.cc/Y9HrK3Yz/1003-AMN-590951-capt.jpg,2022-11-12,2733,6581,2,7-273365812
Russia,Russia,4 BMO-T,captured,https://i.postimg.cc/NG8VFkdW/1024-bmo-t-capt-21-07-23.jpg,2023-07-22,2735,6583,2,7-273565832
Russia,Russia,4 BPM-97 Vystrel,captured,https://twitter.com/UAWeapons/status/1625792249660317696,2023-02-18,2739,6588,2,7-273965882
Russia,Soviet Union,4 BRDM-2,captured,https://i.postimg.cc/13Mk6Qxd/1006-brdm2-capt.jpg,2022-11-14,2740,6589,2,7-274065892
Russia,Russia,4 MTP-A2.1 recovery vehicle,captured,https://i.postimg.cc/CKhrPnZD/1007-MTP-A2-1-recovery-vehicle-capt-13-09-22.jpg,2023-03-20,2755,6608,2,7-275566082
Russia,Russia,4 Remdiesel Z-STS Akhmat,captured,https://i.postimg.cc/hjzpjPBJ/1016-Remdiesel-Z-STS-Akhmat-capt-07-01-23.jpg,2023-01-10,2761,6615,2,7-276166152
Russia,Russia,4 T-80BVM Obr. 2022,captured,https://twitter.com/UAWeapons/status/1668324020939538432,2023-06-14,2771,6627,2,7-277166272
Russia,Russia,4 UAZ-394511 ‘Esaul’,captured,https://i.postimg.cc/3ww79TFW/1000-Esaul.png,2022-08-13,2775,6633,2,7-277566332
Russia,Russia,4 Unknown T-80,captured,https://twitter.com/Blue_Sauron/status/1568895598777991169,2022-09-12,2784,4141,2,7-278441412
Russia,Soviet Union,4 Ural-4320 (for PMP floating bridge system),captured,https://i.postimg.cc/yYJprdCQ/1080-Ural-4320-for-PMP-floating-bridge-system-capt-31-03-22.jpg,2024-01-23,2787,6649,2,7-278766492
Russia,Soviet Union,40 152mm 2A65 Msta-B howitzer,captured,https://twitter.com/UAWeapons/status/1569407860018225156,2022-09-13,2793,6658,2,7-279366582
Russia,Soviet Union,40 152mm 2A65 Msta-B howitzer,captured,https://twitter.com/UAWeapons/status/1569229430765289472,2022-09-13,2793,3773,2,7-279337732
Russia,Soviet Union,40 9T452 transporter-loader (for BM-27 'Uragan' MRL),captured,https://i.postimg.cc/KjKTM4mz/1030-9-T452-transloader-for-the-BM-27-capt-30-11-23.jpg,2023-08-01,2795,6662,2,7-279566622
Russia,Russia,40 R-149MA1 command and staff vehicle,captured,https://twitter.com/UAWeapons/status/1569043961771163652,2022-09-12,2798,6665,2,7-279866652
Russia,Russia,40 R-149MA1 command and staff vehicle,captured,https://twitter.com/Blue_Sauron/status/1568895598777991169,2022-09-12,2798,4141,2,7-279841412
Russia,Russia,400 KamAZ 6x6,captured,https://twitter.com/UAWeapons/status/1569043961771163652,2022-09-12,2807,6665,2,7-280766652
Russia,Russia,400 KamAZ 6x6,captured,https://twitter.com/UAWeapons/status/1569035760333897728,2022-09-12,2807,6428,2,7-280764282
Russia,Russia,400 KamAZ 6x6,captured,https://twitter.com/UAWeapons/status/1569058019866021894,2022-09-12,2807,6685,2,7-280766852
Russia,Russia,400 KamAZ 6x6,captured,https://i.postimg.cc/50HXVNDb/1010-kamaz6x6.jpg,2022-09-12,2807,6686,2,7-280766862
Russia,Russia,400 KamAZ 6x6,captured,https://i.postimg.cc/bvhD1hGR/1004-kamaz6x6.jpg,2022-09-12,2807,6687,2,7-280766872
Russia,Russia,400 KamAZ 6x6,captured,https://i.postimg.cc/fbgfWBwm/kamaz-5350.jpg,2022-09-12,2807,6688,2,7-280766882
Russia,Russia,402 Ural-4320,captured,https://i.postimg.cc/Dw2RWnRJ/2022-09-15-Ural-4320.png,2022-09-17,2811,6705,2,7-281167052
Russia,Russia,403 BTR-82A(M),captured,https://i.postimg.cc/0NBCZ91n/1000-btr82a-capt-04-02-23.jpg,2023-02-12,2812,6709,2,7-281267092
Russia,Russia,404 KamAZ 6x6,captured,https://twitter.com/UAWeapons/status/1569229480149000193,2022-09-13,2814,6477,2,7-281464772
Russia,Russia,404 KamAZ 6x6,captured,https://twitter.com/UAWeapons/status/1568628787457433600,2022-09-14,2814,6712,2,7-281467122
Russia,Russia,407 Ural-4320,captured,https://i.postimg.cc/G2dYVCTC/1017-ural4320.jpg,2022-09-18,2818,6725,2,7-281867252
Russia,Soviet Union,41 152mm 2A65 Msta-B howitzer,captured,https://twitter.com/UAWeapons/status/1571505879068942338,2022-09-19,2826,6740,2,7-282667402
Russia,Soviet Union,41 T-62M,captured,https://i.postimg.cc/wMqYYM6t/1011-t62m-capt.jpg,2022-11-16,2833,6749,2,7-283367492
Russia,Soviet Union,41 T-64BV,captured,https://i.postimg.cc/RVPvm2Tw/1000-t64bv-capt.jpg,2022-10-24,2834,6751,2,7-283467512
Russia,Russia,41 T-80BVM,captured,https://i.postimg.cc/hj94SdBL/488.png,2022-10-04,2836,6753,2,7-283667532
Russia,Russia,411 KamAZ 6x6,captured,https://twitter.com/UAWeapons/status/1570152375238950912,2022-09-15,2840,6761,2,7-284067612
Russia,Russia,411 KamAZ 6x6,captured,https://postimg.cc/LhjqNt4j,2022-09-15,2840,6762,2,7-284067622
Russia,Russia,417 Ural-4320,captured,https://i.postimg.cc/DfWRBfpD/2022-09-17-Ural-4320-1.jpg,2022-09-22,2847,6782,2,7-284767822
Russia,Russia,417 Ural-4320,captured,https://i.postimg.cc/263sTs8K/1002-ural4320.jpg,2022-09-22,2847,6783,2,7-284767832
Russia,Russia,417 Ural-4320,captured,https://i.postimg.cc/ydbZ4Gwt/1000-ural-4320.jpg,2022-09-22,2847,6784,2,7-284767842
Russia,Soviet Union,42 152mm 2S3(M) Akatsiya,captured,https://i.postimg.cc/HxmZKjb7/1010.jpg,2022-07-19,2853,6805,2,7-285368052
Russia,Soviet Union,42 T-62M,captured,https://i.postimg.cc/SNKbZnT3/1015_t62m_dam_capt.jpg,2022-11-19,2857,6808,2,7-285768082
Russia,Soviet Union,42 T-62M,captured,https://i.postimg.cc/sgcyn936/1007-t62m-capt.jpg,2022-11-28,2857,6809,2,7-285768092
Russia,Russia,420 KamAZ 6x6,captured,https://postimg.cc/gnnJQYwg,2022-09-17,2863,6819,2,7-286368192
Russia,Russia,420 Ural-4320,captured,https://i.postimg.cc/4dMmdk4Y/1006-ural4320.jpg,2022-09-24,2864,6822,2,7-286468222
Russia,Russia,421 BTR-82A(M),captured,https://i.postimg.cc/0QvqJ4sY/1002-btr82a-capt-07-03-23.jpg,2023-03-09,2865,6825,2,7-286568252
Russia,Russia,423 Ural-4320,captured,https://i.postimg.cc/W3bjmst8/1000-ural4320.jpg,2022-09-25,2870,6833,2,7-287068332
Russia,Russia,424 BTR-82A(M),captured,https://i.postimg.cc/mZK8GHHC/1010-btr82a-capt-13-10-22.jpg,2023-03-20,2871,6834,2,7-287168342
Russia,Russia,425 KamAZ 6x6,captured,https://i.postimg.cc/j2WLp18c/1005-kamaz6x6.jpg,2022-09-19,2875,6844,2,7-287568442
Russia,Russia,425 Ural-4320,captured,https://i.postimg.cc/nzXwprB3/2022-09-25-BMP-2-Ural-4320.jpg,2022-09-27,2877,6849,2,7-287768492
Russia,Russia,425 Ural-4320,captured,https://i.postimg.cc/j57VhkYt/1003-ural4320.jpg,2022-09-27,2877,6850,2,7-287768502
Russia,Russia,426 BTR-82A(M),captured,https://i.postimg.cc/nzJ5S2zL/9.png,2023-03-26,2879,6852,2,7-287968522
Russia,Soviet Union,43 152mm 2A65 Msta-B howitzer,captured,https://twitter.com/UAWeapons/status/1573080312158076929,2022-09-24,2887,6877,2,7-288768772
Russia,Soviet Union,43 152mm 2S3(M) Akatsiya,captured,https://i.postimg.cc/6p6CPGXJ/1005.jpg,2022-07-25,2888,6878,2,7-288868782
Russia,Soviet Union,43 T-62M,captured,https://i.postimg.cc/Cx01xxrq/1012-t62m-capt.jpg,2022-11-21,2893,6884,2,7-289368842
Russia,Russia,43 Unknown BTR-80/BTR-82A,captured,https://twitter.com/UAWeapons/status/1570798006039085056,2022-09-17,2897,6886,2,7-289768862
Russia,Russia,430 BTR-82A(M),captured,https://twitter.com/naalsio26/status/1643840868757958656,2023-04-06,2899,6892,2,7-289968922
Russia,Russia,430 Ural-4320,captured,https://i.postimg.cc/gJ2tHG9m/Ural-4320-Izium.png,2022-09-30,2901,6899,2,7-290168992
Russia,Russia,435 BTR-82A(M),captured,https://twitter.com/naalsio26/status/1657081730124111881,2023-05-17,2907,6911,2,7-290769112
Russia,Russia,435 BTR-82A(M),captured,https://i.postimg.cc/v8xvLFWj/1068-btr82a-capt-14-05-23.jpg,2023-05-17,2907,6912,2,7-290769122
Russia,Russia,436 KamAZ 6x6,captured,https://i.postimg.cc/W1778G7n/2022-09-19-Kam-AZ-6x6.jpg,2022-09-22,2909,6921,2,7-290969212
Russia,Russia,436 KamAZ 6x6,captured,https://i.postimg.cc/9z58PTRG/2022-09-19-Kam-AZ-6x6-1.jpg,2022-09-22,2909,6922,2,7-290969222
Russia,Russia,436 KamAZ 6x6,captured,https://i.postimg.cc/fy3CCLwv/2022-09-17-Kam-AZ-6x6.jpg,2022-09-22,2909,6923,2,7-290969232
Russia,Russia,436 KamAZ 6x6,captured,https://i.postimg.cc/hG4WQzFg/1004-kamaz6x6.jpg,2022-09-22,2909,6924,2,7-290969242
Russia,Russia,436 Ural-4320,captured,https://i.postimg.cc/fRNHRcqf/1002-ural4320-capt.jpg,2022-10-02,2910,6926,2,7-291069262
Russia,Russia,436 Ural-4320,captured,https://i.postimg.cc/Wb3NfZwS/1011-ural4320-capt.jpg,2022-10-02,2910,6927,2,7-291069272
Russia,Russia,436 Ural-4320,captured,https://i.postimg.cc/V6GTPrf9/2022-09-27-Ural-4320.jpg,2022-10-02,2910,6928,2,7-291069282
Russia,Russia,436 Ural-4320,captured,https://i.postimg.cc/X78fv2jg/1021-ural4320-capt.jpg,2022-10-02,2910,6929,2,7-291069292
Russia,Russia,439 BTR-82A(M),captured,https://twitter.com/naalsio26/status/1660445252094664706,2023-05-23,2914,6945,2,7-291469452
Russia,Russia,439 BTR-82A(M),captured,https://i.postimg.cc/YCPrbT3R/1052-btr82a-capt-22-05-23.png,2023-05-23,2914,6946,2,7-291469462
Russia,Russia,439 BTR-82A(M),captured,https://i.postimg.cc/43ycS0hX/1020-btr82a-capt-31-03-22.jpg,2023-06-14,2914,6947,2,7-291469472
Russia,Soviet Union,44 152mm 2S3(M) Akatsiya,captured,https://i.postimg.cc/LXzG8LHV/1007.jpg,2022-07-26,2921,6955,2,7-292169552
Russia,Russia,44 R-149MA1 command and staff vehicle,captured,https://twitter.com/UAWeapons/status/1569639365655072770,2022-09-14,2926,6961,2,7-292669612
Russia,Russia,44 R-149MA1 command and staff vehicle,captured,https://twitter.com/UAWeapons/status/1569768629696069638,2022-09-14,2926,6962,2,7-292669622
Russia,Soviet Union,44 T-64BV,captured,https://i.postimg.cc/XqyC3pQR/1015-t64bv-capt.jpg,2022-11-14,2928,6965,2,7-292869652
Russia,Soviet Union,44 T-72A,captured,https://i.postimg.cc/4xd5Z8kd/1100-t72a-destr-30-04-24.jpg,2024-06-13,2929,6966,2,7-292969662
Russia,Russia,440 KamAZ 6x6,captured,https://i.postimg.cc/qMK1XyFF/1004-bmp2-ural-tanker-kamaz6x6.png,2022-09-24,2934,520,2,7-29345202
Russia,Russia,440 KamAZ 6x6,captured,https://i.postimg.cc/TP5xjp4q/2022-09-17-Kam-AZ-6x6-2.jpg,2022-09-24,2934,6991,2,7-293469912
Russia,Russia,440 Ural-4320,captured,https://i.postimg.cc/FRFP7LCS/1000-ural4320-dam-capt.jpg,2022-10-05,2936,6998,2,7-293669982
Russia,Russia,441 Ural-4320,captured,https://i.postimg.cc/9M3gMfC9/Ural-4320-captured.png,2022-10-06,2939,7004,2,7-293970042
Russia,Russia,445 BTR-82A(M),captured,https://i.postimg.cc/QxWMc7k4/1030-btr82a-capt-21-06-23.jpg,2023-06-25,2943,7011,2,7-294370112
Russia,Russia,445 Ural-4320,captured,https://twitter.com/UAWeapons/status/1577923327150067712,2022-10-07,2944,6570,2,7-294465702
Russia,Russia,447 BTR-82A(M),captured,https://i.postimg.cc/RhCcczrG/1065-btr82a-capt-30-11-22.jpg,2023-06-28,2946,7023,2,7-294670232
Russia,Russia,447 Ural-4320,captured,https://i.postimg.cc/W45X8wfq/1008-ural4320-capt.jpg,2022-10-08,2947,7024,2,7-294770242
Russia,Russia,447 Ural-4320,captured,https://i.postimg.cc/y8YcZRhr/1021-Ural4320-destr.jpg,2022-10-08,2947,7025,2,7-294770252
Russia,Russia,452 Ural-4320,captured,https://i.postimg.cc/m2zB6qFF/1038-ural4320-dam-capt.jpg,2022-10-10,2965,7066,2,7-296570662
Russia,Russia,454 Ural-4320,captured,https://i.postimg.cc/Qtg9JdJK/Ural-4320-captured.png,2022-10-11,2968,7073,2,7-296870732
Russia,Russia,456 Ural-4320,captured,https://i.postimg.cc/N0wgX9Zt/1041-ural4320-capt.jpg,2022-10-12,2973,7085,2,7-297370852
Russia,Russia,456 Ural-4320,captured,https://i.postimg.cc/tTBy8rJR/1042-ural4320-capt-43206-destr.jpg,2022-10-12,2973,7086,2,7-297370862
Russia,Russia,458 BTR-82A(M),captured,https://i.postimg.cc/jqk0hRtw/1022-btr82a-and-kamaz-capt-30-04-22.jpg,2023-07-14,2977,7090,2,7-297770902
Russia,Russia,458 KamAZ 6x6,captured,https://i.postimg.cc/VvtRYvjh/1005-kamaz-6x6-capt-dam.jpg,2022-10-02,2978,7092,2,7-297870922
Russia,Russia,458 KamAZ 6x6,captured,https://i.postimg.cc/kgTrNXzb/2022-09-13-Kam-AZ-6x6.jpg,2022-10-02,2978,7093,2,7-297870932
Russia,Russia,458 Ural-4320,captured,https://i.postimg.cc/xCrHhnDK/1014-ural4320-capt.jpg,2022-10-13,2979,7094,2,7-297970942
Russia,Russia,458 Ural-4320,captured,https://i.postimg.cc/d3wCQ603/1015-1x-ural432-2x-kamaz6x6-capt.jpg,2022-10-13,2979,7095,2,7-297970952
Russia,Russia,46 T-80BVM,captured,https://i.postimg.cc/G2kcWxhG/1008-t80bvm-capt.jpg,2022-10-06,2989,7111,2,7-298971112
Russia,Russia,46 T-80BVM,captured,https://i.postimg.cc/FzphRFSK/1012-t80bvm-capt.jpg,2022-10-06,2989,7112,2,7-298971122
Russia,Russia,462 BTR-82A(M),captured,https://i.postimg.cc/qMbzTh46/1023-btr82a-dam-capt-30-11-22.jpg,2023-07-17,2993,7128,2,7-299371282
Russia,Russia,462 KamAZ 6x6,captured,https://i.postimg.cc/L6BtwxLN/1020-kamaz-6x6-capt.jpg,2022-10-04,2994,7133,2,7-299471332
Russia,Russia,464 KamAZ 6x6,captured,https://twitter.com/UAWeapons/status/1577191476001271808,2022-10-05,2997,1896,2,7-299718962
Russia,Russia,464 KamAZ 6x6,captured,https://i.postimg.cc/2S2VbJcc/Kamaz-6x6-captured-Kharkiv-region.png,2022-10-05,2997,7139,2,7-299771392
Russia,Russia,467 KamAZ 6x6,captured,https://twitter.com/UAWeapons/status/1578364181765509120,2022-10-08,3004,2213,2,7-300422132
Russia,Russia,467 KamAZ 6x6,captured,https://i.postimg.cc/TwCSfrHk/Kamaz-6x6-cap.png,2022-10-08,3004,7151,2,7-300471512
Russia,Soviet Union,47 152mm 2S3(M) Akatsiya,captured,https://i.postimg.cc/fL5dN7cf/1010-2s3.jpg,2022-08-15,3010,7162,2,7-301071622
Russia,Russia,47 T-80BVM,captured,https://twitter.com/UAWeapons/status/1578057102626537472,2022-10-07,3015,7169,2,7-301571692
Russia,Russia,472 KamAZ 6x6,captured,https://i.postimg.cc/SsxdK4Hv/1008-kamaz-6x6-capt.jpg,2022-10-09,3020,7179,2,7-302071792
Russia,Russia,476 KamAZ 6x6,captured,https://i.postimg.cc/0Nfsw1hh/1008-kamaz-6x6-capt.jpg,2022-10-10,3024,7189,2,7-302471892
Russia,Russia,476 KamAZ 6x6,captured,https://i.postimg.cc/X7m7j308/1009-kamaz-6x6-capt.jpg,2022-10-10,3024,7190,2,7-302471902
Russia,Russia,477 KamAZ 6x6,captured,https://i.postimg.cc/wxhcw6jV/Kamaz-6x6-captured.png,2022-10-11,3025,7191,2,7-302571912
Russia,Russia,479 KamAZ 6x6,captured,https://i.postimg.cc/qB9vRk3T/1009-kamaz-6x6.jpg,2022-10-12,3030,7200,2,7-303072002
Russia,Soviet Union,48 152mm 2A65 Msta-B howitzer,captured,https://twitter.com/UAWeapons/status/1574871051091189763,2022-09-28,3034,7207,2,7-303472072
Russia,Russia,48 T-80BVM,captured,https://i.postimg.cc/W3S234zd/1031-t80bvm-dam-capt.jpg,2022-10-10,3042,7217,2,7-304272172
Russia,Soviet Union,48 Unknown T-72,captured,https://i.postimg.cc/wx0H0JpY/1019-unkn-t72.jpg,2022-09-11,3044,7221,2,7-304472212
Russia,Russia,480 Ural-4320,captured,https://i.postimg.cc/76KYDvXw/2022-03-05-Ural-4320.jpg,2022-10-18,3046,7236,2,7-304672362
Russia,Russia,480 Ural-4320,captured,https://i.postimg.cc/TPp9ZCYR/2022-03-28-ural-4320.jpg,2022-10-18,3046,7237,2,7-304672372
Russia,Russia,480 Ural-4320,captured,https://i.postimg.cc/bwx1nJVw/2022-04-01-ural-4320.jpg,2022-10-18,3046,7238,2,7-304672382
Russia,Russia,480 Ural-4320,captured,https://i.postimg.cc/LX8HTCHb/2022-04-01-ural-4320-2.jpg,2022-10-18,3046,7239,2,7-304672392
Russia,Russia,480 Ural-4320,captured,https://i.postimg.cc/VL4Xd9PD/2022-04-02-ural-4320-4.jpg,2022-10-18,3046,7240,2,7-304672402
Russia,Russia,482 KamAZ 6x6,captured,https://i.postimg.cc/d3wCQ603/1015-1x-ural432-2x-kamaz6x6-capt.jpg,2022-10-13,3051,7095,2,7-305170952
Russia,Russia,482 KamAZ 6x6,captured,https://i.postimg.cc/1zVwv4Tm/1010-kamaz-6x6-capt.jpg,2022-10-13,3051,7246,2,7-305172462
Russia,Russia,485 KamAZ 6x6,captured,https://i.postimg.cc/vDR5qdbW/1013-Kam-AZ6x6-capt.jpg,2022-10-16,3056,7257,2,7-305672572
Russia,Russia,487 Ural-4320,captured,https://i.postimg.cc/ZKLrrXJR/1000-ural4320-capt.jpg,2022-10-25,3060,7265,2,7-306072652
Russia,Russia,487 Ural-4320,captured,https://i.postimg.cc/hPnLQKW6/1006-ural4320-capt.jpg,2022-10-25,3060,7266,2,7-306072662
Russia,Soviet Union,49 152mm 2A65 Msta-B howitzer,captured,https://twitter.com/UAWeapons/status/1576529472823898112,2022-10-03,3065,7273,2,7-306572732
Russia,Russia,49 R-149MA1 command and staff vehicle,captured,https://i.postimg.cc/zGV1nXMQ/2022-09-16-307376118-1414953492323400-3470982148527522066-n.jpg,2022-09-18,3069,7279,2,7-306972792
Russia,Russia,49 R-149MA1 command and staff vehicle,captured,https://i.postimg.cc/RZRTd3jc/2022-09-18-R-149-MA1.jpg,2022-09-20,3069,7280,2,7-306972802
Russia,Russia,49 T-80BVM,captured,https://i.postimg.cc/jqhrZ0cY/1501-t80bvm-capt.jpg,2022-10-12,3071,7283,2,7-307172832
Russia,Russia,490 Ural-4320,captured,https://i.postimg.cc/FzFvdb4G/1001-ural4320-capt.jpg,2022-10-26,3075,7297,2,7-307572972
Russia,Russia,498 Ural-4320,captured,https://i.postimg.cc/JzPKHyZG/1004-ural4320-capt.jpg,2022-11-10,3090,7328,2,7-309073282
Russia,Soviet Union,499 BMP-2(K),captured,https://i.postimg.cc/ZYDFTmSB/1004-bm2-capt.jpg,2022-09-30,3092,7336,2,7-309273362
Russia,Soviet Union,5 100mm MT-12 anti-tank gun,captured,https://twitter.com/UAWeapons/status/1568338907950899203,2022-09-10,3094,7338,2,7-309473382
Russia,Soviet Union,5 100mm MT-12 anti-tank gun,captured,https://twitter.com/UAWeapons/status/1568985785176571913,2022-09-12,3094,7339,2,7-309473392
Russia,Soviet Union,5 2B9 Vasilek 82mm automatic gun mortar,captured,https://i.postimg.cc/kMxNMwqk/1014-2b9-vasilek-mortar-capt.jpg,2022-10-21,3100,7343,2,7-310073432
Russia,Soviet Union,5 2B9 Vasilek 82mm automatic gun mortar,captured,https://postimg.cc/qtTfwVVv,2022-12-13,3100,7345,2,7-310073452
Russia,Soviet Union,5 2B9 Vasilek 82mm automatic gun mortar,captured,https://postimg.cc/06dTHWPd,2022-12-13,3100,7346,2,7-310073462
Russia,Soviet Union,5 2B9 Vasilek 82mm automatic gun mortar,captured,https://postimg.cc/143VJGgH,2022-12-13,3100,7347,2,7-310073472
Russia,Russia,5 AS-4350.1 medical vehicle,captured,https://i.postimg.cc/bY6zr9nC/1133-AS-4350-1-medical-vehicle-capt-01-03-22.jpg,2024-10-22,3106,7352,2,7-310673522
Russia,Soviet Union,5 BMD-1KSh-A command vehicle,captured,https://twitter.com/UAWeapons/status/1569736417047101441,2022-09-14,3107,7353,2,7-310773532
Russia,Russia,5 Feniks,captured,https://i.postimg.cc/QCscHgSf/1037-Feniks-reconnaissance-UAV-capt-05-09-24.jpg,2024-09-09,3115,7363,2,7-311573632
Russia,Russia,5 KamAZ KMV-10V boom crane truck,captured,https://i.postimg.cc/0N7wzdhk/1012-Kam-AZ-KMV-10-V-boom-crane-capt-05-03-23.jpg,2023-03-07,3120,7368,2,7-312073682
Russia,Russia,5 MP-1IM signals vehicle,captured,https://i.postimg.cc/cJyjh6cw/1023-MP-1-IM-capt.jpg,2022-10-20,3124,7376,2,7-312473762
Russia,Soviet Union,5 MT-LBM 6MB,captured,https://i.postimg.cc/rpMDVjLj/1028-MT-LBM-6-BM-cam-capt.jpg,2022-10-10,3125,7378,2,7-312573782
Russia,Russia,5 Ural-63704-0010 Tornado-U,captured,https://i.postimg.cc/7hYc1SBr/1003-tornado.jpg,2022-08-08,3145,7397,2,7-314573972
Russia,Russia,5 Ural Avtozaks,captured,https://i.postimg.cc/5N8S7H7h/1167-Ural-Avtozaks.jpg,2022-08-23,3147,7399,2,7-314773992
Russia,Russia,50 R-149MA1 command and staff vehicle,captured,https://i.postimg.cc/pdvXZrd8/268.png,2022-09-15,3151,7406,2,7-315174062
Russia,Russia,50 R-149MA1 command and staff vehicle,captured,https://twitter.com/JimmySecUK/status/1569972968641499136,2022-09-15,3151,4543,2,7-315145432
Russia,Russia,50 R-149MA1 command and staff vehicle,captured,https://i.postimg.cc/SsgBcYrd/1005-r149ma1.jpg,2022-09-15,3151,7407,2,7-315174072
Russia,Russia,50 R-149MA1 command and staff vehicle,captured,https://i.postimg.cc/7hcjWvjT/1006-r149ma1.jpg,2022-09-15,3151,7408,2,7-315174082
Russia,Russia,50 R-149MA1 command and staff vehicle,captured,https://i.postimg.cc/3rcMRpWJ/1025-r149ma1.jpg,2022-09-15,3151,7409,2,7-315174092
Russia,Soviet Union,50 Unknown T-72,captured,https://twitter.com/UAWeapons/status/1568899243397550080,2022-09-12,3156,7416,2,7-315674162
Russia,Russia,501 Ural-4320,captured,https://i.postimg.cc/fTjLwqsD/t1.png,2022-11-12,3160,7428,2,7-316074282
Russia,Russia,505 Ural-4320,captured,https://twitter.com/UAWeapons/status/1591489046194585601,2022-11-13,3162,7432,2,7-316274322
Russia,Russia,505 Ural-4320,captured,https://i.postimg.cc/3rsx9fB9/1022-ural4320-dam-capt.jpg,2022-11-13,3162,7433,2,7-316274332
Russia,Soviet Union,507 BMP-2(K),captured,https://i.postimg.cc/Yqn9pRCJ/1004-bmp2-capt.jpg,2022-10-02,3163,7436,2,7-316374362
Russia,Soviet Union,507 BMP-2(K),captured,https://i.postimg.cc/vBhy081p/1009-bmp2-capt.jpg,2022-10-02,3163,7437,2,7-316374372
Russia,Soviet Union,507 BMP-2(K),captured,https://i.postimg.cc/bYMyQdx2/2022-09-11-BMP-2-UAZ-469.png,2022-10-02,3163,2990,2,7-316329902
Russia,Soviet Union,507 BMP-2(K),captured,https://i.postimg.cc/V5QP2rgG/2022-09-11-BMP-2-1.png,2022-10-02,3163,7438,2,7-316374382
Russia,Soviet Union,51 152mm 2A65 Msta-B howitzer,captured,https://twitter.com/UAWeapons/status/1578458351838859264,2022-10-08,3166,7447,2,7-316674472
Russia,Soviet Union,51 T-62M,captured,https://i.postimg.cc/15Phm6cJ/1024-t62m-capt-24-01-23.jpg,2023-01-30,3169,7451,2,7-316974512
Russia,Soviet Union,51 T-62M,captured,https://i.postimg.cc/j2566L1D/1018-t62m-capt-25-01-23.jpg,2023-01-30,3169,7452,2,7-316974522
Russia,Soviet Union,51 T-62M,captured,https://i.postimg.cc/ydNdM2S1/1017-t62m-capt-06-10-22.jpg,2023-03-09,3169,7453,2,7-316974532
Russia,Soviet Union,51 T-80BV,captured,https://i.postimg.cc/fLgyMJn9/1017.jpg,2022-07-09,3171,7456,2,7-317174562
Russia,Soviet Union,510 BMP-2(K),captured,https://twitter.com/UAWeapons/status/1576584782854893568,2022-10-03,3174,7463,2,7-317474632
Russia,Soviet Union,510 BMP-2(K),captured,https://i.postimg.cc/y60YkHTk/1007-bmp2-capt.jpg,2022-10-03,3174,7464,2,7-317474642
Russia,Russia,510 KamAZ 6x6,captured,https://i.postimg.cc/d1wLwjYm/2022-03-05-Kam-AZ-6x6.jpg,2022-10-18,3175,7481,2,7-317574812
Russia,Russia,510 KamAZ 6x6,captured,https://i.postimg.cc/tCK4jN5s/2022-04-01-kamaz-6x6.jpg,2022-10-18,3175,7482,2,7-317574822
Russia,Russia,510 KamAZ 6x6,captured,https://i.postimg.cc/Jh3FsKS3/2022-04-01-kamaz-6x6-4.jpg,2022-10-18,3175,7483,2,7-317574832
Russia,Russia,510 KamAZ 6x6,captured,https://i.postimg.cc/VkvG5R1p/2022-10-03-kamaz-6x6.jpg,2022-10-18,3175,7484,2,7-317574842
Russia,Soviet Union,512 BMP-2(K),captured,https://i.postimg.cc/bJzqvNd7/1023-bmp2-capt.jpg,2022-10-04,3178,7491,2,7-317874912
Russia,Soviet Union,512 BMP-2(K),captured,https://i.postimg.cc/sXwsGdhv/1001-bmp2-capt.jpg,2022-10-04,3178,7492,2,7-317874922
Russia,Soviet Union,512 BMP-2(K),captured,https://i.postimg.cc/6QtcmZXP/1006-bmp2-capt.jpg,2022-10-05,3178,7494,2,7-317874942
Russia,Russia,512 KamAZ 6x6,captured,https://i.postimg.cc/RVCvjvwM/1007-kamaz-6x6-capt.jpg,2022-10-24,3180,7500,2,7-318075002
Russia,Russia,512 Ural-4320,captured,https://i.postimg.cc/Kc5VLmNz/1025-ural4320-dam-capt.jpg,2022-11-16,3181,7502,2,7-318175022
Russia,Russia,513 Ural-4320,captured,https://i.postimg.cc/zfvTRSdH/1012-Ural-4320-capt.jpg,2022-11-19,3183,7507,2,7-318375072
Russia,Soviet Union,516 BMP-2(K),captured,https://twitter.com/UAWeapons/status/1577650945701433344,2022-10-06,3186,7512,2,7-318675122
Russia,Soviet Union,516 BMP-2(K),captured,https://i.postimg.cc/v8xsWCVX/1023-bmp2-capt.jpg,2022-10-06,3186,7513,2,7-318675132
Russia,Soviet Union,516 BMP-2(K),captured,https://i.postimg.cc/k4zP0vkx/1024-bmp2-capt.jpg,2022-10-06,3186,7514,2,7-318675142
Russia,Russia,517 BTR-82A(M),captured,https://i.postimg.cc/RCYyJwKY/1002-btr82a-capt-30-11-22.jpg,2023-10-25,3187,7518,2,7-318775182
Russia,Soviet Union,52 T-80BV,captured,https://i.postimg.cc/d3Zs44SJ/1000.jpg,2022-07-10,3195,7532,2,7-319575322
Russia,Russia,52 T-80BVM,captured,https://i.postimg.cc/5yzWxdKB/1015-t80bvm-capt.jpg,2022-10-18,3197,7535,2,7-319775352
Russia,Russia,52 T-80BVM,captured,https://i.postimg.cc/qvtNVz4S/1017-t80bvm-capt.jpg,2022-10-18,3197,7536,2,7-319775362
Russia,Soviet Union,52 Unknown T-72,captured,https://twitter.com/UAWeapons/status/1569229402860552192,2022-09-13,3199,4397,2,7-319943972
Russia,Russia,520 KamAZ 6x6,captured,https://i.postimg.cc/90Xm0Vvz/1022-kamaz6x6-capt.jpg,2022-10-27,3201,7549,2,7-320175492
Russia,Soviet Union,521 BMP-2(K),captured,https://twitter.com/UAWeapons/status/1577926941377708032,2022-10-07,3202,7550,2,7-320275502
Russia,Soviet Union,521 BMP-2(K),captured,https://i.postimg.cc/zBJ4yRy2/1009-bmp2-dam-capt.jpg,2022-10-07,3202,7551,2,7-320275512
Russia,Soviet Union,521 BMP-2(K),captured,https://i.postimg.cc/52X4tThQ/1000-bmp2-capt.jpg,2022-10-07,3202,7552,2,7-320275522
Russia,Soviet Union,521 BMP-2(K),captured,https://i.postimg.cc/7LTZKdXr/1010-bmp2-capt.jpg,2022-10-07,3202,7553,2,7-320275532
Russia,Soviet Union,521 BMP-2(K),captured,https://i.postimg.cc/xjPTpKG8/1011-bmp2-capt.jpg,2022-10-07,3202,7554,2,7-320275542
Russia,Russia,521 KamAZ 6x6,captured,https://i.postimg.cc/25pkZfgv/1012-kamaz6x6-capt.jpg,2022-10-30,3203,7560,2,7-320375602
Russia,Russia,523 KamAZ 6x6,captured,https://i.postimg.cc/yxFbqm3T/1021-2x-kamaz6x6-dam-capt.jpg,2022-11-01,3205,7563,2,7-320575632
Russia,Russia,524 Ural-4320,captured,https://i.postimg.cc/MThD1B6p/1018-ural4320-dam-capt.jpg,2022-11-30,3206,7570,2,7-320675702
Russia,Soviet Union,525 BMP-2(K),captured,https://i.postimg.cc/vHnnSZkY/1005-bmp2-capt.jpg,2022-10-08,3207,7571,2,7-320775712
Russia,Soviet Union,525 BMP-2(K),captured,https://i.postimg.cc/8cRvK1PX/1015-bmp2-capt.jpg,2022-10-08,3207,7572,2,7-320775722
Russia,Soviet Union,525 BMP-2(K),captured,https://i.postimg.cc/zXkTv7hg/1019-bmp2-capt.jpg,2022-10-08,3207,7573,2,7-320775732
Russia,Russia,526 Ural-4320,captured,https://i.postimg.cc/NMyQNXmN/1011-Ural-4320-capt.jpg,2022-12-02,3208,7575,2,7-320875752
Russia,Soviet Union,527 BMP-2(K),captured,https://i.postimg.cc/g2yWPyV2/1004-bmp2-capt.jpg,2022-10-09,3209,7577,2,7-320975772
Russia,Russia,529 Ural-4320,captured,https://i.postimg.cc/fW87NgCW/1027-Ural-4320-capt.jpg,2022-12-05,3211,7591,2,7-321175912
Russia,Soviet Union,53 152mm 2A65 Msta-B howitzer,captured,https://i.postimg.cc/Kzxp2XWv/1036-msta-b-capt.jpg,2022-10-10,3215,7601,2,7-321576012
Russia,Russia,53 BMD-4M,captured,https://i.postimg.cc/NfryXnSw/1032-BMD4-M.jpg,2022-07-28,3217,7609,2,7-321776092
Russia,Russia,53 R-149MA1 command and staff vehicle,captured,https://i.postimg.cc/fbQcNH7P/2022-09-24-R-149-MA1-384.jpg,2022-09-27,3218,7611,2,7-321876112
Russia,Russia,531 Ural-4320,captured,https://i.postimg.cc/RV1rpsTF/1011-ural4320-capt.jpg,2022-12-08,3230,7633,2,7-323076332
Russia,Soviet Union,532 BMP-2(K),captured,https://i.postimg.cc/cH7ZbKjZ/BMP-2-captured.png,2022-10-11,3231,7635,2,7-323176352
Russia,Russia,536 KamAZ 6x6,captured,https://i.postimg.cc/Tw3mRKmh/1002-kamaz6x6-capt-6-11.jpg,2022-11-08,3235,7649,2,7-323576492
Russia,Soviet Union,537 BMP-2(K),captured,https://i.postimg.cc/pTPbsMST/1018-bmp2-capt.jpg,2022-10-13,3236,7651,2,7-323676512
Russia,Russia,539 KamAZ 6x6,captured,https://i.postimg.cc/SszGPD5M/1008-kamaz6x6-dam-capt.jpg,2022-11-10,3237,7653,2,7-323776532
Russia,Soviet Union,54 152mm 2S3(M) Akatsiya,captured,https://i.postimg.cc/nrRJr8kh/1023-2s3-akatsiya.jpg,2022-09-11,3241,7657,2,7-324176572
Russia,Soviet Union,54 152mm 2S3(M) Akatsiya,captured,https://i.postimg.cc/X780hggN/1019-2s3.jpg,2022-09-11,3241,7658,2,7-324176582
Russia,Soviet Union,54 152mm 2S3(M) Akatsiya,captured,https://i.postimg.cc/GhrCqfGS/1022-msta-s.jpg,2022-09-11,3241,7659,2,7-324176592
Russia,Russia,54 R-149MA1 command and staff vehicle,captured,https://i.postimg.cc/QdBYb8c1/1014-btr82a-R-149-MA1-capt.png,2022-10-01,3244,7663,2,7-324476632
Russia,Soviet Union,54 T-62M,captured,https://i.postimg.cc/bJ7wHhYW/4477.png,2023-04-12,3245,7664,2,7-324576642
Russia,Soviet Union,54 T-62M,captured,https://i.postimg.cc/YCYjXjLR/66988.png,2023-04-12,3245,7665,2,7-324576652
Russia,Soviet Union,54 T-62M,captured,https://i.postimg.cc/3RSgKWBp/33211.png,2023-04-12,3245,7666,2,7-324576662
Russia,Soviet Union,54 T-62M,captured,https://i.postimg.cc/zDP8jG93/1006-t62m-capt-30-11-22.jpg,2023-05-12,3245,7667,2,7-324576672
Russia,Soviet Union,54 T-80BV,captured,https://i.postimg.cc/vZft2pYF/1010.jpg,2022-07-24,3246,7672,2,7-324676722
Russia,Russia,54 T-80BVM,captured,https://i.postimg.cc/FKrZysss/1028-t80bvm-capt.jpg,2022-10-20,3247,7673,2,7-324776732
Russia,Soviet Union,545 BMP-2(K),captured,https://i.postimg.cc/gJcV6ZnW/1018-bmp2-capt.jpg,2022-10-16,3250,7683,2,7-325076832
Russia,Soviet Union,545 BMP-2(K),captured,https://i.postimg.cc/HLz5Hk3P/1054-bmp2-capt.jpg,2022-10-16,3250,7684,2,7-325076842
Russia,Soviet Union,545 BMP-2(K),captured,https://i.postimg.cc/B6vFvfVZ/1056-bmp2-capt.jpg,2022-10-16,3250,7685,2,7-325076852
Russia,Soviet Union,545 BMP-2(K),captured,https://twitter.com/UAWeapons/status/1581301356123811841,2022-10-16,3250,7686,2,7-325076862
Russia,Russia,548 Ural-4320,captured,https://i.postimg.cc/RhNMYrZH/2022-04-04-Ural-4320-damaged-and-captured-Novyi-Bykiv.jpg,2022-12-09,3252,7702,2,7-325277022
Russia,Russia,548 Ural-4320,captured,https://i.postimg.cc/K88JKHLk/2022-03-01-Ural-4320-captured-Sumy.jpg,2022-12-09,3252,7703,2,7-325277032
Russia,Russia,548 Ural-4320,captured,https://i.postimg.cc/pXNCSh8Z/1008-Ural-4320-capt-12-10.jpg,2022-12-09,3252,7704,2,7-325277042
Russia,Soviet Union,55 152mm 2A65 Msta-B howitzer,captured,https://i.postimg.cc/VLThwSLR/1002-msta-b-capt.jpg,2022-10-16,3257,7717,2,7-325777172
Russia,Soviet Union,55 152mm 2S3(M) Akatsiya,captured,https://twitter.com/UAWeapons/status/1568901256038567938,2022-09-12,3258,2632,2,7-325826322
Russia,Russia,55 R-149MA1 command and staff vehicle,captured,https://i.postimg.cc/1tyw4znz/2022-09-12-R-149-MA1.jpg,2022-09-22,3261,7724,2,7-326177242
Russia,Russia,55 T-80BVM,captured,https://twitter.com/UAWeapons/status/1584210907332083713,2022-10-24,3266,7731,2,7-326677312
Russia,Russia,550 KamAZ 6x6,captured,https://i.postimg.cc/vZJws8rB/1000-kamaz6x6-captured.jpg,2022-11-12,3269,7740,2,7-326977402
Russia,Russia,550 KamAZ 6x6,captured,https://i.postimg.cc/zDxmfFC4/1030-kamaz6x6-capt.jpg,2022-11-12,3269,7741,2,7-326977412
Russia,Russia,550 KamAZ 6x6,captured,https://i.postimg.cc/fbkTfw9R/t3.png,2022-11-12,3269,7742,2,7-326977422
Russia,Russia,550 KamAZ 6x6,captured,https://i.postimg.cc/WpQPQSVF/1014-kamaz-6x6-capt.jpg,2022-11-12,3269,7743,2,7-326977432
Russia,Russia,557 Ural-4320,captured,https://i.postimg.cc/JhZnNckN/4f2.png,2022-12-21,3277,7765,2,7-327777652
Russia,Russia,56 T-80BVM,captured,https://twitter.com/UAWeapons/status/1589003470040100869,2022-11-08,3290,7791,2,7-329077912
Russia,Soviet Union,56 UAZ-452 van,captured,https://i.postimg.cc/Px1fJyJk/1003-UAZ-452-capt-15-09-22.jpg,2023-07-24,3291,7794,2,7-329177942
Russia,Russia,560 Ural-4320,captured,https://i.postimg.cc/8kmSYDW8/1020-ural4320-capt-09-04-22.jpg,2023-01-01,3294,7807,2,7-329478072
Russia,Russia,566 KamAZ 6x6,captured,https://i.postimg.cc/BQYVYNRf/1027-kamaz6x6-capt.jpg,2022-11-16,3300,7818,2,7-330078182
Russia,Soviet Union,57 152mm 2A65 Msta-B howitzer,captured,https://twitter.com/UAWeapons/status/1582098520143974401,2022-10-18,3309,7834,2,7-330978342
Russia,Soviet Union,57 152mm 2S3(M) Akatsiya,captured,https://twitter.com/UAWeapons/status/1569229447093702657,2022-09-13,3310,2634,2,7-331026342
Russia,Soviet Union,57 152mm 2S3(M) Akatsiya,captured,https://twitter.com/UAWeapons/status/1569427484025946113,2022-09-13,3310,7835,2,7-331078352
Russia,Russia,572 Ural-4320,captured,https://i.postimg.cc/cCvb3dPV/1020-ural4320-dam-capt-14-11-22.jpg,2023-01-12,3318,7851,2,7-331878512
Russia,Russia,572 Ural-4320,captured,https://i.postimg.cc/Zqm2Qtyd/1013-ural4320-capt-31-03-22.jpg,2023-01-12,3318,7852,2,7-331878522
Russia,Soviet Union,573 BMP-2(K),captured,https://i.postimg.cc/fRnxkXKP/2022-04-01-bmp-2-2.jpg,2022-10-17,3319,7880,2,7-331978802
Russia,Soviet Union,573 BMP-2(K),captured,https://i.postimg.cc/0j32rY1H/2022-04-01-bmp-2-3.jpg,2022-10-17,3319,7881,2,7-331978812
Russia,Soviet Union,576 BMP-2(K),captured,https://i.postimg.cc/J7k7YTzQ/1006-bmp2-capt.jpg,2022-10-18,3322,7886,2,7-332278862
Russia,Russia,576 Ural-4320,captured,https://i.postimg.cc/3JWJDk3Z/1020-ural4320-capt-02-10-22.jpg,2023-01-21,3323,7889,2,7-332378892
Russia,Russia,576 Ural-4320,captured,https://i.postimg.cc/8kZz5Rg5/1021-ural4320-capt-18-10-22.jpg,2023-01-21,3323,7890,2,7-332378902
Russia,Soviet Union,58 152mm 2S3(M) Akatsiya,captured,https://twitter.com/UAWeapons/status/1569639365655072770,2022-09-14,3328,6961,2,7-332869612
Russia,Soviet Union,58 T-62M,captured,https://i.postimg.cc/sxXST942/1018-t62m-capt-25-11-22.jpg,2023-03-30,3331,7906,2,7-333179062
Russia,Soviet Union,58 T-80BV,captured,https://twitter.com/UAWeapons/status/1554949166467776512,2022-08-05,3333,7909,2,7-333379092
Russia,Soviet Union,580 BMP-2(K),captured,https://i.postimg.cc/R0CFgDY4/1005-bmp2-capt.jpg,2022-10-19,3335,7915,2,7-333579152
Russia,Soviet Union,580 BMP-2(K),captured,https://i.postimg.cc/L4gsQfxY/1011-bmp2-capt.jpg,2022-10-19,3335,7916,2,7-333579162
Russia,Russia,580 KamAZ 6x6,captured,https://i.postimg.cc/J7Jf6cqN/1013-kamaz-6x6-capt.jpg,2022-11-28,3336,7923,2,7-333679232
Russia,Russia,581 KamAZ 6x6,captured,https://i.postimg.cc/dVB4gDB5/1023-kamaz-dam-capt.jpg,2022-11-30,3338,7928,2,7-333879282
Russia,Soviet Union,582 BMP-2(K),captured,https://i.postimg.cc/Jz3hxk8C/1007-bmp2-capt.jpg,2022-10-20,3339,7930,2,7-333979302
Russia,Russia,582 Ural-4320,captured,https://i.postimg.cc/QNkkPG7c/1012-ural4320-capt-23-01-23.jpg,2023-01-24,3340,7932,2,7-334079322
Russia,Soviet Union,585 BMP-2(K),captured,https://i.postimg.cc/qv97BSD9/1005-bmp2-capt.jpg,2022-10-22,3342,7934,2,7-334279342
Russia,Soviet Union,585 BMP-2(K),captured,https://i.postimg.cc/mZwh3dhH/1006-bmp2-capt.jpg,2022-10-22,3342,7935,2,7-334279352
Russia,Soviet Union,588 BMP-2(K),captured,https://i.postimg.cc/Y2zpnvGn/1001-2x-bmp2-capt.jpg,2022-10-24,3346,7956,2,7-334679562
Russia,Russia,588 KamAZ 6x6,captured,https://i.postimg.cc/cHZ7spPC/1009-kamaz-6x6-capt.jpg,2022-12-05,3347,7958,2,7-334779582
Russia,Soviet Union,589 BMP-2(K),captured,https://i.postimg.cc/yx9C1Rj1/1003-bmp2-capt.jpg,2022-11-02,3348,7961,2,7-334879612
Russia,Soviet Union,589 BMP-2(K),captured,https://i.postimg.cc/tgmKFkmR/1010-bmp2-capt.jpg,2022-11-02,3348,7962,2,7-334879622
Russia,Soviet Union,589 BMP-2(K),captured,https://i.postimg.cc/RV20rmSc/04-01-2022-BMP-2-Captured-Trostianets.png,2022-11-02,3348,7963,2,7-334879632
Russia,Soviet Union,59 122mm BM-21 Grad,captured,https://i.postimg.cc/ZR7VdSvP/1027-bm21.jpg,2022-09-08,3350,7968,2,7-335079682
Russia,Soviet Union,59 152mm 2S3(M) Akatsiya,captured,https://twitter.com/UAWeapons/status/1570420216957440001,2022-09-16,3352,7970,2,7-335279702
Russia,Russia,59 R-149MA1 command and staff vehicle,captured,https://twitter.com/Poutsup/status/1580257159769571328,2022-10-16,3355,7973,2,7-335579732
Russia,Russia,59 R-149MA1 command and staff vehicle,captured,https://i.postimg.cc/X7R081F4/1018-R-149-MA1-capt.jpg,2022-10-16,3355,7974,2,7-335579742
Russia,Soviet Union,594 BMP-2(K),captured,https://twitter.com/UAWeapons/status/1586753104363638792,2022-11-01,3365,7999,2,7-336579992
Russia,Soviet Union,594 BMP-2(K),captured,https://i.postimg.cc/htsmhXqP/1011-bmp2-capt.jpg,2022-11-01,3365,8000,2,7-336580002
Russia,Russia,594 Ural-4320,captured,https://i.postimg.cc/vHKvyCnM/1302-ural4320-capt-04-04-22.jpg,2023-02-21,3367,8011,2,7-336780112
Russia,Russia,595 KamAZ 6x6,captured,https://i.postimg.cc/NGHvmf9R/1010-kamaz-6x6-capt.jpg,2022-12-08,3368,8012,2,7-336880122
Russia,Soviet Union,596 BMP-2(K),captured,https://i.postimg.cc/qqqJxtXb/10-05-2022-BMP-2-captured-Kherson-region.png,2022-10-25,3370,8017,2,7-337080172
Russia,Soviet Union,596 BMP-2(K),captured,https://i.postimg.cc/k4rmf6fn/1002-bmp2-capt.jpg,2022-10-25,3370,8018,2,7-337080182
Russia,Soviet Union,6 100mm MT-12 anti-tank gun,captured,https://i.postimg.cc/c4m22Vn1/1004-mt-12-capt.jpg,2022-10-16,3376,8033,2,7-337680332
Russia,Soviet Union,6 152mm 2S5 Giatsint-S,captured,https://twitter.com/UAWeapons/status/1571185439502962688,2022-09-18,3379,8036,2,7-337980362
Russia,Soviet Union,6 152mm 2S5 Giatsint-S,captured,https://i.postimg.cc/X7Y4HBp7/1001-2s5.jpg,2022-09-18,3379,8037,2,7-337980372
Russia,Russia,6 9A331 TLAR (for 9K331 Tor-M1),captured,https://twitter.com/UAWeapons/status/1568224082503802881,2022-09-10,3384,8042,2,7-338480422
Russia,Russia,6 9A331M TLAR (for 9K332 Tor-M2),captured,https://i.postimg.cc/j54cx58N/1018-9-A331-M-TLAR-for-Tor-M2-capt.jpg,2022-10-09,3385,8043,2,7-338580432
Russia,Soviet Union,6 Coastal link pontoon (for floating unified railway bridge-ribbon MLZh-VF-VT),captured,https://i.postimg.cc/0j9xShMR/1000-Coastal-link-pontoon-for-floating-unified-railway-bridge-ribbon-MLZh-VF-VT-capt-16-09-22.jpg,2024-01-23,3391,8052,2,7-339180522
Russia,Soviet Union,6 Coastal link pontoon (for floating unified railway bridge-ribbon MLZh-VF-VT),captured,https://i.postimg.cc/Y96MhtSz/1001-Coastal-link-pontoon-for-floating-unified-railway-bridge-ribbon-MLZh-VF-VT-capt-16-09-22.jpg,2024-01-23,3391,8053,2,7-339180532
Russia,Soviet Union,6 Coastal link pontoon (for floating unified railway bridge-ribbon MLZh-VF-VT),captured,https://i.postimg.cc/GpscnFwN/1058-Coastal-link-pontoon-for-floating-unified-railway-bridge-ribbon-MLZh-VF-VT-capt-16-09-22.jpg,2024-01-23,3391,8054,2,7-339180542
Russia,Soviet Union,6 Coastal link pontoon (for floating unified railway bridge-ribbon MLZh-VF-VT),captured,https://i.postimg.cc/V6QzfJzN/1059-Coastal-link-pontoon-for-floating-unified-railway-bridge-ribbon-MLZh-VF-VT-capt-16-09-22.jpg,2024-01-23,3391,8055,2,7-339180552
Russia,Russia,6 Eleron T28ME,captured,https://i.postimg.cc/yxmbVy9W/1007-Eleron-T28-ME-Eleron-7-reconnaissance-UAV-capt-18-06-24.jpg,2024-06-20,3392,8056,2,7-339280562
Russia,Russia,6 KamAZ-5350 with KS-45719-7M crane,captured,https://i.postimg.cc/QCJWDwSM/1003-Kam-AZ-5350-with-KS-45719-7-M-crane.jpg,2022-09-10,3395,8059,2,7-339580592
Russia,Soviet Union,6 MT-LBM 6MB,captured,https://i.postimg.cc/fbVXKPHF/1018-MT-LB-6-MB-capt-18-01-23.jpg,2023-01-21,3402,8067,2,7-340280672
Russia,Soviet Union,6 T-62MV,captured,https://i.postimg.cc/Tws21jVg/1001-t62mv-capt.jpg,2022-10-20,3408,8073,2,7-340880732
Russia,Soviet Union,6 T-62MV,captured,https://i.postimg.cc/1RgwHJjx/1002-t62mv-capt.jpg,2022-10-20,3408,8074,2,7-340880742
Russia,Soviet Union,6 T-62MV,captured,https://i.postimg.cc/J074zcv2/1010-t62mv-capt.jpg,2022-10-30,3408,8075,2,7-340880752
Russia,Russia,6 T-72BA,captured,https://i.postimg.cc/bvKbbG1N/1003.jpg,2022-07-16,3409,8076,2,7-340980762
Russia,Russia,6 T-72BA,captured,https://i.postimg.cc/D0DT1XGd/1006-t72ba.jpg,2022-08-20,3409,8077,2,7-340980772
Russia,Russia,6 ZALA 421-16Е2 reconnaissance UAV,captured,https://twitter.com/UAWeapons/status/1576500730478764032,2022-10-03,3425,8094,2,7-342580942
Russia,Soviet Union,6 ZSU-23-4 Shilka,captured,https://twitter.com/UAWeapons/status/1568353478149292032,2022-09-10,3426,8096,2,7-342680962
Russia,Soviet Union,60 152mm 2A65 Msta-B howitzer,captured,https://i.postimg.cc/RZxCkVbD/1000-msta-b-capt.jpg,2022-10-29,3430,8103,2,7-343081032
Russia,Soviet Union,60 152mm 2S3(M) Akatsiya,captured,https://i.postimg.cc/595f9PS7/1006-2s3-akatsiya.jpg,2022-09-17,3431,8104,2,7-343181042
Russia,Russia,60 BMD-4M,captured,https://i.postimg.cc/CxGLCNhQ/2022-03-04-BMD-4-M-captured-Hostomel.jpg,2022-12-09,3432,8105,2,7-343281052
Russia,Russia,601 BTR-82A(M),captured,https://i.postimg.cc/2SMnhGBR/1031-btr82a-capt-31-10-22.jpg,2024-01-09,3439,8142,2,7-343981422
Russia,Soviet Union,606 BMP-2(K),captured,https://i.postimg.cc/RZ0rKsXp/1013-bmp2-capt-6-11.jpg,2022-11-08,3446,8188,2,7-344681882
Russia,Soviet Union,606 BMP-2(K),captured,https://i.postimg.cc/sxFyJYvQ/1006-bmp2-capt-7-11.jpg,2022-11-08,3446,8189,2,7-344681892
Russia,Soviet Union,606 BMP-2(K),captured,https://twitter.com/UAWeapons/status/1589590305158107137,2022-11-08,3446,4438,2,7-344644382
Russia,Russia,606 Ural-4320,captured,https://i.postimg.cc/CMXgWTfv/1013-ural4320-capt-13-03-23.jpg,2023-03-20,3448,8195,2,7-344881952
Russia,Soviet Union,607 BMP-2(K),captured,https://i.postimg.cc/WtL7HfSQ/1004-bmp2-capt.jpg,2022-11-09,3449,8196,2,7-344981962
Russia,Soviet Union,609 BMP-2(K),captured,https://i.postimg.cc/v8fzL25R/1007-2x-bmp2-capt.jpg,2022-11-10,3452,8203,2,7-345282032
Russia,Russia,609 BTR-82A(M),captured,https://i.postimg.cc/Dw5gPC8t/1045-btr82a-capt-01-10-22.jpg,2024-01-24,3453,8207,2,7-345382072
Russia,Soviet Union,61 122mm BM-21 Grad,captured,https://i.postimg.cc/43SsyRyt/1000-bm21.jpg,2022-09-09,3455,8212,2,7-345582122
Russia,Soviet Union,61 122mm BM-21 Grad,captured,https://i.postimg.cc/FKBjwrRR/1015-bm21-grad.jpg,2022-09-09,3455,8213,2,7-345582132
Russia,Soviet Union,61 152mm 2A65 Msta-B howitzer,captured,https://i.postimg.cc/L57pxBf6/1019-msta-b-capt.jpg,2022-11-01,3457,8215,2,7-345782152
Russia,Soviet Union,61 152mm 2S3(M) Akatsiya,captured,https://twitter.com/UAWeapons/status/1571180289560297476,2022-09-18,3458,2496,2,7-345824962
Russia,Russia,61 Ural-43206,captured,https://i.postimg.cc/pTWyyTGW/1142-Ural-43206-captured.jpg,2022-07-28,3465,8235,2,7-346582352
Russia,Russia,610 BTR-82A(M),captured,https://i.postimg.cc/P5gt8TwB/1036-btr82a-capt-30-09-22.jpg,2024-04-24,3467,8243,2,7-346782432
Russia,Russia,611 Ural-4320,captured,https://i.postimg.cc/HWXXPmZc/1004-ural4320-capt-07-10-22.jpg,2023-03-22,3468,8247,2,7-346882472
Russia,Russia,612 KamAZ 6x6,captured,https://i.postimg.cc/Jzcg1cmK/1005-kamaz6x6-capt-24-09.jpg,2022-12-09,3469,8259,2,7-346982592
Russia,Russia,612 KamAZ 6x6,captured,https://i.postimg.cc/vThpW6mG/2022-04-13-Kam-AZ-6x6-captured.jpg,2022-12-09,3469,8260,2,7-346982602
Russia,Soviet Union,617 BMP-2(K),captured,https://i.postimg.cc/mgH9jkZv/1007-bmp2-capt-27-10.jpg,2022-11-12,3474,8286,2,7-347482862
Russia,Russia,618 Ural-4320,captured,https://i.postimg.cc/yNMPL8LX/1300.png,2023-03-26,3476,8298,2,7-347682982
Russia,Russia,618 Ural-4320,captured,https://i.postimg.cc/gjtNKchd/5413.png,2023-03-26,3476,8299,2,7-347682992
Russia,Soviet Union,62 122mm BM-21 Grad,captured,https://twitter.com/UAWeapons/status/1568224082503802881,2022-09-10,3477,8042,2,7-347780422
Russia,Soviet Union,62 152mm 2A65 Msta-B howitzer,captured,https://i.postimg.cc/s24WYqxj/1015-msta-b-capt.jpg,2022-11-12,3479,8301,2,7-347983012
Russia,Soviet Union,62 152mm 2S3(M) Akatsiya,captured,https://i.postimg.cc/596nHfVj/2022-09-11-2-S3.jpg,2022-09-19,3480,8302,2,7-348083022
Russia,Russia,62 R-149MA1 command and staff vehicle,captured,https://i.postimg.cc/2SBtfPrv/2022-09-30-R-149-MA1.png,2022-10-18,3483,8309,2,7-348383092
Russia,Russia,62 R-149MA1 command and staff vehicle,captured,https://i.postimg.cc/pT66ndrm/1005-r149ma1-capt.jpg,2022-11-02,3483,8310,2,7-348383102
Russia,Russia,62 T-80BVM,captured,https://i.postimg.cc/hG5kw26r/1006-t80bvm-captured-and-stripped.jpg,2022-11-28,3487,8316,2,7-348783162
Russia,Russia,62 T-80BVM,captured,https://i.postimg.cc/NfVhpKMn/1000-t80bvm-capt.jpg,2022-11-28,3487,8317,2,7-348783172
Russia,Russia,62 Ural-43206,captured,https://i.postimg.cc/MKxHdbD5/1007-ural-43206.jpg,2022-07-30,3490,8322,2,7-349083222
Russia,Russia,620 Ural-4320,captured,https://i.postimg.cc/7YXHbnQC/44311.png,2023-03-28,3493,8328,2,7-349383282
Russia,Russia,622 KamAZ 6x6,captured,https://i.postimg.cc/90MQgWjZ/1021-kamaz6x6-capt.jpg,2022-12-15,3495,8339,2,7-349583392
Russia,Russia,622 KamAZ 6x6,captured,https://i.postimg.cc/P5BvL8nc/1002-kamaz6x6-capt.jpg,2022-12-15,3495,8340,2,7-349583402
Russia,Soviet Union,625 BMP-2(K),captured,https://i.postimg.cc/hP6HWNwQ/1024-bmp2-capt.jpg,2022-11-13,3499,8356,2,7-349983562
Russia,Soviet Union,625 BMP-2(K),captured,https://i.postimg.cc/3xGzKn5S/1008-bmp2-capt.jpg,2022-11-13,3499,8357,2,7-349983572
Russia,Russia,629 KamAZ 6x6,captured,https://i.postimg.cc/T33BKY7m/c6.png,2022-12-23,3506,8381,2,7-350683812
Russia,Russia,63 R-149MA1 command and staff vehicle,captured,https://i.postimg.cc/ht7ZMCwd/1011-R149-MA1-capt.jpg,2022-10-25,3513,8394,2,7-351383942
Russia,Russia,63 R-149MA1 command and staff vehicle,captured,https://twitter.com/UAWeapons/status/1590771444002488320,2022-11-12,3513,8395,2,7-351383952
Russia,Soviet Union,63 T-80BV,captured,https://twitter.com/UAWeapons/status/1561729247223418880,2022-08-23,3515,8397,2,7-351583972
Russia,Russia,63 Ural-43206,captured,https://i.postimg.cc/9F3SwNRP/1007-ural43206.jpg,2022-08-04,3518,8401,2,7-351884012
Russia,Soviet Union,630 BMP-2(K),captured,https://i.postimg.cc/ZYNFNHx5/1001-bmp2-capt-14-11.jpg,2022-11-16,3519,8404,2,7-351984042
Russia,Soviet Union,634 BMP-2(K),captured,https://i.postimg.cc/zBRpC5fs/1001-bmp2-capt.jpg,2022-11-22,3524,8419,2,7-352484192
Russia,Soviet Union,634 BMP-2(K),captured,https://i.postimg.cc/DfLBm2Hs/1007-bmp2-capt.jpg,2022-11-22,3524,8420,2,7-352484202
Russia,Soviet Union,635 BMP-2(K),captured,https://i.postimg.cc/Xq4bFz4G/1004-bmp2-capt.jpg,2022-11-24,3526,8424,2,7-352684242
Russia,Russia,635 Ural-4320,captured,https://i.postimg.cc/Y92ydH9P/779.png,2023-04-08,3527,8428,2,7-352784282
Russia,Russia,635 Ural-4320,captured,https://postlmg.cc/s1YqhLmS,2023-04-08,3527,8429,2,7-352784292
Russia,Russia,637 KamAZ 6x6,captured,https://i.postimg.cc/66YS9DXy/1020-kamaz-6x6-capt-01-01-23.jpg,2023-01-06,3531,8447,2,7-353184472
Russia,Russia,639 Ural-4320,captured,https://i.postimg.cc/7hg0Xgmc/687.png,2023-04-17,3535,8454,2,7-353584542
Russia,Soviet Union,64 152mm 2S3(M) Akatsiya,captured,https://twitter.com/Poutsup/status/1572255014046818306,2022-09-22,3539,8462,2,7-353984622
Russia,Russia,64 T-80BVM,captured,https://i.postimg.cc/DZ4Snh33/t0.png,2022-12-23,3545,8471,2,7-354584712
Russia,Russia,643 KamAZ 6x6,captured,https://i.postimg.cc/YqQHyMTz/1031-kamaz6x6-capt-19-03-22.jpg,2023-01-10,3551,8490,2,7-355184902
Russia,Soviet Union,647 BMP-2(K),captured,https://i.postimg.cc/439HV9jy/1009-bmp2-dam-capt.jpg,2022-11-30,3554,8500,2,7-355485002
Russia,Soviet Union,649 BMP-2(K),captured,https://i.postimg.cc/m2D2McBy/1005-bmp2-capt.jpg,2022-12-05,3558,8513,2,7-355885132
Russia,Russia,649 Ural-4320,captured,https://i.postimg.cc/xCzNhLF7/1005-ural4320-capt-05-11-22.jpg,2023-04-24,3560,8518,2,7-356085182
Russia,Soviet Union,65 122mm BM-21 Grad,captured,https://i.postimg.cc/jqDdtNLQ/1009-bm21.jpg,2022-09-11,3563,8524,2,7-356385242
Russia,Soviet Union,65 122mm BM-21 Grad,captured,https://i.postimg.cc/nrjWgnVB/1011-bm21.jpg,2022-09-11,3563,8525,2,7-356385252
Russia,Soviet Union,65 122mm BM-21 Grad,captured,https://i.postimg.cc/Y0tKKV9b/1012-bm21.jpg,2022-09-11,3563,8526,2,7-356385262
Russia,Soviet Union,65 152mm 2A65 Msta-B howitzer,captured,https://i.postimg.cc/90BMsYQ0/1004-msta-b-dam-capt.jpg,2022-11-14,3565,8529,2,7-356585292
Russia,Soviet Union,65 152mm 2A65 Msta-B howitzer,captured,https://twitter.com/UAWeapons/status/1591883021598310400,2022-11-14,3565,8528,2,7-356585282
Russia,Soviet Union,65 152mm 2S3(M) Akatsiya,captured,https://i.postimg.cc/NfDNdhyR/1002-2s3.jpg,2022-09-23,3566,8530,2,7-356685302
Russia,Soviet Union,65 152mm 2S3(M) Akatsiya,captured,https://i.postimg.cc/0Qwqc9f4/2-S3-Izium.png,2022-09-30,3566,8531,2,7-356685312
Russia,Russia,65 R-149MA1 command and staff vehicle,captured,https://i.postimg.cc/kMTPR1dq/1006-R-149-MA1-capt.jpg,2022-11-28,3570,8537,2,7-357085372
Russia,Russia,65 Ural-43206,captured,https://i.postimg.cc/V6TWTXc8/1165-Ural-43206.jpg,2022-08-23,3575,8546,2,7-357585462
Russia,Russia,65 Ural-43206,captured,https://i.postimg.cc/htbzRKg3/1166-Ural-43206.jpg,2022-08-23,3575,8547,2,7-357585472
Russia,Soviet Union,652 BMP-2(K),captured,https://i.postimg.cc/HsgQQRwy/1013-bmp2-capt.jpg,2022-12-06,3579,8561,2,7-357985612
Russia,Russia,653 Ural-4320,captured,https://i.postimg.cc/cJy6ZNxn/1025-ural4320-capt-10-09-22.jpg,2023-05-02,3581,8572,2,7-358185722
Russia,Russia,655 KamAZ 6x6,captured,https://i.postimg.cc/YCCRyjvx/1012-kamaz6x6-capt-21-10-22.jpg,2023-01-22,3583,8575,2,7-358385752
Russia,Russia,655 KamAZ 6x6,captured,https://i.postimg.cc/vmpvBz3P/1015-Kam-AZ-6x6-capt-02-03-22.jpg,2023-01-22,3583,8576,2,7-358385762
Russia,Russia,655 KamAZ 6x6,captured,https://i.postimg.cc/YqkbYdkZ/1017-kamaz6x6-capt-20-01-23.jpg,2023-01-22,3583,8577,2,7-358385772
Russia,Russia,659 Ural-4320,captured,https://i.postimg.cc/P5Df3vD2/1003-ural4320-capt-05-05-23.jpg,2023-05-12,3590,8600,2,7-359086002
Russia,Soviet Union,66 152mm 2S3(M) Akatsiya,captured,https://postimg.cc/4nY4TPyy,2022-10-02,3593,8604,2,7-359386042
Russia,Russia,66 R-149MA1 command and staff vehicle,captured,https://i.postimg.cc/hGDPP7gN/1016-R149-MA1-capt.jpg,2022-11-30,3596,8608,2,7-359686082
Russia,Soviet Union,66 T-80BV,captured,https://twitter.com/Danspiun/status/1563497026880282635,2022-08-30,3598,8611,2,7-359886112
Russia,Soviet Union,66 T-80BV,captured,https://twitter.com/UAWeapons/status/1563968461998641154,2022-08-30,3598,8612,2,7-359886122
Russia,Russia,66 T-80BVM,captured,https://i.postimg.cc/sxq0VQ80/1022-t80bvm-capt-08-01-23.jpg,2023-01-10,3599,8613,2,7-359986132
Russia,Russia,664 Ural-4320,captured,https://i.postimg.cc/VNhvshHQ/1069-ural4320-capt-14-05-23.jpg,2023-05-17,3608,8634,2,7-360886342
Russia,Soviet Union,666 BMP-2(K),captured,https://i.postimg.cc/NGm00wMJ/1007-bmp2-capt.jpg,2022-12-13,3610,8640,2,7-361086402
Russia,Soviet Union,67 152mm 2A65 Msta-B howitzer,captured,https://twitter.com/UAWeapons/status/1592967105892462592,2022-11-18,3620,8656,2,7-362086562
Russia,Russia,67 R-149MA1 command and staff vehicle,captured,https://i.postimg.cc/HLwGZths/1013-R-149-MA1-dam-capt.jpg,2022-12-02,3623,8659,2,7-362386592
Russia,Soviet Union,67 T-80BV,captured,https://twitter.com/UAWeapons/status/1564716856950366208,2022-08-31,3626,8663,2,7-362686632
Russia,Soviet Union,670 BMP-2(K),captured,https://i.postimg.cc/3xVp7SQL/1007-bmp2-capt.jpg,2022-12-17,3632,8669,2,7-363286692
Russia,Soviet Union,670 BMP-2(K),captured,https://i.postimg.cc/qgVHKyny/1010-BMP-2-capt-27-12-22.jpg,2022-12-30,3632,8671,2,7-363286712
Russia,Soviet Union,670 BMP-2(K),captured,https://i.postimg.cc/fbwZ5cPv/1016-bmp2-capt-31-10-22.jpg,2022-12-30,3632,8672,2,7-363286722
Russia,Russia,671 Ural-4320,captured,https://i.postimg.cc/gJdYM2NW/1053-ural4320-capt-22-05-23.jpg,2023-05-23,3636,8686,2,7-363686862
Russia,Soviet Union,675 BMP-2(K),captured,https://i.postimg.cc/XvMf6LQW/1012-bmp2-capt-01-01-23.jpg,2023-01-04,3642,8706,2,7-364287062
Russia,Soviet Union,678 BMP-2(K),captured,https://i.postimg.cc/9QjFp5wL/1007-bmp2-capt-04-01-23.jpg,2023-01-06,3648,8716,2,7-364887162
Russia,Soviet Union,678 BMP-2(K),captured,https://i.postimg.cc/Sx7Q1TWk/1008-bmp2-capt-xx-12-22.jpg,2023-01-06,3648,8717,2,7-364887172
Russia,Soviet Union,678 BMP-2(K),captured,https://i.postimg.cc/RCknjYnH/1011-bmp2-capt-05-01-23.jpg,2023-01-06,3648,8718,2,7-364887182
Russia,Russia,678 BTR-82A(M),captured,https://i.postimg.cc/pLyDV7k5/1028-BTR-82-A-M-capt-30-09-22.jpg,2024-08-28,3649,8721,2,7-364987212
Russia,Soviet Union,68 152mm 2A65 Msta-B howitzer,captured,https://i.postimg.cc/j2XDFpD3/1015-2-A65-Msta-B-capt.jpg,2022-11-19,3654,8728,2,7-365487282
Russia,Soviet Union,68 152mm 2S3(M) Akatsiya,captured,https://i.postimg.cc/BQwMrVLt/1003-2s3-capt.jpg,2022-10-12,3655,8729,2,7-365587292
Russia,Soviet Union,68 152mm 2S3(M) Akatsiya,captured,https://postimg.cc/rDVJvy9p,2022-10-12,3655,8730,2,7-365587302
Russia,Russia,68 Ural-43206,captured,https://twitter.com/UAWeapons/status/1568641127577751553,2022-09-11,3662,6377,2,7-366263772
Russia,Russia,682 Ural-4320,captured,https://i.postimg.cc/RZzM9s1J/1006-ural4320-destr-27-05-23.jpg,2023-06-04,3667,8747,2,7-366787472
Russia,Russia,682 Ural-4320,captured,https://i.postimg.cc/6QWt48m9/1027-ural4320-destr-01-06-23.jpg,2023-06-04,3667,8748,2,7-366787482
Russia,Russia,682 Ural-4320,captured,https://i.postimg.cc/HncpWFPX/1033-ural4320-destr-02-06-23.jpg,2023-06-04,3667,8749,2,7-366787492
Russia,Russia,683 KamAZ 6x6,captured,https://i.postimg.cc/5NPYPv9z/1003-kamaz6x6-capt-dam-17-02-23.jpg,2023-03-09,3668,8751,2,7-366887512
Russia,Russia,686 BTR-82A(M),captured,https://i.postimg.cc/ZnNBFwK8/1035-BTR-82-A-M-capt-30-11-22.jpg,2024-09-09,3671,8761,2,7-367187612
Russia,Russia,688 BTR-82A(M),captured,https://i.postimg.cc/Vk2t1Xyw/1041-BTR-82-A-capt-31-10-22.jpg,2024-09-16,3677,8770,2,7-367787702
Russia,Soviet Union,689 BMP-2(K),captured,https://i.postimg.cc/02qyX4N3/1043-bmp2-capt-19-01-23.jpg,2023-01-21,3679,8782,2,7-367987822
Russia,Soviet Union,69 152mm 2A65 Msta-B howitzer,captured,https://i.postimg.cc/vZ8Jh4PM/1002-msta-b-capt.jpg,2022-11-21,3683,8788,2,7-368387882
Russia,Soviet Union,691 BMP-2(K),captured,https://i.postimg.cc/1RJGqJjW/1011-bmp2-capt-17-09-22.jpg,2023-01-22,3693,8802,2,7-369388022
Russia,Soviet Union,691 BMP-2(K),captured,https://i.postimg.cc/Fzs06L7g/1025-bmp2-capt-20-01-23.jpg,2023-01-22,3693,8803,2,7-369388032
Russia,Russia,692 KamAZ 6x6,captured,https://i.postimg.cc/sxw8yGsn/1013-kamaz6x6-dam-capt-06-10-22.jpg,2023-03-16,3696,8810,2,7-369688102
Russia,Russia,692 KamAZ 6x6,captured,https://i.postimg.cc/ZnTg1xtB/1012-kamaz6x6-capt-31-03-22.jpg,2023-03-16,3696,8811,2,7-369688112
Russia,Russia,692 Ural-4320,captured,https://i.postimg.cc/dtVM7Rbz/1012-ural4320-capt-12-06-23.jpg,2023-06-14,3697,8815,2,7-369788152
Russia,Soviet Union,7 100mm MT-12 anti-tank gun,captured,https://i.postimg.cc/rmvCS2HL/1000-mt12-capt-21-10.jpg,2022-11-18,3703,8833,2,7-370388332
Russia,Russia,7 122mm 2B17 Tornado-G,captured,https://i.postimg.cc/GpHTZxy2/1098-grad.png,2022-08-23,3705,8835,2,7-370588352
Russia,Soviet Union,7 152mm 2A36 Giatsint-B,captured,https://twitter.com/UAWeapons/status/1591878699577647108,2022-11-14,3706,8836,2,7-370688362
Russia,Soviet Union,7 BMD-1KSh-A command vehicle,captured,https://i.postimg.cc/RhWXND0f/1000-BMD-1-KSh-A-capt.jpg,2022-10-16,3714,8842,2,7-371488422
Russia,Soviet Union,7 BMD-1KSh-A command vehicle,captured,https://i.postimg.cc/9XkLvCxB/1023-BMD-1-KSh-A.jpg,2022-10-16,3714,8843,2,7-371488432
Russia,Russia,7 BMP-2M,captured,https://twitter.com/UAWeapons/status/1575883289679667200,2022-10-01,3718,8849,2,7-371888492
Russia,Russia,7 Eleron T28ME,captured,https://i.postimg.cc/63Bk0stW/1011-Eleron-T28-ME-Eleron-7-reconnaissance-UAV-capt-12-06-24.jpg,2024-07-15,3722,8858,2,7-372288582
Russia,Russia,7 Feniks,captured,https://i.postimg.cc/wxDjfz8J/1148-Feniks-reconnaissance-UAV-capt-21-09-24.jpg,2024-10-22,3723,8859,2,7-372388592
Russia,Russia,7 R-149AKSh-1 command and signals vehicle,captured,https://twitter.com/UAWeapons/status/1567925068134506496,2022-09-09,3730,3983,2,7-373039832
Russia,Russia,7 T-72BA,captured,https://i.postimg.cc/hjHCk489/1014-t72ba.jpg,2022-09-11,3736,8872,2,7-373688722
Russia,Russia,7 T-90M,captured,https://twitter.com/UAWeapons/status/1599145281538641920,2022-12-05,3738,8874,2,7-373888742
Russia,Soviet Union,7 UAZ-469 jeep,captured,https://i.postimg.cc/1tx1VCKR/1088-UAZ-469.jpg,2022-07-28,3741,8878,2,7-374188782
Russia,Russia,7 Ural-63704-0010 Tornado-U,captured,https://twitter.com/UAWeapons/status/1568628787457433600,2022-09-14,3745,6712,2,7-374567122
Russia,Russia,7 ZALA 421-16Е2,captured,https://twitter.com/UAWeapons/status/1621901318318088194,2023-02-07,3747,8887,2,7-374788872
Russia,Soviet Union,7 ZSU-23-4 Shilka,captured,https://i.postimg.cc/P56KnDN3/1001-zsu23-4-shilka-capt.jpg,2022-11-13,3749,8889,2,7-374988892
Russia,Soviet Union,70 122mm BM-21 Grad,captured,https://twitter.com/UAWeapons/status/1569410346791706630,2022-09-13,3750,8890,2,7-375088902
Russia,Soviet Union,70 122mm BM-21 Grad,captured,https://twitter.com/UAWeapons/status/1569347140035518466,2022-09-13,3750,8891,2,7-375088912
Russia,Soviet Union,70 152mm 2S19 Msta-S,captured,https://twitter.com/UAWeapons/status/1569639365655072770,2022-09-14,3752,6961,2,7-375269612
Russia,Soviet Union,70 152mm 2S3(M) Akatsiya,captured,https://i.postimg.cc/Kv6xvXYP/1055-2s3-2x-capt.jpg,2022-10-16,3753,8893,2,7-375388932
Russia,Russia,70 R-149MA1 command and staff vehicle,captured,https://i.postimg.cc/L6S1qWf0/1017-r149ma1-capt.jpg,2022-12-06,3755,8896,2,7-375588962
Russia,Russia,70 Ural-43206,captured,https://i.postimg.cc/Bvr4Dqdt/j46.png,2022-09-15,3764,8916,2,7-376489162
Russia,Russia,700 KamAZ 6x6,captured,https://i.postimg.cc/CL8g0PGw/1012-kamaz6x6-capt-13-03-23.jpg,2023-03-20,3765,8918,2,7-376589182
Russia,Russia,700 KamAZ 6x6,captured,https://i.postimg.cc/T1zvmg68/1014-kamaz6x6-capt-13-03-23.jpg,2023-03-20,3765,8919,2,7-376589192
Russia,Russia,700 KamAZ 6x6,captured,https://i.postimg.cc/vZLwg42j/1016-kamaz6x6-capt-22-09-22.jpg,2023-03-20,3765,8920,2,7-376589202
Russia,Russia,705 KamAZ 6x6,captured,https://i.postimg.cc/Bvgv8954/3321.png,2023-03-26,3768,8932,2,7-376889322
Russia,Russia,705 KamAZ 6x6,captured,https://postimg.cc/NKMzZjc7,2023-04-03,3768,8937,2,7-376889372
Russia,Russia,705 KamAZ 6x6,captured,https://i.postimg.cc/gkHWjBwT/66530.png,2023-04-03,3768,8938,2,7-376889382
Russia,Russia,705 KamAZ 6x6,captured,https://i.postimg.cc/0NDRgWqn/242.png,2023-04-03,3768,8939,2,7-376889392
Russia,Russia,708 KamAZ 6x6,captured,https://i.postimg.cc/QM6qV1kj/7768.png,2023-03-28,3773,8947,2,7-377389472
Russia,Russia,708 KamAZ 6x6,captured,https://i.postimg.cc/QxNsLWxj/3153.png,2023-03-28,3773,8948,2,7-377389482
Russia,Russia,71 KamAZ 6x6 tanker,captured,https://i.postimg.cc/xTn8ghb3/1135-kamaz-fuel.jpg,2022-08-23,3778,8959,2,7-377889592
Russia,Soviet Union,71 T-72B Obr. 1989,captured,https://twitter.com/UAWeapons/status/1575217795385950208,2022-09-29,3781,8962,2,7-378189622
Russia,Soviet Union,71 T-72B Obr. 1989,captured,https://i.postimg.cc/8sggs0Kg/1003-t72-1989.jpg,2022-09-29,3781,8963,2,7-378189632
Russia,Soviet Union,71 T-72B Obr. 1989,captured,https://i.postimg.cc/sgGtMBw2/1003-t72b1989-capt-20-01-23.jpg,2023-01-22,3781,8964,2,7-378189642
Russia,Soviet Union,71 T-80BV,captured,https://twitter.com/Danspiun/status/1566477992401977344,2022-09-05,3782,8966,2,7-378289662
Russia,Russia,71 Ural-43206,captured,https://i.postimg.cc/TPkx2pw3/2022-09-15-Ural-43206.png,2022-09-17,3786,8971,2,7-378689712
Russia,Soviet Union,72 122mm BM-21 Grad,captured,https://twitter.com/UAWeapons/status/1570137029349883904,2022-09-15,3797,6531,2,7-379765312
Russia,Soviet Union,72 122mm BM-21 Grad,captured,https://postimg.cc/YjW1DDbW,2022-09-19,3797,9018,2,7-379790182
Russia,Soviet Union,72 152mm 2A65 Msta-B howitzer,captured,https://twitter.com/UAWeapons/status/1600968524993769472,2022-12-11,3798,9019,2,7-379890192
Russia,Soviet Union,72 BTR-D,captured,https://i.postimg.cc/FFD4cJny/2700.jpg,2023-05-23,3800,9026,2,7-380090262
Russia,Soviet Union,72 T-80BV,captured,https://i.postimg.cc/fR8yKN6V/1013-t80bv.jpg,2022-09-08,3805,9034,2,7-380590342
Russia,Soviet Union,73 152mm 2A65 Msta-B howitzer,captured,https://i.postimg.cc/HnWp18cb/1016-msta-b-capt-capt-31-03-22.jpg,2023-01-12,3819,9072,2,7-381990722
Russia,Russia,73 R-149MA1 command and staff vehicle,captured,https://i.postimg.cc/tRkC0z9x/1020-R-149-MA1-capt-17-08-22.jpg,2023-01-04,3820,9073,2,7-382090732
Russia,Soviet Union,734 BMP-2(K),captured,https://i.postimg.cc/Pf8S3vxw/1006-bmp2-capt-06-02-23.jpg,2023-02-12,3831,9119,2,7-383191192
Russia,Soviet Union,737 BMP-2(K),captured,https://i.postimg.cc/1tnJHd6d/1000-bmp2-capt-10-02-23.jpg,2023-02-13,3833,9126,2,7-383391262
Russia,Russia,737 KamAZ 6x6,captured,https://i.postimg.cc/JhFzWXy8/1021-kamaz6x6-capt-30-04-22.jpg,2023-05-06,3834,9132,2,7-383491322
Russia,Soviet Union,74 152mm 2A65 Msta-B howitzer,captured,https://i.postimg.cc/wBMXPmnZ/1000-msta-b-capt-13-01-23.jpg,2023-01-16,3838,9141,2,7-383891412
Russia,Soviet Union,74 152mm 2S19 Msta-S,captured,https://postimg.cc/HJFBNZXC,2022-09-15,3839,9143,2,7-383991432
Russia,Soviet Union,74 152mm 2S19 Msta-S,captured,https://twitter.com/UAWeapons/status/1569962727392813057,2022-09-15,3839,9144,2,7-383991442
Russia,Soviet Union,74 152mm 2S19 Msta-S,captured,https://postimg.cc/Mvk7GZHm,2022-09-15,3839,9145,2,7-383991452
Russia,Russia,74 KamAZ 6x6 tanker,captured,https://i.postimg.cc/nhGfLKP0/1000-kamaz-tanker.jpg,2022-09-22,3843,9156,2,7-384391562
Russia,Soviet Union,74 T-72B Obr. 1989,captured,https://twitter.com/UAWeapons/status/1576608068133351425,2022-10-03,3845,9159,2,7-384591592
Russia,Soviet Union,746 BMP-2(K),captured,https://i.postimg.cc/L6t8g25P/1017-bmp2-dam-capt-16-02-23.jpg,2023-02-18,3855,9197,2,7-385591972
Russia,Soviet Union,746 BMP-2(K),captured,https://i.postimg.cc/zfczYfts/1028-bmp2-capt-17-02-23.jpg,2023-02-18,3855,9198,2,7-385591982
Russia,Russia,75 R-149MA1 command and staff vehicle,captured,https://i.postimg.cc/RFLsS9wp/1022-R-149-MA1-capt-30-11-22.jpg,2023-05-02,3864,9224,2,7-386492242
Russia,Soviet Union,755 BMP-2(K),captured,https://i.postimg.cc/3wgdtFBY/1009-bmp2-dam-capt-23-02-23.jpg,2023-02-24,3875,9249,2,7-387592492
Russia,Soviet Union,76 122mm BM-21 Grad,captured,https://i.postimg.cc/PJBtqvym/1018-bm21.jpg,2022-09-28,3879,9254,2,7-387992542
Russia,Soviet Union,76 152mm 2S19 Msta-S,captured,https://twitter.com/UAWeapons/status/1572507658879631360,2022-09-22,3881,9257,2,7-388192572
Russia,Soviet Union,76 T-80BV,captured,https://twitter.com/Blue_Sauron/status/1568895598777991169,2022-09-12,3886,4141,2,7-388641412
Russia,Russia,76 Ural-43206,captured,https://i.postimg.cc/HxQDqpw4/2022-09-13-Ural-43206-2.jpg,2022-09-22,3890,9270,2,7-389092702
Russia,Russia,76 Ural-43206,captured,https://i.postimg.cc/C1tW2cRL/1001-ural-tanker.jpg,2022-09-22,3890,9271,2,7-389092712
Russia,Russia,760 KamAZ 6x6,captured,https://i.postimg.cc/J4X1fVXW/1022-Kam-AZ-6x6-capt-29-05-23.jpg,2023-06-04,3893,9278,2,7-389392782
Russia,Russia,761 KamAZ 6x6,captured,https://i.postimg.cc/kghMthDS/1013-kamaz6x6-capt-30-11-22.jpg,2023-06-01,3895,9287,2,7-389592872
Russia,Russia,768 KamAZ 6x6,captured,https://i.postimg.cc/cJxKj1mF/1002-kamaz6x6-capt-13-06-23.jpg,2023-06-16,3901,9299,2,7-390192992
Russia,Soviet Union,77 152mm 2S3(M) Akatsiya,captured,https://i.postimg.cc/Hs5DXdG1/2022-04-10-2-S3-Captured-Yahidne-Chernihiv.jpg,2022-10-25,3908,9313,2,7-390893132
Russia,Russia,77 T-80BVM,captured,https://i.postimg.cc/MTxMwmws/2500.jpg,2023-05-12,3916,9332,2,7-391693322
Russia,Soviet Union,775 BMP-2(K),captured,https://i.postimg.cc/3RgMmgNK/1038-bmp2-dam-capt-05-03-23.jpg,2023-03-07,3923,9350,2,7-392393502
Russia,Soviet Union,775 BMP-2(K),captured,https://i.postimg.cc/qvbpvXhS/1024-bmp2-capt-31-03-23.jpg,2023-03-07,3923,9351,2,7-392393512
Russia,Soviet Union,78 152mm 2S3(M) Akatsiya,captured,https://i.postimg.cc/q7scFQcQ/1018-2s3-capt.jpg,2022-10-26,3929,9360,2,7-392993602
Russia,Russia,783 KamAZ 6x6,captured,https://i.postimg.cc/SRm3Dv7Z/1030-Kam-AZ-6x6-capt-30-11-22.jpg,2023-06-28,3943,9390,2,7-394393902
Russia,Soviet Union,789 BMP-2(K),captured,https://i.postimg.cc/kXJ7WWHp/1027-bmp2-capt-12-10-22.jpg,2023-03-16,3950,9404,2,7-395094042
Russia,Soviet Union,789 BMP-2(K),captured,https://i.postimg.cc/sDTsmvdD/1028-bmp2-capt-12-10-22.jpg,2023-03-16,3950,9405,2,7-395094052
Russia,Soviet Union,79 122mm BM-21 Grad,captured,https://i.postimg.cc/R0wcBGnP/1012-bm21-capt.jpg,2022-10-04,3952,9407,2,7-395294072
Russia,Russia,79 KamAZ 6x6 tanker,captured,https://i.postimg.cc/MGNqLr79/1000-kamaz-tanker-dam-capt.jpg,2022-10-06,3956,9412,2,7-395694122
Russia,Russia,79 T-80BVM,captured,https://i.postimg.cc/bNbT5wgq/1005-t80bvm-capt-24-05-23.png,2023-05-26,3962,9423,2,7-396294232
Russia,Russia,790 KamAZ 6x6,captured,https://i.postimg.cc/8c8bkv0Y/1004-kamaz6x6-capt-31-03-23.jpg,2023-07-10,3967,9433,2,7-396794332
Russia,Russia,799 Ural-4320,captured,https://i.postimg.cc/zGFyWwVS/23.png,2023-09-26,3971,9449,2,7-397194492
Russia,Soviet Union,8 120mm 2B16 Nona-K howitzer,captured,https://twitter.com/UAWeapons/status/1554068137083117569,2022-08-04,3973,9451,2,7-397394512
Russia,Russia,8 122mm 2B17 Tornado-G,captured,https://twitter.com/UAWeapons/status/1568899249688952833,2022-09-12,3974,6427,2,7-397464272
Russia,Soviet Union,8 152mm 2A36 Giatsint-B,captured,https://twitter.com/UAWeapons/status/1592637435485519872,2022-11-16,3975,9453,2,7-397594532
Russia,Soviet Union,8 1V14 battery command and forward observer vehicle,captured,https://postimg.cc/ZBZZ2kjm,2022-09-15,3977,9455,2,7-397794552
Russia,Soviet Union,8 1V14 battery command and forward observer vehicle,captured,https://i.postimg.cc/Qx92WtWg/1028-1v14.jpg,2022-09-15,3977,9456,2,7-397794562
Russia,Soviet Union,8 82mm 2B9 Vasilek automatic gun mortar,captured,https://i.postimg.cc/cCcFbq8C/55440.png,2023-09-11,3980,9459,2,7-398094592
Russia,Russia,8 BMP-2M,captured,https://i.postimg.cc/y8DRWbGV/2219.png,2022-10-06,3986,9465,2,7-398694652
Russia,Russia,8 BMP-2M,captured,https://twitter.com/UAWeapons/status/1577686060473225217,2022-10-06,3986,9466,2,7-398694662
Russia,Russia,8 BMP-2M,captured,https://twitter.com/UAWeapons/status/1577738971286749184,2022-10-06,3986,9467,2,7-398694672
Russia,Russia,8 K-53949 Linza,captured,https://twitter.com/UAWeapons/status/1568899249688952833,2022-09-12,3991,6427,2,7-399164272
Russia,Russia,8 KamAZ-5350 with armoured cab,captured,https://twitter.com/UAWeapons/status/1567969237377101825,2022-09-09,3992,9472,2,7-399294722
Russia,Russia,8 KMV-10V boom crane truck,captured,https://i.postimg.cc/pdjRDfPX/1005-KMV-10-V-crane-truck-capt-24-02-22.jpg,2024-08-28,3996,9476,2,7-399694762
Russia,Soviet Union,8 T-62M,captured,https://twitter.com/UAWeapons/status/1576910090447179777,2022-10-04,4003,9485,2,7-400394852
Russia,Soviet Union,8 T-62MV,captured,https://twitter.com/UAWeapons/status/1591010484287049730,2022-11-12,4004,9486,2,7-400494862
Russia,Russia,8 Ural-63704-0010 Tornado-U,captured,https://i.postimg.cc/sfcY995s/1030-ural-tornado-u.jpg,2022-09-15,4014,9499,2,7-401494992
Russia,Soviet Union,80 BTR-80,captured,https://i.postimg.cc/mDzdbQLf/1019-btr80.jpg,2022-09-09,4018,9503,2,7-401895032
Russia,Russia,80 KamAZ 6x6 tanker,captured,https://i.postimg.cc/QNvPG9Mq/1005-kamax-tanker-capt.jpg,2022-10-16,4019,9505,2,7-401995052
Russia,Russia,80 T-80U,captured,https://twitter.com/UAWeapons/status/1569973201358176258,2022-09-15,4024,9512,2,7-402495122
Russia,Soviet Union,804 BMP-2(K),captured,https://i.postimg.cc/mDKS62Vy/13p.png,2023-03-26,4030,9532,2,7-403095322
Russia,Soviet Union,804 BMP-2(K),captured,https://postlmg.cc/gnLCkc2f,2023-03-26,4030,9533,2,7-403095332
Russia,Soviet Union,811 BMP-2(K),captured,https://i.postimg.cc/gch17HLN/448.png,2023-04-04,4040,9553,2,7-404095532
Russia,Soviet Union,811 BMP-2(K),captured,https://postimg.cc/mPHvd9Sy,2023-04-11,4040,9556,2,7-404095562
Russia,Soviet Union,811 BMP-2(K),captured,https://i.postimg.cc/rmVZHhNg/669.png,2023-04-11,4040,9557,2,7-404095572
Russia,Soviet Union,811 BMP-2(K),captured,https://postlmg.cc/w3rKpRgX,2023-04-11,4040,9558,2,7-404095582
Russia,Soviet Union,811 BMP-2(K),captured,https://i.postimg.cc/BQmMBC8y/665g.png,2023-04-16,4040,9560,2,7-404095602
Russia,Soviet Union,812 BMP-2(K),captured,https://i.postimg.cc/mkvKZ3Rg/1004-bmp2-capt-26-03-23.jpg,2023-03-30,4041,9562,2,7-404195622
Russia,Soviet Union,812 BMP-2(K),captured,https://i.postimg.cc/fbxTtQFn/1002-bmp2m-capt-04-04-23.jpg,2023-04-05,4041,9563,2,7-404195632
Russia,Soviet Union,813 BMP-2(K),captured,https://i.postimg.cc/y8MXKdsq/43fp.png,2023-04-22,4042,9576,2,7-404295762
Russia,Soviet Union,815 BMP-2(K),captured,https://i.postimg.cc/sgD3bx0c/1019-bmp2-capt-02-05-23.jpg,2023-05-06,4045,9590,2,7-404595902
Russia,Russia,82 Ural-43206,captured,https://i.postimg.cc/Z56ZJdHb/1043-Ural-43206-capt.jpg,2022-10-10,4055,9608,2,7-405596082
Russia,Soviet Union,821 BMP-2(K),captured,https://i.postimg.cc/26Wgj1jJ/1040-bmp2-capt-10-05-23.jpg,2023-05-11,4056,9613,2,7-405696132
Russia,Russia,824 KamAZ 6x6,captured,https://i.postimg.cc/MKX6jV9N/1016-Kam-AZ-6x6-capt-05-05-22.jpg,2023-07-24,4059,9621,2,7-405996212
Russia,Soviet Union,83 122mm BM-21 Grad,captured,https://i.postimg.cc/c4rLLMBS/1039-bm21-grad-capt.jpg,2022-10-16,4068,9635,2,7-406896352
Russia,Soviet Union,83 152mm 2A65 Msta-B howitzer,captured,https://i.postimg.cc/J7TBtT9F/1016-msta-b-capt-19-04-22.jpg,2023-03-30,4069,9636,2,7-406996362
Russia,Soviet Union,83 BTR-80,captured,https://twitter.com/UAWeapons/status/1568204161782620164,2022-09-10,4070,9637,2,7-407096372
Russia,Soviet Union,83 BTR-80,captured,https://i.postimg.cc/cCtyQKLn/1020-btr80.jpg,2022-09-10,4070,9638,2,7-407096382
Russia,Soviet Union,83 BTR-80,captured,https://i.postimg.cc/j5g8zKFp/1018-btr80.jpg,2022-09-10,4070,9639,2,7-407096392
Russia,Soviet Union,83 T-64BV,captured,https://i.postimg.cc/3rSShVmH/1109-t64bv-capt-and-later-destr-01-07-22.jpg,2024-04-21,4071,9640,2,7-407196402
Russia,Russia,83 T-80U,captured,https://twitter.com/UAWeapons/status/1570479830562672640,2022-09-16,4074,9649,2,7-407496492
Russia,Russia,83 T-80U,captured,https://twitter.com/UAWeapons/status/1571501699348430849,2022-09-19,4074,9650,2,7-407496502
Russia,Russia,83 Ural-43206,captured,https://i.postimg.cc/0QCjJH9p/Ural-43206-captured.png,2022-10-11,4076,9652,2,7-407696522
Russia,Soviet Union,831 BMP-2(K),captured,https://i.postimg.cc/HxnzqZkg/1002-BMP-2-capt-10-05-23.jpg,2023-05-28,4078,9653,2,7-407896532
Russia,Soviet Union,84 152mm 2S3(M) Akatsiya,captured,https://twitter.com/UAWeapons/status/1592509477869088768,2022-11-16,4089,9678,2,7-408996782
Russia,Soviet Union,84 BTR-80,captured,https://twitter.com/UAWeapons/status/1569414094624538628,2022-09-13,4090,9679,2,7-409096792
Russia,Soviet Union,848 BMP-2(K),captured,https://i.postimg.cc/5tF9Q5ng/1006-bmp2-capt-16-06-23.jpg,2023-06-19,4105,9711,2,7-410597112
Russia,Soviet Union,848 BMP-2(K),captured,https://i.postimg.cc/fLnzc3PN/1011-bmp2-capt-17-06-23.jpg,2023-06-19,4105,9712,2,7-410597122
Russia,Soviet Union,848 BMP-2(K),captured,https://i.postimg.cc/d3nJc5Vs/1015-bmp2-capt-18-06-23.jpg,2023-06-19,4105,9713,2,7-410597132
Russia,Soviet Union,85 BTR-80,captured,https://i.postimg.cc/fyDKv0cc/1021.jpg,2022-09-14,4109,9717,2,7-410997172
Russia,Russia,85 T-80U,captured,https://i.postimg.cc/4xQL7g72/1000-t80u.jpg,2022-09-29,4111,9719,2,7-411197192
Russia,Russia,85 Ural-4320 tanker,captured,https://i.postimg.cc/6545h9sc/1017-ural-tanker.jpg,2022-09-09,4114,9723,2,7-411497232
Russia,Soviet Union,850 BMP-2(K),captured,https://i.postimg.cc/7hfXWc8Z/1006-bmp2-dam-capt-30-09-22.jpg,2023-06-23,4115,9725,2,7-411597252
Russia,Soviet Union,858 BMP-2(K),captured,https://i.postimg.cc/K8S8fY0Z/1027-bmp2-capt-22-06-23.jpg,2023-06-25,4119,9738,2,7-411997382
Russia,Soviet Union,858 BMP-2(K),captured,https://i.postimg.cc/054Q6nmK/1008-bmp2-capt-21-06-23.jpg,2023-06-25,4119,9739,2,7-411997392
Russia,Soviet Union,86 152mm 2S3(M) Akatsiya,captured,https://i.postimg.cc/g0FFH74T/1012-2-S3-Akatsiya-capt.jpg,2022-12-02,4125,9749,2,7-412597492
Russia,Russia,86 T-80U,captured,https://i.postimg.cc/N0xBxC8j/2022-04-02-t-80u.jpg,2022-10-17,4128,9755,2,7-412897552
Russia,Russia,86 Ural-4320 tanker,captured,https://i.postimg.cc/cLhWDm1m/1133-Ural-4320-tanker.jpg,2022-07-28,4130,9769,2,7-413097692
Russia,Russia,86 Ural-4320 tanker,captured,https://i.postimg.cc/7ZwDMc4h/1134-Ural-4320-tanker.jpg,2022-07-28,4130,9770,2,7-413097702
Russia,Russia,86 Ural-4320 tanker,captured,https://i.postimg.cc/JhRL94Pf/1026-ural-tanker.jpg,2022-09-10,4130,9771,2,7-413097712
Russia,Russia,86 Ural-4320 tanker,captured,https://twitter.com/UAWeapons/status/1568341095591088130,2022-09-10,4130,6514,2,7-413065142
Russia,Soviet Union,87 T-80BV,captured,https://twitter.com/UAWeapons/status/1569739016995569664,2022-09-14,4148,9805,2,7-414898052
Russia,Soviet Union,87 T-80BV,captured,https://twitter.com/UAWeapons/status/1569736199413309442,2022-09-14,4148,9806,2,7-414898062
Russia,Soviet Union,87 T-80BV,captured,https://twitter.com/UAWeapons/status/1569711880675139585,2022-09-14,4148,9807,2,7-414898072
Russia,Soviet Union,87 T-80BV,captured,https://twitter.com/UAWeapons/status/1569640170562912259,2022-09-14,4148,9808,2,7-414898082
Russia,Soviet Union,87 T-80BV,captured,https://twitter.com/UAWeapons/status/1569639365655072770,2022-09-14,4148,6961,2,7-414869612
Russia,Russia,87 T-80U,captured,https://i.postimg.cc/595rrfGs/1013-t80u-capt-05-Oct-2022.jpg,2022-10-24,4150,9811,2,7-415098112
Russia,Russia,87 Ural-43206,captured,https://i.postimg.cc/pTQMTypz/1007-Ural-43206-capt.jpg,2022-10-16,4152,9813,2,7-415298132
Russia,Russia,87 ZALA Z-16 (421-16Е),captured,https://i.postimg.cc/QMLQ0dwJ/1000-ZALA-Z-16-421-16-reconnaissance-UAV-capt-16-09-24.jpg,2024-09-20,4153,9820,2,7-415398202
Russia,Russia,878 KamAZ 6x6,captured,https://i.postimg.cc/htYWVDvw/1000-kamaz6x6-capt-30-03-22.jpg,2023-10-06,4155,9830,2,7-415598302
Russia,Soviet Union,88 152mm 2S3(M) Akatsiya,captured,https://i.postimg.cc/DZz2frfg/2022-04-05-2-S3-captured.jpg,2022-12-09,4157,9833,2,7-415798332
Russia,Russia,88 KamAZ 6x6 tanker,captured,https://i.postimg.cc/dVr2KjHG/2022-04-05-kamaz-6x6-tanker.jpg,2022-10-18,4158,9838,2,7-415898382
Russia,Soviet Union,88 T-80BV,captured,https://twitter.com/UAWeapons/status/1570165087465525248,2022-09-15,4162,9843,2,7-416298432
Russia,Soviet Union,88 T-80BV,captured,https://twitter.com/UAWeapons/status/1570138425843408896,2022-09-15,4162,6398,2,7-416263982
Russia,Russia,88 T-80U,captured,https://twitter.com/UAWeapons/status/1573968779972907008,2022-09-26,4163,9844,2,7-416398442
Russia,Russia,88 T-80U,captured,https://i.postimg.cc/GtWS2RYB/1007-t80u-dam-capt.jpg,2022-10-28,4163,9845,2,7-416398452
Russia,Soviet Union,89 122mm BM-21 Grad,captured,https://twitter.com/UAWeapons/status/1589961984120098816,2022-11-09,4169,9869,2,7-416998692
Russia,Soviet Union,89 122mm BM-21 Grad,captured,https://twitter.com/UAWeapons/status/1591880238203822080,2022-11-14,4169,9870,2,7-416998702
Russia,Soviet Union,89 BTR-80,captured,https://twitter.com/UAWeapons/status/1570030472595644419,2022-09-15,4173,9875,2,7-417398752
Russia,Soviet Union,89 BTR-80,captured,https://i.postimg.cc/dVvLg914/498.png,2022-09-15,4173,9876,2,7-417398762
Russia,Soviet Union,89 BTR-80,captured,https://twitter.com/JimmySecUK/status/1569972968641499136,2022-09-15,4173,4543,2,7-417345432
Russia,Soviet Union,89 BTR-80,captured,https://i.postimg.cc/brdKgYVh/1007-btr80.jpg,2022-09-15,4173,9877,2,7-417398772
Russia,Russia,89 T-80U,captured,https://i.postimg.cc/Gp7V5dDV/1007-t80u-capt.jpg,2022-11-09,4177,9911,2,7-417799112
Russia,Soviet Union,9 100mm MT-12 anti-tank gun,captured,https://i.postimg.cc/ydJZm3wd/1019-mt12-capt.jpg,2022-12-11,4190,9938,2,7-419099382
Russia,Soviet Union,9 120mm 2B16 Nona-K howitzer,captured,https://i.postimg.cc/KvnpNqL9/1010-nona-k-capt.jpg,2022-10-19,4191,9939,2,7-419199392
Russia,Russia,9 122mm 2B17 Tornado-G,captured,https://twitter.com/UAWeapons/status/1569347140035518466,2022-09-13,4192,8891,2,7-419288912
Russia,Soviet Union,9 152mm 2A36 Giatsint-B,captured,https://twitter.com/UAWeapons/status/1598417166356856833,2022-12-02,4193,9940,2,7-419399402
Russia,Soviet Union,9 1V14 battery command and forward observer vehicle,captured,https://i.postimg.cc/Y0XdW5q3/2022-09-28-1-V14.jpg,2022-10-01,4195,9942,2,7-419599422
Russia,Russia,9 2K22M1 Tunguska,captured,https://twitter.com/UAWeapons/status/1568353478149292032,2022-09-10,4197,8096,2,7-419780962
Russia,Soviet Union,9 82mm 2B9 Vasilek automatic gun mortar,captured,https://i.postimg.cc/c4vBxx7x/1037-2-B9-Vasilek-dam-capt-06-10-23.jpg,2023-10-09,4198,9944,2,7-419899442
Russia,Russia,9 Eleron T28ME,captured,https://i.postimg.cc/HnxzXfKz/1012-Eleron-7-Eleron-T28-ME-reconnaissance-UAV-capt-11-08-24.jpg,2024-08-15,4203,9951,2,7-420399512
Russia,Soviet Union,9 EOV-4421 excavator,captured,https://i.postimg.cc/8cZjpTmQ/1053-EOV-4421-excavator-capt-16-03-22.jpg,2024-06-30,4204,9954,2,7-420499542
Russia,Soviet Union,9 MT-LB with ZU-23 AA gun,captured,https://i.postimg.cc/hPYdwmmY/397.png,2022-09-15,4212,9966,2,7-421299662
Russia,Soviet Union,9 River link pontoon (for PP-2005 floating bridge system),captured,https://i.postimg.cc/rFn9C9tv/1082-River-link-pontoon-for-PP-2005-floating-bridge-system-capt-31-03-22.jpg,2024-01-23,4219,9982,2,7-421999822
Russia,Soviet Union,9 T-62MV,captured,https://i.postimg.cc/Y0dKr79d/1010-t62mv-capt.jpg,2022-11-16,4221,9984,2,7-422199842
Russia,Soviet Union,9 T-72AV,captured,https://i.postimg.cc/fR99sv0Q/1019-t72av-capt.jpg,2022-10-13,4223,9990,2,7-422399902
Russia,Soviet Union,9 T-72AV,captured,https://i.postimg.cc/mrW6qDwc/2022-03-01-T-72-AV-Makoshyne.jpg,2022-12-11,4223,9991,2,7-422399912
Russia,Russia,9 T-72BA,captured,https://i.postimg.cc/YCHvvpBp/1000-t72ba.jpg,2022-09-12,4224,9993,2,7-422499932
Russia,Russia,9 T-72BA,captured,https://i.postimg.cc/j26rmYgX/1002-t72ba.jpg,2022-09-12,4224,9994,2,7-422499942
Russia,Russia,9 Ural-63704-0010 Tornado-U,captured,https://twitter.com/UAWeapons/status/1572671983057510400,2022-09-22,4233,552,2,7-42335522
Russia,Soviet Union,9 ZiL-131,captured,https://i.postimg.cc/tCWmqrwD/2022-09-19-Zi-L-131.jpg,2022-09-22,4235,10006,2,7-4235100062
Russia,Soviet Union,9<U+041C>131 Metis-M,captured,https://i.postimg.cc/Pxdr8VTx/4899.png,2022-03-19,4236,10007,2,7-4236100072
Russia,Soviet Union,9<U+041C>131 Metis-M,captured,https://i.postimg.cc/wvVb8jyG/76m.jpg,2022-03-27,4236,10008,2,7-4236100082
Russia,Soviet Union,9<U+041C>131 Metis-M,captured,https://twitter.com/UAWeapons/status/1509293999500242948,2022-03-31,4236,10009,2,7-4236100092
Russia,Russia,9<U+041C>131F Metis-M1,captured,https://i.postimg.cc/kMwP5WQ0/8k.png,2022-03-19,4237,10010,2,7-4237100102
Russia,Russia,9<U+041C>133 Kornet,captured,https://i.postimg.cc/85dBMQdH/3319.png,2022-03-26,4238,10011,2,7-4238100112
Russia,Soviet Union,90 122mm BM-21 Grad,captured,https://i.postimg.cc/qvLLWYN8/1008-bm21-grad-capt.jpg,2022-11-18,4239,10012,2,7-4239100122
Russia,Soviet Union,90 152mm 2S19 Msta-S,captured,https://i.postimg.cc/8cPsh8ZP/2022-04-12-2s19.jpg,2022-10-18,4240,10016,2,7-4240100162
Russia,Soviet Union,90 BTR-80,captured,https://i.postimg.cc/nr0DG6X5/1005-btr80.jpg,2022-09-16,4242,10020,2,7-4242100202
Russia,Soviet Union,90 MT-LBVM and MT-LBVMK,captured,https://postimg.cc/mP4082r3,2022-08-13,4244,10025,2,7-4244100252
Russia,Soviet Union,90 MT-LBVM and MT-LBVMK,captured,https://postimg.cc/67GLZgKq,2022-08-13,4244,10026,2,7-4244100262
Russia,Soviet Union,90 MT-LBVM and MT-LBVMK,captured,https://postimg.cc/gxW55yxP,2022-08-13,4244,10027,2,7-4244100272
Russia,Soviet Union,90 MT-LBVM and MT-LBVMK,captured,https://postimg.cc/ftbHxBJM,2022-08-13,4244,10028,2,7-4244100282
Russia,Soviet Union,90 MT-LBVM and MT-LBVMK,captured,https://postimg.cc/kVkQ4mk3,2022-08-13,4244,10029,2,7-4244100292
Russia,Soviet Union,90 MT-LBVM and MT-LBVMK,captured,https://postimg.cc/VS2TwTRd,2022-08-13,4244,10030,2,7-4244100302
Russia,Soviet Union,90 MT-LBVM and MT-LBVMK,captured,https://postimg.cc/nsVzGDZH,2022-08-13,4244,10031,2,7-4244100312
Russia,Soviet Union,90 MT-LBVM and MT-LBVMK,captured,https://postimg.cc/kRxTbKK0,2022-08-13,4244,10032,2,7-4244100322
Russia,Soviet Union,90 MT-LBVM and MT-LBVMK,captured,https://postimg.cc/MXQ6LHzg,2022-08-13,4244,10033,2,7-4244100332
Russia,Russia,90 Orlan-10 reconnaissance UAV,captured,https://i.postimg.cc/D06r8GnC/36.png,2022-10-10,4245,10034,2,7-4245100342
Russia,Russia,90 T-80U,captured,https://i.postimg.cc/02QTc2CN/1024-t80u-capt-28-02-22.jpg,2023-01-21,4248,10040,2,7-4248100402
Russia,Russia,90 Ural-4320 tanker,captured,https://twitter.com/UAWeapons/status/1568985785176571913,2022-09-12,4251,7339,2,7-425173392
Russia,Russia,90 Ural-4320 tanker,captured,https://twitter.com/UAWeapons/status/1569043961771163652,2022-09-12,4251,6665,2,7-425166652
Russia,Russia,90 Ural-4320 tanker,captured,https://twitter.com/UAWeapons/status/1569035760333897728,2022-09-12,4251,6428,2,7-425164282
Russia,Russia,90 Ural-43206,captured,https://i.postimg.cc/vm3ZFwDP/1008-ural43206-dam-capt.jpg,2022-10-20,4252,10044,2,7-4252100442
Russia,Soviet Union,903 BMP-2(K),captured,https://i.postimg.cc/Pq0z964t/1017-bmp2-capt-03-04-22.jpg,2023-07-28,4256,10048,2,7-4256100482
Russia,Soviet Union,91 BTR-80,captured,https://twitter.com/UAWeapons/status/1572155780698341376,2022-09-22,4263,387,2,7-42633872
Russia,Soviet Union,91 BTR-80,captured,https://i.postimg.cc/pVZ3zcqT/2022-09-19-BTR-80.jpg,2022-09-22,4263,10069,2,7-4263100692
Russia,Soviet Union,91 BTR-80,captured,https://twitter.com/UAWeapons/status/1576567002726301696,2022-10-03,4263,10071,2,7-4263100712
Russia,Russia,91 Orlan-10 reconnaissance UAV,captured,https://i.postimg.cc/YCSLd5H6/54.png,2022-10-20,4266,10075,2,7-4266100752
Russia,Soviet Union,91 T-62M,captured,https://i.postimg.cc/DZC3vtZM/1033-T-62-M-capt-17-06-24.jpg,2024-06-20,4267,10077,2,7-4267100772
Russia,Soviet Union,91 T-80BV,captured,https://twitter.com/UAWeapons/status/1570506077929877504,2022-09-16,4270,4546,2,7-427045462
Russia,Soviet Union,91 T-80BV,captured,https://twitter.com/UAWeapons/status/1570483175549444098,2022-09-16,4270,10081,2,7-4270100812
Russia,Russia,91 Ural-4320 tanker,captured,https://twitter.com/UAWeapons/status/1569229459240230914,2022-09-13,4275,7342,2,7-427573422
Russia,Russia,917 KamAZ 6x6,captured,https://i.postimg.cc/PrZmG7FL/1023-kamaz6x6-capt-31-03-22.jpg,2024-01-09,4283,10118,2,7-4283101182
Russia,Soviet Union,92 152mm 2S19 Msta-S,captured,https://twitter.com/Poutsup/status/1594400619309432832,2022-11-21,4290,10137,2,7-4290101372
Russia,Soviet Union,92 152mm 2S19 Msta-S,captured,https://twitter.com/UAWeapons/status/1593937205994704898,2022-11-21,4290,10138,2,7-4290101382
Russia,Soviet Union,92 T-80BV,captured,https://twitter.com/UAWeapons/status/1570808949737394178,2022-09-17,4298,10148,2,7-4298101482
Russia,Russia,92 T-80U,captured,https://i.postimg.cc/wxNsmn0H/1018-t80u-capt-07-11-22.jpg,2023-03-07,4300,10155,2,7-4300101552
Russia,Russia,92 T-80U,captured,https://i.postimg.cc/HL2bZ1pP/443f.png,2023-04-12,4300,10156,2,7-4300101562
Russia,Russia,92 Ural-4320 tanker,captured,https://i.postimg.cc/Z50SMBmC/5529.png,2022-09-15,4303,10159,2,7-4303101592
Russia,Russia,92 Ural-43206,captured,https://i.postimg.cc/3xzxBsDb/1008-ural4320-capt.jpg,2022-10-27,4304,10160,2,7-4304101602
Russia,Russia,93 GAZ Tigr-M,captured,https://twitter.com/UAWeapons/status/1575137334529507330,2022-09-29,4317,10070,2,7-4317100702
Russia,Russia,93 KamAZ 6x6 tanker,captured,https://i.postimg.cc/nVdn1m6n/1014-kamaz-tanker-capt.jpg,2022-10-30,4318,10198,2,7-4318101982
Russia,Soviet Union,93 MT-LBVM and MT-LBVMK,captured,https://twitter.com/UAWeapons/status/1566842191485587456,2022-09-05,4319,10199,2,7-4319101992
Russia,Russia,93 Ural-4320 tanker,captured,https://i.postimg.cc/sxKjhZfr/1002-ural-tanker.jpg,2022-09-16,4324,10207,2,7-4324102072
Russia,Soviet Union,939 BMP-2(K),captured,https://i.postimg.cc/ZRgNsZG7/1008-bmp2-capt-22-08-23.jpg,2023-08-26,4328,10234,2,7-4328102342
Russia,Soviet Union,939 BMP-2(K),captured,https://i.postimg.cc/TYbqghKH/1010-bmp2-capt-24-08-23.jpg,2023-08-26,4328,10235,2,7-4328102352
Russia,Soviet Union,94 152mm 2S19 Msta-S,captured,https://i.postimg.cc/g0Yk8YTz/1502-msta-s-destr.jpg,2022-12-31,4330,10241,2,7-4330102412
Russia,Soviet Union,94 BTR-80,captured,https://twitter.com/UAWeapons/status/1576838855927697408,2022-10-04,4331,10242,2,7-4331102422
Russia,Soviet Union,94 BTR-80,captured,https://twitter.com/UAWeapons/status/1577046483278647301,2022-10-04,4331,10243,2,7-4331102432
Russia,Russia,94 GAZ Tigr-M,captured,https://twitter.com/UAWeapons/status/1575449638861152256,2022-09-30,4332,10244,2,7-4332102442
Russia,Soviet Union,94 MT-LBVM and MT-LBVMK,captured,https://i.postimg.cc/TPcRwWK2/1009-MT-LBVM.jpg,2022-09-10,4334,10246,2,7-4334102462
Russia,Russia,94 Ural-4320 tanker,captured,https://i.postimg.cc/cCnXz52N/2022-09-14-Ural-4320-tanker.png,2022-09-17,4340,10252,2,7-4340102522
Russia,Soviet Union,947 BMP-2(K),captured,https://i.postimg.cc/PfLvPxS9/226.png,2023-09-05,4352,10280,2,7-4352102802
Russia,Soviet Union,95 BTR-80,captured,https://twitter.com/UAWeapons/status/1577254750529036288,2022-10-05,4357,1897,2,7-435718972
Russia,Soviet Union,95 MT-LBVM and MT-LBVMK,captured,https://twitter.com/UAWeapons/status/1568899212976201728,2022-09-12,4360,10292,2,7-4360102922
Russia,Russia,95 Ural-4320 tanker,captured,https://i.postimg.cc/vTYhXx2d/2022-09-18-Ural-4320-tanker.png,2022-09-19,4365,10301,2,7-4365103012
Russia,Russia,95 Ural-43206,captured,https://i.postimg.cc/3xKn0s3B/1003-Ural-43206-dam-capt.jpg,2022-11-12,4366,10302,2,7-4366103022
Russia,Soviet Union,952 BMP-2(K),captured,https://i.postimg.cc/3RgGBb5v/76440.png,2023-09-07,4368,10308,2,7-4368103082
Russia,Soviet Union,96 MT-LBVM and MT-LBVMK,captured,https://twitter.com/UAWeapons/status/1569427484025946113,2022-09-13,4376,7835,2,7-437678352
Russia,Russia,96 T-80BVM,captured,https://i.postimg.cc/mg86Vqy2/87.png,2023-08-30,4379,10322,2,7-4379103222
Russia,Soviet Union,97 152mm 2S19 Msta-S,captured,https://i.postimg.cc/vmhmfkVZ/1000-Msta-S-capt-12-01-23.jpg,2023-01-14,4390,10352,2,7-4390103522
Russia,Soviet Union,97 BTR-80,captured,https://i.postimg.cc/mrdswsjp/1028-BTR-80-capt.jpg,2022-10-06,4391,10353,2,7-4391103532
Russia,Soviet Union,97 BTR-80,captured,https://i.postimg.cc/J0rqPjd8/1040-btr80-capt.jpg,2022-10-06,4391,10354,2,7-4391103542
Russia,Russia,97 Ural-4320 tanker,captured,https://i.postimg.cc/gjkfNzCS/2022-09-16-Ural-4320-tanker.jpg,2022-09-22,4398,10365,2,7-4398103652
Russia,Soviet Union,98 122mm BM-21 Grad,captured,https://i.postimg.cc/FFbk6gFJ/1012-bm21-dam-capt-25-12-22.jpg,2022-12-30,4412,10400,2,7-4412104002
Russia,Soviet Union,98 BTR-80,captured,https://i.postimg.cc/x8bC9wQ9/1016-btr80-capt.jpg,2022-10-07,4414,10403,2,7-4414104032
Russia,Soviet Union,98 T-72B Obr. 1989,captured,https://i.postimg.cc/SKw6v5Cs/1003-t72-1989-destr-09-07-22.jpg,2024-02-18,4420,10418,2,7-4420104182
Russia,Russia,98 ZALA Z-16 (421-16Е),captured,https://i.postimg.cc/kXS493Gr/1060-ZALA-Z-16-421-16-reconnaissance-UAV-capt-04-09-24.jpg,2024-09-26,4426,10425,2,7-4426104252
Russia,Soviet Union,989 BMP-2(K),captured,https://i.postimg.cc/hP7xJFTW/1017-BMP-2-capt-10-10-23.jpg,2023-10-12,4433,10441,2,7-4433104412
Russia,Soviet Union,99 MT-LBVM and MT-LBVMK,captured,https://twitter.com/UAWeapons/status/1570808949737394178,2022-09-17,4442,10148,2,7-4442101482
Russia,Soviet Union,99 T-80BV,captured,https://i.postimg.cc/3NfS2jCB/1009-t80bv.jpg,2022-09-20,4444,10462,2,7-4444104622
Russia,Russia,9A316 TEL (for Buk-M2),captured,https://i.postimg.cc/cC3bYzgz/3d.jpg,2022-04-04,4459,10494,2,7-4459104942
Russia,Russia,9A316 TEL (for Buk-M2),captured,https://i.postimg.cc/yYtY083v/y5.jpg,2022-04-07,4459,10495,2,7-4459104952
Russia,Russia,9A316 TEL (for Buk-M2),captured,https://i.postimg.cc/4xw3DhHx/26.png,2022-05-01,4459,10496,2,7-4459104962
Russia,Russia,9A317 TELAR (for Buk-M2),captured,https://i.postimg.cc/wx1tSZzy/48.jpg,2022-04-07,4460,10504,2,7-4460105042
Russia,Soviet Union,9A330 Tor TLAR (for 9K330 Tor-M),captured,https://i.postimg.cc/kg4xSgBn/470.png,2022-03-19,4462,10526,2,7-4462105262
Russia,Soviet Union,9A330 Tor TLAR (for 9K330 Tor-M),captured,https://i.postimg.cc/tCmsLt4j/4f.png,2022-03-19,4462,10527,2,7-4462105272
Russia,Soviet Union,9A330 Tor TLAR (for 9K330 Tor),captured,https://i.postimg.cc/x18N2bPf/g4.jpg,2022-04-06,4463,10528,2,7-4463105282
Russia,Soviet Union,9A330 Tor TLAR (for 9K330 Tor),captured,https://i.postimg.cc/KvJ3w5Bp/g5.jpg,2022-04-06,4463,10529,2,7-4463105292
Russia,Soviet Union,9A330 Tor TLAR (for 9K330 Tor),captured,https://i.postimg.cc/5yY0Q05W/g5.jpg,2022-04-06,4463,10530,2,7-4463105302
Russia,Soviet Union,9A330 Tor TLAR (for 9K330 Tor),captured,https://i.postimg.cc/1XzB0gjR/7j7.png,2022-04-13,4463,10531,2,7-4463105312
Russia,Soviet Union,9A330 Tor TLAR (for 9K330 Tor),captured,https://i.postimg.cc/CMbpsN0w/553.jpg,2022-04-20,4463,10532,2,7-4463105322
Russia,Russia,9A331 TLAR (for 9K331 Tor-M1),captured,https://i.postimg.cc/brZ2rDJN/3561.png,2022-03-19,4464,10541,2,7-4464105412
Russia,Russia,9A331M TLAR (for 9K332 Tor-M2),captured,https://i.postimg.cc/KzsFBDcQ/f3.png,2022-03-19,4465,10553,2,7-4465105532
Russia,Russia,9A331M TLAR (for 9K332 Tor-M2),captured,https://i.postimg.cc/xqrr3rgR/97.png,2022-03-27,4465,10554,2,7-4465105542
Russia,Soviet Union,9K33 Osa,captured,https://i.postimg.cc/ncXNZ3Yr/zx3.png,2022-03-19,4472,10597,2,7-4472105972
Russia,Soviet Union,9K33 Osa,captured,https://i.postimg.cc/pXQz9HB6/67.png,2022-03-19,4472,10598,2,7-4472105982
Russia,Soviet Union,9K33 Osa,captured,https://i.postimg.cc/T2WFt83N/1002-9-K33-Osa-capt.jpg,2022-11-09,4472,10600,2,7-4472106002
Russia,Russia,9K333 Verba,captured,https://i.postimg.cc/J02KQvJG/4322.png,2022-03-19,4473,10619,2,7-4473106192
Russia,Soviet Union,9K35 Strela-10,captured,https://i.postimg.cc/C5cvXW27/6656.png,2022-03-19,4474,10623,2,7-4474106232
Russia,Soviet Union,9K35 Strela-10,captured,https://i.postimg.cc/v8c2krHH/38.png,2022-03-19,4474,10624,2,7-4474106242
Russia,Soviet Union,9K35 Strela-10,captured,https://i.postimg.cc/9F8JTR1K/4f.png,2022-03-19,4474,10625,2,7-4474106252
Russia,Soviet Union,9K35 Strela-10,captured,https://i.postimg.cc/3wsp6BLr/32y.jpg,2022-05-09,4474,10630,2,7-4474106302
Russia,Soviet Union,9K35 Strela-10,captured,https://i.postimg.cc/ZnMFMX3R/1040-9-K35-Strela-10-capt.jpg,2022-10-10,4474,10633,2,7-4474106332
Russia,Soviet Union,9K38 Igla,captured,https://i.postimg.cc/HLgyxQ2D/v2.png,2022-03-19,4475,10672,2,7-4475106722
Russia,Soviet Union,9K38 Igla,captured,https://i.postimg.cc/bvKVcWVk/44433.png,2022-03-19,4475,10673,2,7-4475106732
Russia,Soviet Union,9K38 Igla,captured,https://i.postimg.cc/ZKxBCQvB/36.jpg,2022-03-19,4475,10674,2,7-4475106742
Russia,Soviet Union,9K38 Igla,captured,https://i.postimg.cc/TwV98kgb/4315.png,2022-03-19,4475,10675,2,7-4475106752
Russia,Soviet Union,9M111 Fagot,captured,https://twitter.com/UAWeapons/status/1499400684747165696/photo/4,2022-03-19,4476,10676,2,7-4476106762
Russia,Soviet Union,9M111 Fagot,captured,https://i.postimg.cc/h4mwkPMy/r21.png,2022-03-19,4476,10677,2,7-4476106772
Russia,Soviet Union,9M111 Fagot,captured,https://i.postimg.cc/V6sZ4m3s/33d.jpg,2022-03-19,4476,10678,2,7-4476106782
Russia,Soviet Union,9M113 Konkurs,captured,https://i.postimg.cc/1RfB2NxM/347.png,2022-03-19,4477,10679,2,7-4477106792
Russia,Soviet Union,9M113 Konkurs,captured,https://i.postimg.cc/W4N1CS83/v1.png,2022-03-19,4477,10680,2,7-4477106802
Russia,Soviet Union,9M113 Konkurs,captured,https://i.postimg.cc/bJrQTfV9/874.png,2022-03-19,4477,10681,2,7-4477106812
Russia,Soviet Union,9M113 Konkurs,captured,https://i.postimg.cc/sfc4VWKG/g54.png,2022-03-19,4477,10682,2,7-4477106822
Russia,Soviet Union,9M113 Konkurs,captured,https://i.postimg.cc/2jXwxtBd/v98.png,2022-03-19,4477,10683,2,7-4477106832
Russia,Soviet Union,9M113 Konkurs,captured,https://i.postimg.cc/fT7PD9Wq/f16.png,2022-03-19,4477,10684,2,7-4477106842
Russia,Soviet Union,9M113 Konkurs,captured,https://i.postimg.cc/cLxJ0xJS/f233.png,2022-03-19,4477,10685,2,7-4477106852
Russia,Soviet Union,9M113 Konkurs,captured,https://i.postimg.cc/NjMRMZ82/fds.png,2022-03-19,4477,10686,2,7-4477106862
Russia,Soviet Union,9M113 Konkurs,captured,https://i.postimg.cc/NFcMZCk0/55444.jpg,2022-03-19,4477,10687,2,7-4477106872
Russia,Soviet Union,9M113 Konkurs,captured,https://i.postimg.cc/1tcPVmD9/4435.jpg,2022-03-19,4477,10688,2,7-4477106882
Russia,Soviet Union,9M113 Konkurs,captured,https://i.postimg.cc/ncLZMtrJ/g45.jpg,2022-03-19,4477,10689,2,7-4477106892
Russia,Soviet Union,9M113 Konkurs,captured,https://i.postimg.cc/L8cMyYT9/44f.jpg,2022-03-19,4477,10690,2,7-4477106902
Russia,Soviet Union,9M113 Konkurs,captured,https://i.postimg.cc/V6sZ4m3s/33d.jpg,2022-03-19,4477,10678,2,7-4477106782
Russia,Soviet Union,9M113 Konkurs,captured,https://i.postimg.cc/k4XpdWZb/665.jpg,2022-03-19,4477,10691,2,7-4477106912
Russia,Soviet Union,9M113 Konkurs,captured,https://postlmg.cc/9wrbvXHB,2022-03-31,4477,10692,2,7-4477106922
Russia,Russia,9M113M Konkurs-M,captured,https://i.postimg.cc/R0sQ7kcf/79.png,2022-03-19,4478,10693,2,7-4478106932
Russia,Soviet Union,9P148 Konkurs,captured,https://i.postimg.cc/KYLvDyD2/1007-9-P148-Konkurs-dmg-capt.jpg,2022-10-02,4480,10698,2,7-4480106982
Russia,Soviet Union,9P149 Shturm-S,captured,https://i.postimg.cc/TYcXSg7R/h65.jpg,2022-05-25,4481,10701,2,7-4481107012
Russia,Soviet Union,9P149 Shturm-S,captured,https://i.postimg.cc/NF6wQHQk/h66.jpg,2022-05-25,4481,10702,2,7-4481107022
Russia,Soviet Union,9P149 Shturm-S,captured,https://i.postimg.cc/DyV9PVmv/h7.jpg,2022-06-09,4481,10704,2,7-4481107042
Russia,Soviet Union,9P149 Shturm-S,captured,https://i.postimg.cc/XqDwsNYC/1010.jpg,2022-08-04,4481,10706,2,7-4481107062
Russia,Soviet Union,9P149 Shturm-S ATGM carrier,captured,https://i.postimg.cc/5N0Bfk9M/4gd.png,2022-03-19,4482,10710,2,7-4482107102
Russia,Soviet Union,9P149 Shturm-S ATGM carrier,captured,https://i.postimg.cc/x1RP0Bm9/60.png,2022-03-19,4482,10711,2,7-4482107112
Russia,Soviet Union,9P149 Shturm-S ATGM carrier,captured,https://i.postimg.cc/j58tKX6Z/36.jpg,2022-04-06,4482,10713,2,7-4482107132
Russia,Soviet Union,9P149 Shturm-S ATGM carrier,captured,https://i.postimg.cc/gk7vsT8v/556.jpg,2022-04-10,4482,10714,2,7-4482107142
Russia,Soviet Union,9P149 Shturm-S ATGM carrier,captured,https://i.postimg.cc/NGyCzZHk/69.png,2022-04-17,4482,10715,2,7-4482107152
Russia,Russia,9S18<U+041C>1(-2) (for Buk-M2),captured,https://i.postimg.cc/qMVp7ZP5/579.jpg,2022-04-07,4484,10718,2,7-4484107182
Russia,Russia,9S36 (for Buk-M2),captured,https://i.postimg.cc/9fcs8ZN8/6533.jpg,2022-04-04,4486,10721,2,7-4486107212
Russia,Russia,9S36 (for Buk-M2),captured,https://i.postimg.cc/T2bczB37/5g5.jpg,2022-04-06,4486,10722,2,7-4486107222
Russia,Russia,9S470M1 (or variant thereof) command post (for Buk-M1/2),captured,https://i.postimg.cc/yYjsPKKR/2022-04-20-9-S470-M1.jpg,2022-10-25,4488,10729,2,7-4488107292
Russia,Russia,"9S932-2 intelligence, control and command vehicle (for Barnaul-T)",captured,https://i.postimg.cc/sgRgNPnP/1001-9-S932-2.jpg,2022-08-04,4490,10731,2,7-4490107312
Russia,Soviet Union,9T217 transloader (for 9K33 Osa),captured,https://i.postimg.cc/J7XmSTvF/542g.png,2022-03-19,4491,10733,2,7-4491107332
Russia,Soviet Union,9T217 transloader (for 9K33 Osa),captured,https://twitter.com/UAWeapons/status/1568968911324073984,2022-09-12,4491,10734,2,7-4491107342
Russia,Russia,9T244 transloader (for 9A330/1 Tor),captured,https://i.postimg.cc/x1t6g70s/d34.jpg,2022-04-06,4492,10739,2,7-4492107392
Russia,Russia,9T244 transloader (for 9A330/1 Tor),captured,https://twitter.com/UAWeapons/status/1580118004875939840,2022-10-13,4492,8840,2,7-449288402
Russia,Soviet Union,9T452 transporter-loader (for BM-27 'Uragan' MRL),captured,https://i.postimg.cc/YCyjYGwT/dd3.jpg,2022-04-04,4493,10747,2,7-4493107472
Russia,Soviet Union,9T452 transporter-loader (for BM-27 'Uragan' MRL),captured,https://i.postimg.cc/KvPYBTtf/76.jpg,2022-04-06,4493,10748,2,7-4493107482
Russia,Soviet Union,9T452 transporter-loader (for BM-27 'Uragan' MRL),captured,https://i.postimg.cc/CMrjXScX/78.png,2022-04-10,4493,10750,2,7-4493107502
Russia,Soviet Union,9T452 transporter-loader (for BM-27 'Uragan' MRL),captured,https://i.postimg.cc/Jh5998QP/5588.jpg,2022-04-18,4493,10751,2,7-4493107512
Russia,Soviet Union,9T452 transporter-loader (for BM-27 'Uragan' MRL),captured,https://i.postimg.cc/Nfvm2pYM/47h.jpg,2022-05-01,4493,10752,2,7-4493107522
Russia,Russia,Armoured SUV,captured,https://i.postimg.cc/JhV6T907/329.png,2022-03-19,4497,10796,2,7-4497107962
Russia,Russia,Barnaul-T 9<U+0421>932-1 automated system for air defence units,captured,https://i.postimg.cc/PqBBRwbf/557.png,2022-03-19,4498,10798,2,7-4498107982
Russia,Russia,Barnaul-T 9<U+0421>932-1 automated system for air defence units,captured,https://i.postimg.cc/7ZVjPfT2/3217.png,2022-03-19,4498,10799,2,7-4498107992
Russia,Russia,Barnaul-T 9<U+0421>932-1 automated system for air defence units,captured,https://i.postimg.cc/VL6shSr2/357.jpg,2022-03-27,4498,10800,2,7-4498108002
Russia,Russia,Barnaul-T 9<U+0421>932-1 automated system for air defence units,captured,https://i.postimg.cc/xqDwqCrN/887.jpg,2022-04-01,4498,10801,2,7-4498108012
Russia,Soviet Union,BAT-2 heavy engineering vehicle,captured,https://i.postimg.cc/L43d0fPV/679.jpg,2022-04-13,4500,10806,2,7-4500108062
Russia,Soviet Union,BAT-2 heavy engineering vehicle,captured,https://i.postimg.cc/MTt8ymNz/7j.jpg,2022-05-15,4500,10808,2,7-4500108082
Russia,Soviet Union,BAT-2 heavy engineering vehicle,captured,https://postimg.cc/wtPXX08d,2022-08-13,4500,10810,2,7-4500108102
Russia,Soviet Union,BAT-2 heavy engineering vehicle,captured,https://i.postimg.cc/4dt0n9Cj/1002-bat2.jpg,2022-09-09,4500,10811,2,7-4500108112
Russia,Soviet Union,BMD-2,captured,https://i.postimg.cc/k512QQRG/49.jpg,2022-03-19,4502,10822,2,7-4502108222
Russia,Soviet Union,BMD-2,captured,https://i.postimg.cc/MTmVp6Hz/c5.png,2022-03-19,4502,10842,2,7-4502108422
Russia,Soviet Union,BMD-2,captured,https://i.postimg.cc/rssnsRcT/5799.png,2022-03-19,4502,10843,2,7-4502108432
Russia,Soviet Union,BMD-2,captured,https://i.postimg.cc/bJrQTfV9/874.png,2022-03-19,4502,10681,2,7-4502106812
Russia,Soviet Union,BMD-2,captured,https://i.postimg.cc/85LwdnhZ/4566.png,2022-03-19,4502,10844,2,7-4502108442
Russia,Soviet Union,BMD-2,captured,https://i.postimg.cc/Qtcw1bHZ/Screenshot-8646.png,2022-03-19,4502,10845,2,7-4502108452
Russia,Soviet Union,BMD-2,captured,https://i.postimg.cc/2jXwxtBd/v98.png,2022-03-19,4502,10683,2,7-4502106832
Russia,Soviet Union,BMD-2,captured,https://i.postimg.cc/bwvSFYcs/bu.jpg,2022-03-19,4502,10846,2,7-4502108462
Russia,Soviet Union,BMD-2,captured,https://i.postimg.cc/LsYY2ysS/buu.jpg,2022-03-19,4502,10847,2,7-4502108472
Russia,Soviet Union,BMD-2,captured,https://i.postimg.cc/15tMSgMT/4f21.png,2022-03-19,4502,10848,2,7-4502108482
Russia,Soviet Union,BMD-2,captured,https://i.postimg.cc/SKZ6rySG/j1.jpg,2022-03-19,4502,10849,2,7-4502108492
Russia,Soviet Union,BMD-2,captured,https://i.postimg.cc/Sxf7n6H3/j2.jpg,2022-03-19,4502,10850,2,7-4502108502
Russia,Soviet Union,BMD-2,captured,https://i.postimg.cc/Cxhn6W6r/j10.jpg,2022-03-19,4502,10851,2,7-4502108512
Russia,Soviet Union,BMD-2,captured,https://i.postimg.cc/PqH9BJfW/f36.png,2022-03-19,4502,10852,2,7-4502108522
Russia,Soviet Union,BMD-2,captured,https://i.postimg.cc/gjmQ4Pbz/ff1.png,2022-03-19,4502,10853,2,7-4502108532
Russia,Soviet Union,BMD-2,captured,https://i.postimg.cc/1tcPVmD9/4435.jpg,2022-03-19,4502,10688,2,7-4502106882
Russia,Soviet Union,BMD-2,captured,https://i.postimg.cc/ncLZMtrJ/g45.jpg,2022-03-19,4502,10689,2,7-4502106892
Russia,Soviet Union,BMD-2,captured,https://i.postimg.cc/L8cMyYT9/44f.jpg,2022-03-19,4502,10690,2,7-4502106902
Russia,Soviet Union,BMD-2,captured,https://i.postimg.cc/k4XpdWZb/665.jpg,2022-03-19,4502,10691,2,7-4502106912
Russia,Soviet Union,BMD-2,captured,https://i.postimg.cc/wvHJQgCV/d8.jpg,2022-03-19,4502,10854,2,7-4502108542
Russia,Soviet Union,BMD-2,captured,https://i.postimg.cc/CxQFG5Cj/4369.png,2022-03-19,4502,10855,2,7-4502108552
Russia,Soviet Union,BMD-2,captured,https://i.postimg.cc/qvRPW5Hf/42.png,2022-03-19,4502,10856,2,7-4502108562
Russia,Soviet Union,BMD-2,captured,https://i.postimg.cc/Jh4jNvgF/43100.png,2022-03-19,4502,10857,2,7-4502108572
Russia,Soviet Union,BMD-2,captured,https://i.postimg.cc/mkFD3yBJ/g3.png,2022-03-19,4502,10858,2,7-4502108582
Russia,Soviet Union,BMD-2,captured,https://i.postimg.cc/KjKZnxbf/42d.png,2022-03-19,4502,10859,2,7-4502108592
Russia,Soviet Union,BMD-2,captured,https://i.postimg.cc/8cbYfsyx/752.png,2022-03-19,4502,10860,2,7-4502108602
Russia,Soviet Union,BMD-2,captured,https://i.postimg.cc/C1yFN0XM/4682.png,2022-03-19,4502,10861,2,7-4502108612
Russia,Soviet Union,BMD-2,captured,https://i.postimg.cc/13b7j5j8/f6.jpg,2022-03-19,4502,10862,2,7-4502108622
Russia,Soviet Union,BMD-2,captured,https://i.postimg.cc/brzKpBC8/4311.png,2022-03-31,4502,10873,2,7-4502108732
Russia,Soviet Union,BMD-2,captured,https://i.postimg.cc/v8PQY7S5/31d.png,2022-04-01,4502,10876,2,7-4502108762
Russia,Soviet Union,BMD-2,captured,https://i.postimg.cc/HkfYHj7g/g5.jpg,2022-04-04,4502,10878,2,7-4502108782
Russia,Soviet Union,BMD-2,captured,https://i.postimg.cc/zGLz9Tv7/g66.jpg,2022-04-04,4502,10879,2,7-4502108792
Russia,Soviet Union,BMD-2,captured,https://i.postimg.cc/63qWGyGT/4331.jpg,2022-04-04,4502,10880,2,7-4502108802
Russia,Soviet Union,BMD-2,captured,https://i.postimg.cc/BbnPPB4q/7699.png,2022-04-16,4502,10881,2,7-4502108812
Russia,Soviet Union,BMD-2,captured,https://i.postimg.cc/FKSqkpmJ/bbmdd222.png,2022-04-20,4502,10899,2,7-4502108992
Russia,Soviet Union,BMD-2,captured,https://i.postimg.cc/fTH1GkBk/BMD2.png,2022-04-20,4502,10900,2,7-4502109002
Russia,Soviet Union,BMD-2,captured,https://i.postimg.cc/50MrBzNK/bmd22.png,2022-04-20,4502,10901,2,7-4502109012
Russia,Soviet Union,BMD-2,captured,https://i.postimg.cc/rsMvkrBR/bmd222.jpg,2022-04-20,4502,10902,2,7-4502109022
Russia,Soviet Union,BMD-2,captured,https://i.postimg.cc/BbpRQv3Y/bmd222222.jpg,2022-04-20,4502,10903,2,7-4502109032
Russia,Soviet Union,BMD-2,captured,https://i.postimg.cc/hj9H6r5q/bmdd222.jpg,2022-04-20,4502,10904,2,7-4502109042
Russia,Soviet Union,BMD-2,captured,https://i.postimg.cc/JnwfpgKq/226.jpg,2022-04-20,4502,10905,2,7-4502109052
Russia,Soviet Union,BMD-2,captured,https://i.postimg.cc/V6rj0wxq/56.png,2022-04-25,4502,10909,2,7-4502109092
Russia,Soviet Union,BMD-2,captured,https://twitter.com/UAWeapons/status/1542230196237078529,2022-06-30,4502,10920,2,7-4502109202
Russia,Soviet Union,BMD-2,captured,https://i.postimg.cc/kXzBXBWj/1003-BMD-2.png,2022-07-02,4502,10922,2,7-4502109222
Russia,Soviet Union,BMD-2,captured,https://i.postimg.cc/nc5hKV4Y/1027-bmd2.jpg,2022-08-22,4502,10949,2,7-4502109492
Russia,Soviet Union,BMD-2,captured,https://twitter.com/UAWeapons/status/1566130196897361920,2022-09-04,4502,10955,2,7-4502109552
Russia,Soviet Union,BMD-2,captured,https://twitter.com/UAWeapons/status/1566781550280179716,2022-09-05,4502,10958,2,7-4502109582
Russia,Soviet Union,BMD-2,captured,https://twitter.com/UAWeapons/status/1566785188117504001,2022-09-05,4502,7721,2,7-450277212
Russia,Soviet Union,BMD-2,captured,https://twitter.com/Danspiun/status/1566918901170147330,2022-09-05,4502,10959,2,7-4502109592
Russia,Soviet Union,BMD-2,captured,https://twitter.com/UAWeapons/status/1566510068060852224,2022-09-05,4502,10960,2,7-4502109602
Russia,Soviet Union,BMD-2,captured,https://i.postimg.cc/j26dJ0Hd/1021-bmd2.jpg,2022-09-08,4502,10961,2,7-4502109612
Russia,Soviet Union,BMD-2,captured,https://twitter.com/UAWeapons/status/1569422856907358211,2022-09-13,4502,10964,2,7-4502109642
Russia,Soviet Union,BMD-2,captured,https://i.postimg.cc/s22TFHyj/1003-bmd2.jpg,2022-09-15,4502,10965,2,7-4502109652
Russia,Soviet Union,BMD-2,captured,https://twitter.com/UAWeapons/status/1575037072339271680,2022-09-28,4502,10969,2,7-4502109692
Russia,Soviet Union,BMD-2,captured,https://i.postimg.cc/c197nQ4K/BMD-2-Kherson-region.png,2022-09-30,4502,10971,2,7-4502109712
Russia,Soviet Union,BMD-2,captured,https://i.postimg.cc/8P08Y3hq/1011-bmd2-capt.jpg,2022-10-05,4502,10972,2,7-4502109722
Russia,Soviet Union,BMD-2,captured,https://twitter.com/UAWeapons/status/1578400346359169024,2022-10-08,4502,4296,2,7-450242962
Russia,Soviet Union,BMD-2,captured,https://i.postimg.cc/TYsxfSK7/1005-bmd2-capt.jpg,2022-10-13,4502,10974,2,7-4502109742
Russia,Soviet Union,BMD-2,captured,https://i.postimg.cc/8zrS5HW1/1006-bmd2-capt.jpg,2022-10-13,4502,10975,2,7-4502109752
Russia,Soviet Union,BMD-2,captured,https://i.postimg.cc/7L8yT2MS/1007-bmd2-capt.jpg,2022-10-13,4502,10976,2,7-4502109762
Russia,Soviet Union,BMD-2,captured,https://i.postimg.cc/8ktDnsNV/1008-bmd2-capt.jpg,2022-10-13,4502,10977,2,7-4502109772
Russia,Soviet Union,BMD-2,captured,https://i.postimg.cc/yNpBp6gm/2022-04-05-bmd-2.jpg,2022-10-17,4502,10985,2,7-4502109852
Russia,Soviet Union,BMD-2,captured,https://i.postimg.cc/PxmkcXR1/1001-bmd2-dam-capt.jpg,2022-10-25,4502,10988,2,7-4502109882
Russia,Soviet Union,BMD-2,captured,https://i.postimg.cc/yYHQnk5W/1011-bmd2-capt-6-3.jpg,2022-11-09,4502,10993,2,7-4502109932
Russia,Soviet Union,BMD-2,captured,https://i.postimg.cc/9MP1fWSq/1030-bmd2-capt.jpg,2022-11-12,4502,10997,2,7-4502109972
Russia,Soviet Union,BMD-2,captured,https://twitter.com/UAWeapons/status/1591369017674997761,2022-11-13,4502,10998,2,7-4502109982
Russia,Soviet Union,BMD-2,captured,https://i.postimg.cc/JhcgX0hj/1014-bmd2-capt.jpg,2022-11-13,4502,10999,2,7-4502109992
Russia,Soviet Union,BMD-2,captured,https://twitter.com/UAWeapons/status/1593639141237002242,2022-11-19,4502,11001,2,7-4502110012
Russia,Soviet Union,BMD-2,captured,https://i.postimg.cc/SxgQsNGF/1032-bmd2-capt-19-01-23.jpg,2023-01-21,4502,11017,2,7-4502110172
Russia,Soviet Union,BMD-2,captured,https://twitter.com/naalsio26/status/1617007401554657280,2023-01-22,4502,11019,2,7-4502110192
Russia,Soviet Union,BMD-2,captured,https://i.postimg.cc/bJXcZ6zC/1020-bmd2-dam-capt-06-03-23.jpg,2023-03-07,4502,11027,2,7-4502110272
Russia,Soviet Union,BMD-2,captured,https://postlmg.cc/14FNxVFP,2023-03-26,4502,11030,2,7-4502110302
Russia,Soviet Union,BMD-2,captured,https://i.postimg.cc/dVT9JRNk/5554.png,2023-04-02,4502,11032,2,7-4502110322
Russia,Soviet Union,BMD-2,captured,https://i.postimg.cc/TYm1dJFj/1033-BMD-2-capt-19-07-23.jpg,2023-08-04,4502,11057,2,7-4502110572
Russia,Soviet Union,BMD-2,captured,https://i.postimg.cc/HkMYQ994/1034-bmd2-capt-31-07-23.jpg,2023-11-01,4502,11073,2,7-4502110732
Russia,Russia,BMD-4M,captured,https://i.postimg.cc/yxpPqbzX/f44.png,2022-03-19,4503,11162,2,7-4503111622
Russia,Russia,BMD-4M,captured,https://i.postimg.cc/rmQV5Mdk/7io.jpg,2022-03-19,4503,11163,2,7-4503111632
Russia,Russia,BMD-4M,captured,https://i.postimg.cc/KctKcZ6s/f6.jpg,2022-03-19,4503,11164,2,7-4503111642
Russia,Russia,BMD-4M,captured,https://i.postimg.cc/RVd7t2bw/58.png,2022-03-19,4503,11165,2,7-4503111652
Russia,Russia,BMD-4M,captured,https://i.postimg.cc/QdftqHCS/433.png,2022-03-19,4503,11166,2,7-4503111662
Russia,Russia,BMD-4M,captured,https://i.postimg.cc/xjPG7QK8/d136.png,2022-03-19,4503,11167,2,7-4503111672
Russia,Russia,BMD-4M,captured,https://i.postimg.cc/9QLv6jFV/315.png,2022-03-19,4503,11168,2,7-4503111682
Russia,Russia,BMD-4M,captured,https://i.postimg.cc/V6GCvp8t/cn.jpg,2022-03-19,4503,11169,2,7-4503111692
Russia,Russia,BMD-4M,captured,https://i.postimg.cc/KvF02Nwn/g00.png,2022-03-19,4503,11170,2,7-4503111702
Russia,Russia,BMD-4M,captured,https://i.postimg.cc/sg8FR71x/f14.png,2022-03-29,4503,11176,2,7-4503111762
Russia,Russia,BMD-4M,captured,https://i.postimg.cc/dVj4B8GX/33211.jpg,2022-03-31,4503,11179,2,7-4503111792
Russia,Russia,BMD-4M,captured,https://i.postimg.cc/bvCr0GcK/f431.jpg,2022-04-04,4503,11183,2,7-4503111832
Russia,Russia,BMD-4M,captured,https://i.postimg.cc/2jGTdhtw/45.jpg,2022-04-06,4503,11184,2,7-4503111842
Russia,Russia,BMD-4M,captured,https://i.postimg.cc/Wz8qmYyG/445.jpg,2022-04-06,4503,11185,2,7-4503111852
Russia,Russia,BMD-4M,captured,https://i.postimg.cc/PqdmJXWx/56.png,2022-04-07,4503,11191,2,7-4503111912
Russia,Russia,BMD-4M,captured,https://i.postimg.cc/t4297Q5q/65.png,2022-05-01,4503,11195,2,7-4503111952
Russia,Russia,BMD-4M,captured,https://twitter.com/UAWeapons/status/1532052853606473729,2022-06-02,4503,11197,2,7-4503111972
Russia,Russia,BMD-4M,captured,https://twitter.com/RALee85/status/1539911200657625089,2022-06-28,4503,11198,2,7-4503111982
Russia,Russia,BMD-4M,captured,https://i.postimg.cc/44w2nPnd/1019-BMD-4-M-dam-capt-18-08-23.jpg,2023-08-21,4503,11214,2,7-4503112142
Russia,Soviet Union,BMK-130M/BMK-150 towing and motor boat,captured,https://i.postimg.cc/QMtqF8CM/55g.jpg,2022-04-23,4504,11272,2,7-4504112722
Russia,Soviet Union,BMK-130M/BMK-150 towing and motor boat,captured,https://postimg.cc/8JyXzynr,2022-09-15,4504,11273,2,7-4504112732
Russia,Soviet Union,BMK-460 towing and motor boat,captured,https://i.postimg.cc/x1SSzyhr/6h5.png,2022-05-08,4505,11274,2,7-4505112742
Russia,Soviet Union,BMP-1(P),captured,https://i.postimg.cc/02K6dR7P/ff4k.png,2022-03-19,4507,11298,2,7-4507112982
Russia,Soviet Union,BMP-1(P),captured,https://i.postimg.cc/sxG1jW4t/445.png,2022-03-19,4507,11299,2,7-4507112992
Russia,Soviet Union,BMP-1(P),captured,https://i.postimg.cc/jjbzC407/79p.jpg,2022-03-19,4507,11289,2,7-4507112892
Russia,Soviet Union,BMP-1(P),captured,https://i.postimg.cc/9fgjmDf4/54g.png,2022-03-19,4507,11300,2,7-4507113002
Russia,Soviet Union,BMP-1(P),captured,https://i.postimg.cc/kGp8z952/Screenshot-9133.png,2022-03-19,4507,11301,2,7-4507113012
Russia,Soviet Union,BMP-1(P),captured,https://i.postimg.cc/QM37RfjJ/Screenshot-9134.png,2022-03-19,4507,11302,2,7-4507113022
Russia,Soviet Union,BMP-1(P),captured,https://i.postimg.cc/260SqLJ3/318.png,2022-03-19,4507,11303,2,7-4507113032
Russia,Soviet Union,BMP-1(P),captured,https://i.postimg.cc/Z5SQKHzb/32.png,2022-03-19,4507,11304,2,7-4507113042
Russia,Soviet Union,BMP-1(P),captured,https://i.postimg.cc/BvRYDG6F/3e.png,2022-03-19,4507,11305,2,7-4507113052
Russia,Soviet Union,BMP-1(P),captured,https://i.postimg.cc/x826xyLT/g0.png,2022-03-19,4507,11306,2,7-4507113062
Russia,Soviet Union,BMP-1(P),captured,https://i.postimg.cc/c6y4Tnn0/87.jpg,2022-03-26,4507,11307,2,7-4507113072
Russia,Soviet Union,BMP-1(P),captured,https://i.postimg.cc/kG9LR8PP/67.png,2022-04-04,4507,11313,2,7-4507113132
Russia,Soviet Union,BMP-1(P),captured,https://i.postimg.cc/9XJw4wL4/6877.jpg,2022-04-09,4507,11315,2,7-4507113152
Russia,Soviet Union,BMP-1(P),captured,https://i.postimg.cc/Z5ZPkvKV/52.jpg,2022-04-09,4507,11316,2,7-4507113162
Russia,Soviet Union,BMP-1(P),captured,https://i.postimg.cc/br67qwCh/30.jpg,2022-04-21,4507,11320,2,7-4507113202
Russia,Soviet Union,BMP-1(P),captured,https://i.postimg.cc/Nj2bkD6q/389.png,2022-05-01,4507,11327,2,7-4507113272
Russia,Soviet Union,BMP-1(P),captured,https://i.postimg.cc/Jnfpc8Qv/6806.png,2022-05-23,4507,11332,2,7-4507113322
Russia,Soviet Union,BMP-1(P),captured,https://twitter.com/UAWeapons/status/1527732387748233218,2022-05-23,4507,11333,2,7-4507113332
Russia,Soviet Union,BMP-1(P),captured,https://i.postimg.cc/CKSVtGFx/43f.png,2022-05-25,4507,11335,2,7-4507113352
Russia,Soviet Union,BMP-1(P),captured,https://i.postimg.cc/g0Yf4GDw/44f.png,2022-05-25,4507,11336,2,7-4507113362
Russia,Soviet Union,BMP-1(P),captured,https://i.postimg.cc/FHQ3wKRX/h776.jpg,2022-05-31,4507,11363,2,7-4507113632
Russia,Soviet Union,BMP-1(P),captured,https://twitter.com/UAWeapons/status/1537774779591172096,2022-06-26,4507,11375,2,7-4507113752
Russia,Soviet Union,BMP-1(P),captured,https://i.postimg.cc/YSF30Tyn/7776.jpg,2022-06-29,4507,11376,2,7-4507113762
Russia,Soviet Union,BMP-1(P),captured,https://i.postimg.cc/Ls8Qk7Gk/1032-bmp1-capt-08-09-22.jpg,2024-01-19,4507,11476,2,7-4507114762
Russia,Soviet Union,BMP-1(P),captured,https://i.postimg.cc/k4JPrK3V/1001-BMP-1-P-capt-23-07-22.jpg,2024-02-09,4507,11508,2,7-4507115082
Russia,Soviet Union,BMP-1(P),captured,https://i.postimg.cc/bv5gp3Dv/1070-BMP-1-P-dam-capt-12-02-23.jpg,2024-04-08,4507,11601,2,7-4507116012
Russia,Soviet Union,BMP-1(P),captured,https://i.postimg.cc/Z57SBCdS/1049-bmp1-capt-29-04-24.jpg,2024-05-02,4507,11645,2,7-4507116452
Russia,Russia,BMP-1AM,captured,https://i.postimg.cc/g0XWJyRc/n8.jpg,2022-06-29,4508,11782,2,7-4508117822
Russia,Russia,BMP-1AM,captured,https://i.postimg.cc/8CbfN504/57h.png,2022-07-01,4508,11784,2,7-4508117842
Russia,Russia,BMP-1AM,captured,https://twitter.com/UAWeapons/status/1558386570432073728,2022-08-14,4508,11788,2,7-4508117882
Russia,Russia,BMP-1AM,captured,https://i.postimg.cc/RZnJ6Wy7/1003-bmp1am.jpg,2022-08-15,4508,11790,2,7-4508117902
Russia,Russia,BMP-1AM,captured,https://twitter.com/UAWeapons/status/1585305139552096256,2022-10-27,4508,11792,2,7-4508117922
Russia,Russia,BMP-1AM,captured,https://i.postimg.cc/SRvNL7cN/1002-bmp1am-capt.png,2022-11-12,4508,11793,2,7-4508117932
Russia,Russia,BMP-1AM,captured,https://twitter.com/UAWeapons/status/1592896768194535424,2022-11-18,4508,11794,2,7-4508117942
Russia,Russia,BMP-1AM,captured,https://twitter.com/UAWeapons/status/1592860273375076359,2022-11-18,4508,11795,2,7-4508117952
Russia,Russia,BMP-1AM,captured,https://i.postimg.cc/qqV2j4WQ/1021-bmp1am-capt-09-03-23.jpg,2023-03-11,4508,11801,2,7-4508118012
Russia,Russia,BMP-1AM,captured,https://i.postimg.cc/J0NZFSL8/1022-bmp1am-capt-09-03-23.jpg,2023-03-11,4508,11802,2,7-4508118022
Russia,Russia,BMP-1AM,captured,https://i.postimg.cc/T1ZnwYfB/1040-bmp1am-capt-11-11-23.jpg,2023-11-24,4508,11819,2,7-4508118192
Russia,Soviet Union,BMP-1Khs,captured,https://i.postimg.cc/xTFr1xKP/4467.png,2022-03-29,4509,11836,2,7-4509118362
Russia,Soviet Union,BMP-1Khs,captured,https://i.postimg.cc/rwTTBzGX/332.png,2022-03-30,4509,11837,2,7-4509118372
Russia,Soviet Union,BMP-1Khs,captured,https://i.postimg.cc/MHLs0Sw0/578.png,2022-04-01,4509,11838,2,7-4509118382
Russia,Soviet Union,BMP-2,captured,https://i.postimg.cc/RhxT6Pz9/663.png,2022-03-19,4511,11895,2,7-4511118952
Russia,Soviet Union,BMP-2,captured,https://i.postimg.cc/T1HJcX0f/776.png,2022-03-19,4511,11897,2,7-4511118972
Russia,Soviet Union,BMP-2,captured,https://i.postimg.cc/QtN7DcKC/559.png,2022-03-19,4511,11898,2,7-4511118982
Russia,Soviet Union,BMP-2,captured,https://i.postimg.cc/Zn38wp9q/680.png,2022-03-19,4511,11899,2,7-4511118992
Russia,Soviet Union,BMP-2,captured,https://i.postimg.cc/Gpj4tR0j/g45.png,2022-03-19,4511,11900,2,7-4511119002
Russia,Soviet Union,BMP-2,captured,https://i.postimg.cc/Kjw7JqNY/4fh.png,2022-03-19,4511,11901,2,7-4511119012
Russia,Soviet Union,BMP-2,captured,https://i.postimg.cc/YqnQ7fv3/324.png,2022-03-19,4511,11902,2,7-4511119022
Russia,Soviet Union,BMP-2,captured,https://i.postimg.cc/0jqDtvcH/y6.png,2022-03-19,4511,11903,2,7-4511119032
Russia,Soviet Union,BMP-2,captured,https://i.postimg.cc/dtnX1m6x/mp.jpg,2022-03-19,4511,11904,2,7-4511119042
Russia,Soviet Union,BMP-2,captured,https://i.postimg.cc/fRLP0tgT/mpp.png,2022-03-19,4511,11905,2,7-4511119052
Russia,Soviet Union,BMP-2,captured,https://i.postimg.cc/zDWm7gjd/5g8.png,2022-03-19,4511,11906,2,7-4511119062
Russia,Soviet Union,BMP-2,captured,https://i.postimg.cc/R0xn75Sp/d130.png,2022-03-19,4511,11907,2,7-4511119072
Russia,Soviet Union,BMP-2,captured,https://i.postimg.cc/1zr5w3rW/g540.png,2022-03-19,4511,11908,2,7-4511119082
Russia,Soviet Union,BMP-2,captured,https://i.postimg.cc/DfsyWCT2/558.png,2022-03-19,4511,11909,2,7-4511119092
Russia,Soviet Union,BMP-2,captured,https://i.postimg.cc/KY8cWFwf/5800.png,2022-03-19,4511,11910,2,7-4511119102
Russia,Soviet Union,BMP-2,captured,https://i.postimg.cc/tJ0ZVgRD/6662.jpg,2022-03-19,4511,11911,2,7-4511119112
Russia,Soviet Union,BMP-2,captured,https://i.postimg.cc/pVZrGVkh/Screenshot-9012.png,2022-03-19,4511,11912,2,7-4511119122
Russia,Soviet Union,BMP-2,captured,https://i.postimg.cc/QtzzhVSs/3212.png,2022-03-19,4511,11913,2,7-4511119132
Russia,Soviet Union,BMP-2,captured,https://i.postimg.cc/D0F4Kdkp/1d.png,2022-03-19,4511,11914,2,7-4511119142
Russia,Soviet Union,BMP-2,captured,https://i.postimg.cc/y80rBVY6/469.png,2022-03-26,4511,11934,2,7-4511119342
Russia,Soviet Union,BMP-2,captured,https://i.postimg.cc/4nCw32NC/43133.png,2022-03-26,4511,11935,2,7-4511119352
Russia,Soviet Union,BMP-2,captured,https://i.postimg.cc/3rL56r3h/65h.jpg,2022-03-26,4511,11936,2,7-4511119362
Russia,Soviet Union,BMP-2,captured,https://i.postimg.cc/gcXCN37v/367.png,2022-03-26,4511,11937,2,7-4511119372
Russia,Soviet Union,BMP-2,captured,https://i.postimg.cc/dQy18GgD/b1.png,2022-03-26,4511,11938,2,7-4511119382
Russia,Soviet Union,BMP-2,captured,https://i.postimg.cc/TYvPQpX0/b2.png,2022-03-26,4511,11939,2,7-4511119392
Russia,Soviet Union,BMP-2,captured,https://i.postimg.cc/2SYh9hJ8/16.png,2022-03-26,4511,11940,2,7-4511119402
Russia,Soviet Union,BMP-2,captured,https://i.postimg.cc/LX2GsTmW/66556.jpg,2022-03-26,4511,11941,2,7-4511119412
Russia,Soviet Union,BMP-2,captured,https://i.postimg.cc/x1VhM1QC/321.png,2022-03-29,4511,11947,2,7-4511119472
Russia,Soviet Union,BMP-2,captured,https://i.postimg.cc/SQDwxS89/25.jpg,2022-03-29,4511,11948,2,7-4511119482
Russia,Soviet Union,BMP-2,captured,https://i.postimg.cc/mgfNxnjn/21.jpg,2022-03-29,4511,11949,2,7-4511119492
Russia,Soviet Union,BMP-2,captured,https://i.postimg.cc/RFkLTCPg/47.png,2022-03-29,4511,11950,2,7-4511119502
Russia,Soviet Union,BMP-2,captured,https://i.postimg.cc/fRK9ddR5/b316bmp2.png,2022-03-29,4511,11951,2,7-4511119512
Russia,Soviet Union,BMP-2,captured,https://i.postimg.cc/MpqBBJ4S/bmp22222222222222.jpg,2022-03-31,4511,11965,2,7-4511119652
Russia,Soviet Union,BMP-2,captured,https://i.postimg.cc/hvfDVh3C/ff9.jpg,2022-04-01,4511,11966,2,7-4511119662
Russia,Soviet Union,BMP-2,captured,https://i.postimg.cc/cJBfnqWr/676.jpg,2022-04-04,4511,11968,2,7-4511119682
Russia,Soviet Union,BMP-2,captured,https://i.postimg.cc/NGzVhDzJ/bmp2222.png,2022-04-06,4511,11990,2,7-4511119902
Russia,Soviet Union,BMP-2,captured,https://i.postimg.cc/sxvNQGv4/bmp222.png,2022-04-06,4511,11991,2,7-4511119912
Russia,Soviet Union,BMP-2,captured,https://i.postimg.cc/j2mkzqf0/BMP22.png,2022-04-06,4511,11992,2,7-4511119922
Russia,Soviet Union,BMP-2,captured,https://i.postimg.cc/26HtS785/bbmmmpp222.jpg,2022-04-06,4511,11993,2,7-4511119932
Russia,Soviet Union,BMP-2,captured,https://i.postimg.cc/Jh5g9WfZ/bbmmmp2.jpg,2022-04-06,4511,11994,2,7-4511119942
Russia,Soviet Union,BMP-2,captured,https://i.postimg.cc/NMGVtztV/bmmpp2222.jpg,2022-04-06,4511,11995,2,7-4511119952
Russia,Soviet Union,BMP-2,captured,https://i.postimg.cc/j5T64qPp/b5.jpg,2022-04-06,4511,11996,2,7-4511119962
Russia,Soviet Union,BMP-2,captured,https://i.postimg.cc/DygqQynD/bmppp2.jpg,2022-04-09,4511,12015,2,7-4511120152
Russia,Soviet Union,BMP-2,captured,https://postimg.cc/F7dqnk1v,2022-04-11,4511,12017,2,7-4511120172
Russia,Soviet Union,BMP-2,captured,https://i.postimg.cc/hjDFKj5L/bmppp2.jpg,2022-04-11,4511,12018,2,7-4511120182
Russia,Soviet Union,BMP-2,captured,https://i.postimg.cc/CMfVLKCb/47h.png,2022-04-11,4511,12019,2,7-4511120192
Russia,Soviet Union,BMP-2,captured,https://i.postimg.cc/hPrZSFY9/4g.png,2022-04-11,4511,12020,2,7-4511120202
Russia,Soviet Union,BMP-2,captured,https://i.postimg.cc/3x5FhZtV/bmmp2.jpg,2022-04-13,4511,12032,2,7-4511120322
Russia,Soviet Union,BMP-2,captured,https://i.postimg.cc/bJgr4w9Y/7798.jpg,2022-04-21,4511,12038,2,7-4511120382
Russia,Soviet Union,BMP-2,captured,https://i.postimg.cc/RV5GgxsP/4315.jpg,2022-04-23,4511,12039,2,7-4511120392
Russia,Soviet Union,BMP-2,captured,https://i.postimg.cc/SN3dXB97/bmp22.jpg,2022-04-24,4511,12049,2,7-4511120492
Russia,Soviet Union,BMP-2,captured,https://i.postimg.cc/zvvMssWV/221.jpg,2022-04-25,4511,12050,2,7-4511120502
Russia,Soviet Union,BMP-2,captured,https://i.postimg.cc/9FFBKywz/5444.jpg,2022-05-01,4511,12065,2,7-4511120652
Russia,Soviet Union,BMP-2,captured,https://i.postimg.cc/J0NjkYB1/654.jpg,2022-05-01,4511,12066,2,7-4511120662
Russia,Soviet Union,BMP-2,captured,https://i.postimg.cc/8kZRr17K/3280.jpg,2022-05-01,4511,12067,2,7-4511120672
Russia,Soviet Union,BMP-2,captured,https://i.postimg.cc/hjwj83TY/3329.jpg,2022-05-01,4511,12068,2,7-4511120682
Russia,Soviet Union,BMP-2,captured,https://i.postimg.cc/SR9cJBwd/c3.jpg,2022-05-05,4511,12072,2,7-4511120722
Russia,Soviet Union,BMP-2,captured,https://i.postimg.cc/nM8Y2FvN/44f.jpg,2022-05-05,4511,12073,2,7-4511120732
Russia,Soviet Union,BMP-2,captured,https://i.postimg.cc/pX5ybwBC/v2.jpg,2022-05-06,4511,12078,2,7-4511120782
Russia,Soviet Union,BMP-2,captured,https://i.postimg.cc/wBPTB1rR/d21.jpg,2022-05-06,4511,12079,2,7-4511120792
Russia,Soviet Union,BMP-2,captured,https://i.postimg.cc/MZ5DsLsT/4fs.jpg,2022-05-06,4511,12080,2,7-4511120802
Russia,Soviet Union,BMP-2,captured,https://i.postimg.cc/sggyDf2R/fss.jpg,2022-05-08,4511,12090,2,7-4511120902
Russia,Soviet Union,BMP-2,captured,https://i.postimg.cc/k5fP00Cg/65.jpg,2022-05-08,4511,12089,2,7-4511120892
Russia,Soviet Union,BMP-2,captured,https://i.postimg.cc/RZsTRqcz/766.jpg,2022-05-14,4511,12100,2,7-4511121002
Russia,Soviet Union,BMP-2,captured,https://twitter.com/UAWeapons/status/1527761851441881089,2022-05-23,4511,12107,2,7-4511121072
Russia,Soviet Union,BMP-2,captured,https://i.postimg.cc/ZqNWKLX9/j88.jpg,2022-05-30,4511,12113,2,7-4511121132
Russia,Russia,BMP-2 675-sb3KDZ,captured,https://i.postimg.cc/rsJXQgr0/h66.jpg,2022-06-26,4512,12114,2,7-4512121142
Russia,Russia,BMP-2 675-sb3KDZ,captured,https://i.postimg.cc/05pQKcnw/1031-BMP-2-675-sb3-KDZ-dam-capt.jpg,2022-11-14,4512,12116,2,7-4512121162
Russia,Soviet Union,BMP-2(K),captured,https://i.postimg.cc/tgBqdBfm/776.jpg,2022-05-31,4513,12360,2,7-4513123602
Russia,Soviet Union,BMP-2(K),captured,https://i.postimg.cc/sDb7rVKc/87.jpg,2022-06-01,4513,12362,2,7-4513123622
Russia,Soviet Union,BMP-2(K),captured,https://twitter.com/UAWeapons/status/1533440885144309761,2022-06-06,4513,12364,2,7-4513123642
Russia,Soviet Union,BMP-2(K),captured,https://twitter.com/UAWeapons/status/1533783291618279424,2022-06-07,4513,12367,2,7-4513123672
Russia,Soviet Union,BMP-2(K),captured,https://postlmg.cc/NK0Vp3th,2022-06-12,4513,12369,2,7-4513123692
Russia,Soviet Union,BMP-2(K),captured,https://i.postimg.cc/wxZ1QZMS/43f.png,2022-06-26,4513,12370,2,7-4513123702
Russia,Soviet Union,BMP-2(K),captured,https://i.postimg.cc/MHGqg8rP/h65.png,2022-06-29,4513,12379,2,7-4513123792
Russia,Soviet Union,BMP-2(K),captured,https://i.postimg.cc/Kcp6dLyH/1002-BMP-2.png,2022-07-02,4513,12383,2,7-4513123832
Russia,Soviet Union,BMP-2(K),captured,https://i.postimg.cc/q7PzsbP6/1012.jpg,2022-07-03,4513,12386,2,7-4513123862
Russia,Soviet Union,BMP-2(K),captured,https://twitter.com/UAWeapons/status/1543285590979903489,2022-07-03,4513,12387,2,7-4513123872
Russia,Soviet Union,BMP-2(K),captured,https://i.postimg.cc/WpWpDmYd/1035.jpg,2022-07-05,4513,12389,2,7-4513123892
Russia,Soviet Union,BMP-2(K),captured,https://twitter.com/UAWeapons/status/1545124224095977473,2022-07-08,4513,12393,2,7-4513123932
Russia,Soviet Union,BMP-2(K),captured,https://i.postimg.cc/nLhQZ8jN/1019.jpg,2022-07-09,4513,12396,2,7-4513123962
Russia,Soviet Union,BMP-2(K),captured,https://i.postimg.cc/c1952sYP/1001.jpg,2022-07-13,4513,12397,2,7-4513123972
Russia,Soviet Union,BMP-2(K),captured,https://twitter.com/UAWeapons/status/1548761196542689280,2022-07-19,4513,12399,2,7-4513123992
Russia,Soviet Union,BMP-2(K),captured,https://i.postimg.cc/rFNcNHSz/1005.jpg,2022-07-24,4513,12402,2,7-4513124022
Russia,Soviet Union,BMP-2(K),captured,https://i.postimg.cc/zBkr0pBS/1006.jpg,2022-07-24,4513,12403,2,7-4513124032
Russia,Soviet Union,BMP-2(K),captured,https://i.postimg.cc/J7y2rWCq/1001.jpg,2022-07-27,4513,12411,2,7-4513124112
Russia,Soviet Union,BMP-2(K),captured,https://i.postimg.cc/jjHkGMmr/1004-bmp2.jpg,2022-08-08,4513,12420,2,7-4513124202
Russia,Soviet Union,BMP-2(K),captured,https://i.postimg.cc/mg4BymXV/1036-bmp2.jpg,2022-08-22,4513,12465,2,7-4513124652
Russia,Soviet Union,BMP-2(K),captured,https://i.postimg.cc/858BR3qV/1170-bmp2.jpg,2022-08-23,4513,12468,2,7-4513124682
Russia,Soviet Union,BMP-2(K),captured,https://twitter.com/UAWeapons/status/1562820655862599683,2022-08-30,4513,12471,2,7-4513124712
Russia,Soviet Union,BMP-2(K),captured,https://i.postimg.cc/j53xY9qG/1004-bmp2.jpg,2022-08-30,4513,12472,2,7-4513124722
Russia,Soviet Union,BMP-2(K),captured,https://twitter.com/Danspiun/status/1563617152309297153,2022-08-30,4513,12473,2,7-4513124732
Russia,Soviet Union,BMP-2(K),captured,https://i.postimg.cc/qM4Xwpmm/1008-bmp2.jpg,2022-09-01,4513,12476,2,7-4513124762
Russia,Soviet Union,BMP-2(K),captured,https://i.postimg.cc/9fnnKPMd/1002-bmp2.jpg,2022-09-03,4513,12480,2,7-4513124802
Russia,Soviet Union,BMP-2(K),captured,https://twitter.com/UAWeapons/status/1566029127773200387,2022-09-04,4513,12484,2,7-4513124842
Russia,Soviet Union,BMP-2(K),captured,https://twitter.com/UAWeapons/status/1566036414084546560,2022-09-04,4513,12485,2,7-4513124852
Russia,Soviet Union,BMP-2(K),captured,https://twitter.com/UAWeapons/status/1566915724031008769,2022-09-05,4513,12486,2,7-4513124862
Russia,Soviet Union,BMP-2(K),captured,https://i.postimg.cc/VvYb0XVW/1006-bmp2.jpg,2022-09-05,4513,12487,2,7-4513124872
Russia,Soviet Union,BMP-2(K),captured,https://twitter.com/UAWeapons/status/1567468458580889600,2022-09-08,4513,12494,2,7-4513124942
Russia,Soviet Union,BMP-2(K),captured,https://i.postimg.cc/bwK10C3n/1037-bmp2.jpg,2022-09-08,4513,12495,2,7-4513124952
Russia,Soviet Union,BMP-2(K),captured,https://twitter.com/UAWeapons/status/1567956407768547328,2022-09-09,4513,78,2,7-4513782
Russia,Soviet Union,BMP-2(K),captured,https://i.postimg.cc/mgXJn4Np/1003-bmp2.jpg,2022-09-09,4513,12496,2,7-4513124962
Russia,Soviet Union,BMP-2(K),captured,https://i.postimg.cc/2yr0697B/1013-bmp2.jpg,2022-09-09,4513,12497,2,7-4513124972
Russia,Soviet Union,BMP-2(K),captured,https://i.postimg.cc/GmKgzL7N/1020-bmp1-2.jpg,2022-09-09,4513,2001,2,7-451320012
Russia,Soviet Union,BMP-2(K),captured,https://i.postimg.cc/rssy7FFV/1012-bmp2.jpg,2022-09-10,4513,12499,2,7-4513124992
Russia,Soviet Union,BMP-2(K),captured,https://i.postimg.cc/QMD8hqxn/1013-bmp2.jpg,2022-09-10,4513,12500,2,7-4513125002
Russia,Soviet Union,BMP-2(K),captured,https://i.postimg.cc/28BrWt1K/1015-bmp2.jpg,2022-09-10,4513,12501,2,7-4513125012
Russia,Soviet Union,BMP-2(K),captured,https://twitter.com/UAWeapons/status/1568342410043826177,2022-09-10,4513,12502,2,7-4513125022
Russia,Soviet Union,BMP-2(K),captured,https://i.postimg.cc/W3RXhzqz/1008-bmp2.jpg,2022-09-10,4513,12503,2,7-4513125032
Russia,Soviet Union,BMP-2(K),captured,https://i.postimg.cc/bwkF47Zn/1014-bmp2.jpg,2022-09-10,4513,12504,2,7-4513125042
Russia,Soviet Union,BMP-2(K),captured,https://i.postimg.cc/MHn95Nkv/1017-bmp2.jpg,2022-09-10,4513,12505,2,7-4513125052
Russia,Soviet Union,BMP-2(K),captured,https://i.postimg.cc/6pGXWmGB/1020-bmp2.jpg,2022-09-11,4513,12507,2,7-4513125072
Russia,Soviet Union,BMP-2(K),captured,https://i.postimg.cc/L8VmdxCy/1000-bmp2.png,2022-09-11,4513,12508,2,7-4513125082
Russia,Soviet Union,BMP-2(K),captured,https://i.postimg.cc/9FnyQgwf/1015-bmp2.jpg,2022-09-11,4513,12509,2,7-4513125092
Russia,Soviet Union,BMP-2(K),captured,https://i.postimg.cc/ZYGdJpTg/1006-bmp2.jpg,2022-09-12,4513,12512,2,7-4513125122
Russia,Soviet Union,BMP-2(K),captured,https://twitter.com/UAWeapons/status/1568899223139110913,2022-09-12,4513,12513,2,7-4513125132
Russia,Soviet Union,BMP-2(K),captured,https://twitter.com/UAWeapons/status/1568899212976201728,2022-09-12,4513,10292,2,7-4513102922
Russia,Soviet Union,BMP-2(K),captured,https://twitter.com/UAWeapons/status/1568987226268114946,2022-09-12,4513,12514,2,7-4513125142
Russia,Soviet Union,BMP-2(K),captured,https://i.postimg.cc/zBdymHxd/1011-bmp2.jpg,2022-09-12,4513,12515,2,7-4513125152
Russia,Soviet Union,BMP-2(K),captured,https://twitter.com/UAWeapons/status/1568887483093422080,2022-09-12,4513,12516,2,7-4513125162
Russia,Soviet Union,BMP-2(K),captured,https://twitter.com/UAWeapons/status/1568899257771384832,2022-09-12,4513,2776,2,7-451327762
Russia,Soviet Union,BMP-2(K),captured,https://twitter.com/UAWeapons/status/1568899233314381824,2022-09-12,4513,4138,2,7-451341382
Russia,Soviet Union,BMP-2(K),captured,https://twitter.com/UAWeapons/status/1569057880027832327,2022-09-12,4513,350,2,7-45133502
Russia,Soviet Union,BMP-2(K),captured,https://twitter.com/UAWeapons/status/1569058662869516289,2022-09-12,4513,2190,2,7-451321902
Russia,Soviet Union,BMP-2(K),captured,https://twitter.com/UAWeapons/status/1569402445062627330,2022-09-13,4513,12518,2,7-4513125182
Russia,Soviet Union,BMP-2(K),captured,https://twitter.com/UAWeapons/status/1569229421495701507,2022-09-13,4513,879,2,7-45138792
Russia,Soviet Union,BMP-2(K),captured,https://twitter.com/UAWeapons/status/1569427484025946113,2022-09-13,4513,7835,2,7-451378352
Russia,Soviet Union,BMP-2(K),captured,https://twitter.com/UAWeapons/status/1569739016995569664,2022-09-14,4513,9805,2,7-451398052
Russia,Soviet Union,BMP-2(K),captured,https://i.postimg.cc/pX4j4wN6/1006-bmp2.jpg,2022-09-14,4513,12519,2,7-4513125192
Russia,Soviet Union,BMP-2(K),captured,https://i.postimg.cc/pV0zY9sx/1007-bmp2.jpg,2022-09-14,4513,12520,2,7-4513125202
Russia,Soviet Union,BMP-2(K),captured,https://i.postimg.cc/Qxsw5yYv/1012-bmp2.jpg,2022-09-14,4513,12521,2,7-4513125212
Russia,Soviet Union,BMP-2(K),captured,https://i.postimg.cc/qBxQvjrj/1027-bmp2.jpg,2022-09-14,4513,12522,2,7-4513125222
Russia,Soviet Union,BMP-2(K),captured,https://i.postimg.cc/htf0Mnd5/1028-bmp2.jpg,2022-09-14,4513,12523,2,7-4513125232
Russia,Soviet Union,BMP-2(K),captured,https://i.postimg.cc/W36mtbBh/1029-bmp2.jpg,2022-09-14,4513,12524,2,7-4513125242
Russia,Soviet Union,BMP-2(K),captured,https://i.postimg.cc/PqDQsMKb/1030-bmp2.jpg,2022-09-14,4513,12525,2,7-4513125252
Russia,Soviet Union,BMP-2(K),captured,https://i.postimg.cc/NMw7grP3/1032-bmp2.jpg,2022-09-14,4513,12526,2,7-4513125262
Russia,Soviet Union,BMP-2(K),captured,https://twitter.com/UAWeapons/status/1570057618961350656,2022-09-15,4513,12531,2,7-4513125312
Russia,Soviet Union,BMP-2(K),captured,https://twitter.com/UAWeapons/status/1569973201358176258,2022-09-15,4513,9512,2,7-451395122
Russia,Soviet Union,BMP-2(K),captured,https://twitter.com/UAWeapons/status/1570137029349883904,2022-09-15,4513,6531,2,7-451365312
Russia,Soviet Union,BMP-2(K),captured,https://twitter.com/UAWeapons/status/1570152375238950912,2022-09-15,4513,6761,2,7-451367612
Russia,Soviet Union,BMP-2(K),captured,https://twitter.com/UAWeapons/status/1570152367915692033,2022-09-15,4513,12532,2,7-4513125322
Russia,Soviet Union,BMP-2(K),captured,https://i.postimg.cc/Yq1nQmbH/1015-bmp2.jpg,2022-09-15,4513,12533,2,7-4513125332
Russia,Soviet Union,BMP-2(K),captured,https://i.postimg.cc/KzkQjKRC/1011-bmp2.jpg,2022-09-15,4513,12534,2,7-4513125342
Russia,Soviet Union,BMP-2(K),captured,https://i.postimg.cc/8cST7mhc/1003-bmp2-2x.jpg,2022-09-16,4513,12538,2,7-4513125382
Russia,Soviet Union,BMP-2(K),captured,https://i.postimg.cc/5NjCTH0P/1500.jpg,2022-09-17,4513,12541,2,7-4513125412
Russia,Soviet Union,BMP-2(K),captured,https://twitter.com/Danspiun/status/1570838412831363073,2022-09-17,4513,12542,2,7-4513125422
Russia,Soviet Union,BMP-2(K),captured,https://twitter.com/UAWeapons/status/1571071832530505728,2022-09-17,4513,12543,2,7-4513125432
Russia,Soviet Union,BMP-2(K),captured,https://i.postimg.cc/MKdbZwwp/2022-09-13-BMP-2.png,2022-09-17,4513,12544,2,7-4513125442
Russia,Soviet Union,BMP-2(K),captured,https://twitter.com/UAWeapons/status/1571186606140268547,2022-09-18,4513,12545,2,7-4513125452
Russia,Soviet Union,BMP-2(K),captured,https://i.postimg.cc/tCKxjXGx/1004-bmp2.jpg,2022-09-19,4513,12548,2,7-4513125482
Russia,Soviet Union,BMP-2(K),captured,https://i.postimg.cc/nLgpKXj2/1000-bmp2-2x-uaz469.jpg,2022-09-19,4513,1258,2,7-451312582
Russia,Soviet Union,BMP-2(K),captured,https://twitter.com/UAWeapons/status/1572308686349144066,2022-09-22,4513,12551,2,7-4513125512
Russia,Soviet Union,BMP-2(K),captured,https://twitter.com/UAWeapons/status/1572155780698341376,2022-09-22,4513,387,2,7-45133872
Russia,Soviet Union,BMP-2(K),captured,https://twitter.com/UAWeapons/status/1572505221187923969,2022-09-22,4513,12552,2,7-4513125522
Russia,Soviet Union,BMP-2(K),captured,https://i.postimg.cc/N0Nh6sYX/1005-bmp2.jpg,2022-09-22,4513,12553,2,7-4513125532
Russia,Soviet Union,BMP-2(K),captured,https://i.postimg.cc/85b4J6fC/2022-09-15-BMP-2.jpg,2022-09-23,4513,12554,2,7-4513125542
Russia,Soviet Union,BMP-2(K),captured,https://i.postimg.cc/sgKJNxZt/2022-09-14-BMP-2.jpg,2022-09-23,4513,12555,2,7-4513125552
Russia,Soviet Union,BMP-2(K),captured,https://twitter.com/UAWeapons/status/1572972291624951809,2022-09-23,4513,4737,2,7-451347372
Russia,Soviet Union,BMP-2(K),captured,https://twitter.com/UAWeapons/status/1572974126293286913,2022-09-23,4513,12556,2,7-4513125562
Russia,Soviet Union,BMP-2(K),captured,https://twitter.com/UAWeapons/status/1572936489314426883,2022-09-23,4513,599,2,7-45135992
Russia,Soviet Union,BMP-2(K),captured,https://twitter.com/UAWeapons/status/1572933469038317569,2022-09-23,4513,12557,2,7-4513125572
Russia,Soviet Union,BMP-2(K),captured,https://i.postimg.cc/qMK1XyFF/1004-bmp2-ural-tanker-kamaz6x6.png,2022-09-24,4513,520,2,7-45135202
Russia,Soviet Union,BMP-2(K),captured,https://i.postimg.cc/mg9JHPjW/2022-09-23-BMP-2.jpg,2022-09-25,4513,12560,2,7-4513125602
Russia,Soviet Union,BMP-2(K),captured,https://twitter.com/UAWeapons/status/1573697820699271168,2022-09-25,4513,4754,2,7-451347542
Russia,Soviet Union,BMP-2(K),captured,https://i.postimg.cc/VNmDbZtM/1000-bmp2.jpg,2022-09-26,4513,12562,2,7-4513125622
Russia,Soviet Union,BMP-2(K),captured,https://i.postimg.cc/nzXwprB3/2022-09-25-BMP-2-Ural-4320.jpg,2022-09-27,4513,6849,2,7-451368492
Russia,Soviet Union,BMP-2(K),captured,https://i.postimg.cc/wTHKhVfY/1005-bmp2.jpg,2022-09-27,4513,12566,2,7-4513125662
Russia,Soviet Union,BMP-2(K),captured,https://twitter.com/UAWeapons/status/1574388532239425536,2022-09-27,4513,12567,2,7-4513125672
Russia,Soviet Union,BMP-2(K),captured,https://i.postimg.cc/tJQKvt9P/1000-bmp2.jpg,2022-09-27,4513,12568,2,7-4513125682
Russia,Soviet Union,BMP-2(K),captured,https://postimg.cc/4778T5nz,2022-09-28,4513,12575,2,7-4513125752
Russia,Soviet Union,BMP-2(K),captured,https://twitter.com/UAWeapons/status/1575037643632492544,2022-09-28,4513,12576,2,7-4513125762
Russia,Soviet Union,BMP-2(K),captured,https://twitter.com/UAWeapons/status/1575166980000481281,2022-09-29,4513,12577,2,7-4513125772
Russia,Russia,BMP-2M,captured,https://i.postimg.cc/hPqgtxcn/229.png,2022-09-09,4515,12581,2,7-4515125812
Russia,Russia,BMP-2M Berezhok,captured,https://i.postimg.cc/dtxz64Y5/763.png,2023-09-07,4516,12584,2,7-4516125842
Russia,Russia,BMP-3,captured,https://i.postimg.cc/HxnCghHt/446.jpg,2022-03-19,4517,12628,2,7-4517126282
Russia,Russia,BMP-3,captured,https://i.postimg.cc/nzpCGZ4h/579.png,2022-03-19,4517,12629,2,7-4517126292
Russia,Russia,BMP-3,captured,https://i.postimg.cc/KYsHnvSn/38.png,2022-03-19,4517,12630,2,7-4517126302
Russia,Russia,BMP-3,captured,https://i.postimg.cc/gc3DsCqV/Screenshot-8343.png,2022-03-19,4517,12631,2,7-4517126312
Russia,Russia,BMP-3,captured,https://i.postimg.cc/yYBTbLvw/Screenshot-8345.png,2022-03-19,4517,12632,2,7-4517126322
Russia,Russia,BMP-3,captured,https://i.postimg.cc/hvXc8qJx/653.png,2022-03-19,4517,12633,2,7-4517126332
Russia,Russia,BMP-3,captured,https://i.postimg.cc/fLjQcz3R/51.jpg,2022-03-19,4517,12634,2,7-4517126342
Russia,Russia,BMP-3,captured,https://i.postimg.cc/Ghw0nr5d/sfg.png,2022-03-19,4517,12635,2,7-4517126352
Russia,Russia,BMP-3,captured,https://i.postimg.cc/Y90pN0MQ/d14g.png,2022-03-19,4517,12636,2,7-4517126362
Russia,Russia,BMP-3,captured,https://i.postimg.cc/B66JMmRq/g55.jpg,2022-03-26,4517,12627,2,7-4517126272
Russia,Russia,BMP-3,captured,https://i.postimg.cc/CLpMCKPM/14.png,2022-03-26,4517,12642,2,7-4517126422
Russia,Russia,BMP-3,captured,https://i.postimg.cc/Gpgj5ZYm/2r.png,2022-03-26,4517,12643,2,7-4517126432
Russia,Russia,BMP-3,captured,https://i.postimg.cc/SKwPQhVN/3311.jpg,2022-03-26,4517,12644,2,7-4517126442
Russia,Russia,BMP-3,captured,https://i.postimg.cc/jjmjsLGw/dd1.jpg,2022-03-26,4517,12645,2,7-4517126452
Russia,Russia,BMP-3,captured,https://i.postimg.cc/0j4pj428/6665.jpg,2022-03-26,4517,12646,2,7-4517126462
Russia,Russia,BMP-3,captured,https://i.postimg.cc/B6v142qD/7j6.png,2022-03-27,4517,12647,2,7-4517126472
Russia,Russia,BMP-3,captured,https://i.postimg.cc/63KDjcrS/v6.png,2022-04-04,4517,12656,2,7-4517126562
Russia,Russia,BMP-3,captured,https://i.postimg.cc/TP5dMtW3/743.png,2022-04-04,4517,12657,2,7-4517126572
Russia,Russia,BMP-3,captured,https://i.postimg.cc/g2Pq67mf/bb1.png,2022-04-04,4517,12658,2,7-4517126582
Russia,Russia,BMP-3,captured,https://i.postimg.cc/yYnYFgHs/bb2.jpg,2022-04-04,4517,12659,2,7-4517126592
Russia,Russia,BMP-3,captured,https://i.postimg.cc/7L2dL4Qz/bn1.png,2022-04-04,4517,12660,2,7-4517126602
Russia,Russia,BMP-3,captured,https://i.postimg.cc/fyTw3p2m/23.jpg,2022-04-06,4517,12663,2,7-4517126632
Russia,Russia,BMP-3,captured,https://i.postimg.cc/rpGWpndW/7900.jpg,2022-04-09,4517,12664,2,7-4517126642
Russia,Russia,BMP-3,captured,https://i.postimg.cc/3rbPcZKC/32.jpg,2022-04-10,4517,12665,2,7-4517126652
Russia,Russia,BMP-3,captured,https://i.postimg.cc/cLVrtqYb/cc1.jpg,2022-04-10,4517,12666,2,7-4517126662
Russia,Russia,BMP-3,captured,https://i.postimg.cc/1tSXMpv0/cc2.jpg,2022-04-10,4517,12667,2,7-4517126672
Russia,Russia,BMP-3,captured,https://i.postimg.cc/WpmBhMvM/4d.png,2022-04-11,4517,12675,2,7-4517126752
Russia,Russia,BMP-3,captured,https://i.postimg.cc/6qQy4ByR/588.png,2022-04-11,4517,12676,2,7-4517126762
Russia,Russia,BMP-3,captured,https://i.postimg.cc/6QwR5JLV/85.png,2022-04-11,4517,12677,2,7-4517126772
Russia,Russia,BMP-3,captured,https://i.postimg.cc/wT2CXJ4J/b11.jpg,2022-04-13,4517,12678,2,7-4517126782
Russia,Russia,BMP-3,captured,https://i.postimg.cc/L5fKj6dx/447.jpg,2022-04-13,4517,12679,2,7-4517126792
Russia,Russia,BMP-3,captured,https://i.postimg.cc/vB4pd7z1/768.png,2022-04-13,4517,12680,2,7-4517126802
Russia,Russia,BMP-3,captured,https://i.postimg.cc/RCkvgNdS/33h.jpg,2022-04-17,4517,12683,2,7-4517126832
Russia,Russia,BMP-3,captured,https://i.postimg.cc/L8nKNtCk/760.jpg,2022-05-01,4517,12696,2,7-4517126962
Russia,Russia,BMP-3,captured,https://i.postimg.cc/BQHt6Xc9/439.jpg,2022-05-05,4517,12698,2,7-4517126982
Russia,Russia,BMP-3,captured,https://i.postimg.cc/TwLDs8Yx/c2.jpg,2022-05-05,4517,12699,2,7-4517126992
Russia,Russia,BMP-3,captured,https://i.postimg.cc/Fs5xyXbs/j9.jpg,2022-05-15,4517,12707,2,7-4517127072
Russia,Russia,BMP-3,captured,https://i.postimg.cc/1tChfp67/h7.jpg,2022-05-21,4517,12709,2,7-4517127092
Russia,Russia,BMP-3,captured,https://i.postimg.cc/XJqvjnqD/4387.png,2022-05-25,4517,12711,2,7-4517127112
Russia,Russia,BMP-3,captured,https://i.postimg.cc/xTvqjQQp/f33.jpg,2022-06-29,4517,12725,2,7-4517127252
Russia,Russia,BMP-3,captured,https://i.postimg.cc/J4VGWnfB/f34.jpg,2022-06-29,4517,12726,2,7-4517127262
Russia,Russia,BMP-3,captured,https://twitter.com/UAWeapons/status/1543589293439991815,2022-07-04,4517,12728,2,7-4517127282
Russia,Russia,BMP-3,captured,https://i.postimg.cc/136yYkmF/1013.jpg,2022-07-05,4517,12730,2,7-4517127302
Russia,Russia,BMP-3,captured,https://twitter.com/RALee85/status/1544002254948147205,2022-07-05,4517,12731,2,7-4517127312
Russia,Russia,BMP-3,captured,https://i.postimg.cc/nrpgjrrf/1011.jpg,2022-07-26,4517,12738,2,7-4517127382
Russia,Russia,BMP-3,captured,https://i.postimg.cc/B6V8FnM8/1004-bmp-3.jpg,2022-07-31,4517,12741,2,7-4517127412
Russia,Russia,BMP-3,captured,https://twitter.com/UAWeapons/status/1556652609368383490,2022-08-09,4517,12751,2,7-4517127512
Russia,Russia,BMP-3,captured,https://i.postimg.cc/NFnwb5WB/1000.jpg,2022-08-14,4517,12753,2,7-4517127532
Russia,Russia,BMP-3,captured,https://i.postimg.cc/7h2VzW38/1005-bmp3.jpg,2022-09-05,4517,12763,2,7-4517127632
Russia,Russia,BMP-3,captured,https://twitter.com/UAWeapons/status/1567823899785658368,2022-09-09,4517,6502,2,7-451765022
Russia,Russia,BMP-3,captured,https://twitter.com/UAWeapons/status/1568649942113337345,2022-09-11,4517,12769,2,7-4517127692
Russia,Russia,BMP-3,captured,https://i.postimg.cc/BnxtSVhP/1005-bmp3.jpg,2022-09-12,4517,12770,2,7-4517127702
Russia,Russia,BMP-3,captured,https://twitter.com/UAWeapons/status/1570488772290125825,2022-09-16,4517,12774,2,7-4517127742
Russia,Russia,BMP-3,captured,https://twitter.com/UAWeapons/status/1570764195385446400,2022-09-17,4517,86,2,7-4517862
Russia,Russia,BMP-3,captured,https://i.postimg.cc/pVDcn5RG/1000-bmp3.jpg,2022-09-23,4517,12776,2,7-4517127762
Russia,Russia,BMP-3,captured,https://twitter.com/UAWeapons/status/1574388532239425536,2022-09-27,4517,12567,2,7-4517125672
Russia,Russia,BMP-3,captured,https://i.postimg.cc/k4JF5XG8/1006-bmp3-capt.jpg,2022-09-30,4517,12778,2,7-4517127782
Russia,Russia,BMP-3,captured,https://i.postimg.cc/43YGpRxS/1008-bmp3-capt.jpg,2022-10-01,4517,12781,2,7-4517127812
Russia,Russia,BMP-3,captured,https://i.postimg.cc/5NdkR2KH/1023-bmp3-capt.jpg,2022-10-02,4517,12783,2,7-4517127832
Russia,Russia,BMP-3,captured,https://i.postimg.cc/Bn9XhqVY/2022-10-01-BMP-3.jpg,2022-10-03,4517,12785,2,7-4517127852
Russia,Russia,BMP-3,captured,https://i.postimg.cc/wBY6SkzT/1013-bmp3-capt.jpg,2022-10-04,4517,12786,2,7-4517127862
Russia,Russia,BMP-3,captured,https://i.postimg.cc/xCfnxr0F/1030-bmp3-capt.jpg,2022-10-12,4517,12790,2,7-4517127902
Russia,Russia,BMP-3,captured,https://i.postimg.cc/hP1nKFXN/1018-bmp3-capt.jpg,2022-10-21,4517,12808,2,7-4517128082
Russia,Russia,BMP-3,captured,https://i.postimg.cc/zvJvZh2v/1001-bmp3-capt.jpg,2022-10-22,4517,12809,2,7-4517128092
Russia,Russia,BMP-3,captured,https://twitter.com/UAWeapons/status/1589365956450869248,2022-11-08,4517,4040,2,7-451740402
Russia,Russia,BMP-3,captured,https://twitter.com/UAWeapons/status/1592875660871012352,2022-11-18,4517,12825,2,7-4517128252
Russia,Russia,BMP-3,captured,https://i.postimg.cc/k502thvh/1000-bmp3-dam-capt.jpg,2022-11-19,4517,12826,2,7-4517128262
Russia,Russia,BMP-3,captured,https://i.postimg.cc/76Sf1MBP/1002-bmp3-dam-capt.jpg,2022-11-19,4517,12827,2,7-4517128272
Russia,Russia,BMP-3,captured,https://i.postimg.cc/KYkKjyBM/1006-bmp3-capt.jpg,2022-11-19,4517,12828,2,7-4517128282
Russia,Russia,BMP-3,captured,https://i.postimg.cc/g02p1XJY/1004-bmp3-capt.jpg,2022-11-28,4517,12831,2,7-4517128312
Russia,Russia,BMP-3,captured,https://i.postimg.cc/P5jGs2FZ/1043-bmp3-dam-capt-29-01-23.jpg,2023-01-30,4517,12851,2,7-4517128512
Russia,Russia,BMP-3,captured,https://i.postimg.cc/Vv7Dd27t/1004-bmp3-capt-28-02-23.jpg,2023-03-01,4517,12869,2,7-4517128692
Russia,Russia,BMP-3,captured,https://i.postimg.cc/yYpqMm5G/1015-bmp3-capt-20-03-23.jpg,2023-03-22,4517,12876,2,7-4517128762
Russia,Russia,BMP-3,captured,https://i.postimg.cc/y8jfPYmB/3870.png,2023-09-07,4517,12935,2,7-4517129352
Russia,Russia,BMP-3,captured,https://i.postimg.cc/SKv8p219/1020-bmp3-capt-31-12-22.jpg,2024-02-29,4517,13014,2,7-4517130142
Russia,Russia,BMP-3,captured,https://i.postimg.cc/NjzpS19k/1014-BMP-3-capt-30-11-22.jpg,2024-04-08,4517,13036,2,7-4517130362
Russia,Russia,BMP-3,captured,https://i.postimg.cc/L5T3v5P8/1106-bmp3-capt-13-05-22.jpg,2024-05-26,4517,13054,2,7-4517130542
Russia,Russia,BMP-3 688M sb. 3KDZ,captured,https://i.postimg.cc/FsFq4XV1/1034-bmp3-688-capt-31-07-23.jpg,2023-08-01,4519,13161,2,7-4519131612
Russia,Soviet Union,BREM-1 armoured recovery vehicle,captured,https://i.postimg.cc/jjCsCJcK/4f1.png,2022-03-19,4522,13214,2,7-4522132142
Russia,Soviet Union,BREM-1 armoured recovery vehicle,captured,https://i.postimg.cc/nLpYNwFC/6612.jpg,2022-03-26,4522,13215,2,7-4522132152
Russia,Soviet Union,BREM-1 armoured recovery vehicle,captured,https://i.postimg.cc/6QhDBD3N/43f.jpg,2022-04-06,4522,13217,2,7-4522132172
Russia,Soviet Union,BREM-1 armoured recovery vehicle,captured,https://i.postimg.cc/yNws36pc/67.jpg,2022-04-06,4522,13218,2,7-4522132182
Russia,Soviet Union,BREM-1 armoured recovery vehicle,captured,https://i.postimg.cc/C15pzLHk/88.jpg,2022-04-09,4522,13219,2,7-4522132192
Russia,Soviet Union,BREM-1 armoured recovery vehicle,captured,https://i.postimg.cc/yxrD20wD/y6.jpg,2022-04-09,4522,13220,2,7-4522132202
Russia,Soviet Union,BREM-1 armoured recovery vehicle,captured,https://i.postimg.cc/50T9QN8p/87.jpg,2022-04-20,4522,13221,2,7-4522132212
Russia,Soviet Union,BREM-1 armoured recovery vehicle,captured,https://i.postimg.cc/SKgsHmDS/44360.png,2022-05-29,4522,13224,2,7-4522132242
Russia,Soviet Union,BREM-1 armoured recovery vehicle,captured,https://twitter.com/UAWeapons/status/1568992480909205504,2022-09-12,4522,2189,2,7-452221892
Russia,Soviet Union,BREM-1 armoured recovery vehicle,captured,https://twitter.com/Blue_Sauron/status/1568895598777991169,2022-09-12,4522,4141,2,7-452241412
Russia,Soviet Union,BREM-1 armoured recovery vehicle,captured,https://i.postimg.cc/GtW8q9kw/378.png,2022-09-15,4522,13229,2,7-4522132292
Russia,Soviet Union,BREM-1 armoured recovery vehicle,captured,https://i.postimg.cc/bJ9fVcz2/1000-brem-1.png,2022-10-02,4522,13231,2,7-4522132312
Russia,Soviet Union,BREM-2 armoured recovery vehicle,captured,https://i.postimg.cc/Tw3ZqJDG/5g55.jpg,2022-04-04,4523,13283,2,7-4523132832
Russia,Czech Republic,BREM-Ch ''BREM-4'' armoured recovery vehicle,captured,https://i.postimg.cc/q7tSgdkM/f32.jpg,2022-03-19,4524,13285,2,7-4524132852
Russia,Russia,BREM-K armoured recovery vehicle,captured,https://i.postimg.cc/mkmwnq7g/760.png,2022-03-19,4525,13291,2,7-4525132912
Russia,Russia,BREM-K armoured recovery vehicle,captured,https://i.postimg.cc/QCTQ7QCg/Screenshot-8472.png,2022-03-19,4525,13292,2,7-4525132922
Russia,Russia,BREM-K armoured recovery vehicle,captured,https://i.postimg.cc/vZx0n9Cw/1013-BREM-K-capt.jpg,2022-12-15,4525,13293,2,7-4525132932
Russia,Soviet Union,BRM-1K,captured,https://i.postimg.cc/W4LXNVTC/567.png,2022-04-01,4526,13302,2,7-4526133022
Russia,Soviet Union,BRM-1K,captured,https://i.postimg.cc/Bnw75hGW/6653.jpg,2022-05-03,4526,13304,2,7-4526133042
Russia,Soviet Union,BTR-60PU-12M air defence command vehicle,captured,https://i.postimg.cc/fLLWyZ83/327g.png,2022-12-21,4529,13309,2,7-4529133092
Russia,Soviet Union,BTR-80,captured,https://i.postimg.cc/HsQGV9qw/nm.jpg,2022-03-19,4532,13339,2,7-4532133392
Russia,Soviet Union,BTR-80,captured,https://i.postimg.cc/cJCm25Z1/n2.png,2022-03-19,4532,13340,2,7-4532133402
Russia,Soviet Union,BTR-80,captured,https://i.postimg.cc/858P5L8g/Screenshot-8471.png,2022-03-19,4532,13341,2,7-4532133412
Russia,Soviet Union,BTR-80,captured,https://i.postimg.cc/qMBBzkFq/Screenshot-8469.png,2022-03-19,4532,13342,2,7-4532133422
Russia,Soviet Union,BTR-80,captured,https://i.postimg.cc/8cymMnKf/4433.png,2022-03-19,4532,13343,2,7-4532133432
Russia,Soviet Union,BTR-80,captured,https://i.postimg.cc/J7gs84ZC/456.png,2022-03-19,4532,13344,2,7-4532133442
Russia,Soviet Union,BTR-80,captured,https://i.postimg.cc/8krZNc9h/545.png,2022-03-19,4532,13345,2,7-4532133452
Russia,Soviet Union,BTR-80,captured,https://i.postimg.cc/pLJKZRL1/23.png,2022-03-19,4532,13346,2,7-4532133462
Russia,Soviet Union,BTR-80,captured,https://i.postimg.cc/15nsWPhH/67.png,2022-03-19,4532,13347,2,7-4532133472
Russia,Soviet Union,BTR-80,captured,https://i.postimg.cc/MZY8btn5/4f77.png,2022-03-19,4532,13348,2,7-4532133482
Russia,Soviet Union,BTR-80,captured,https://postimg.cc/9RpV5hjH,2022-03-19,4532,13349,2,7-4532133492
Russia,Soviet Union,BTR-80,captured,https://i.postimg.cc/0yN9bKkZ/3d13.png,2022-03-19,4532,13350,2,7-4532133502
Russia,Soviet Union,BTR-80,captured,https://i.postimg.cc/9f4K0M1q/443f.png,2022-03-19,4532,13351,2,7-4532133512
Russia,Soviet Union,BTR-80,captured,https://i.postimg.cc/XY0603X9/137.png,2022-03-19,4532,13352,2,7-4532133522
Russia,Soviet Union,BTR-80,captured,https://i.postimg.cc/4d5xY5FN/f2f.png,2022-03-19,4532,13353,2,7-4532133532
Russia,Soviet Union,BTR-80,captured,https://i.postimg.cc/rmCrKCt5/g43.png,2022-03-19,4532,13354,2,7-4532133542
Russia,Soviet Union,BTR-80,captured,https://i.postimg.cc/qqpsFB3j/4313.png,2022-03-19,4532,13355,2,7-4532133552
Russia,Soviet Union,BTR-80,captured,https://i.postimg.cc/hPp61ynw/4156.png,2022-03-19,4532,13356,2,7-4532133562
Russia,Soviet Union,BTR-80,captured,https://i.postimg.cc/fTH27N6P/5t.png,2022-03-19,4532,13357,2,7-4532133572
Russia,Soviet Union,BTR-80,captured,https://i.postimg.cc/sDsVMgDk/541.png,2022-03-26,4532,13359,2,7-4532133592
Russia,Soviet Union,BTR-80,captured,https://i.postimg.cc/GmYjgxws/498.png,2022-03-26,4532,13360,2,7-4532133602
Russia,Soviet Union,BTR-80,captured,https://i.postimg.cc/8kWxq31m/122.png,2022-03-26,4532,13361,2,7-4532133612
Russia,Soviet Union,BTR-80,captured,https://i.postimg.cc/C1k9VdkN/48.png,2022-03-26,4532,13362,2,7-4532133622
Russia,Soviet Union,BTR-80,captured,https://i.postimg.cc/rw28WzL2/4j.png,2022-03-26,4532,13363,2,7-4532133632
Russia,Soviet Union,BTR-80,captured,https://i.postimg.cc/wvVb8jyG/76m.jpg,2022-03-27,4532,10008,2,7-4532100082
Russia,Soviet Union,BTR-80,captured,https://i.postimg.cc/KzCX8xb5/f68.png,2022-03-28,4532,13365,2,7-4532133652
Russia,Soviet Union,BTR-80,captured,https://i.postimg.cc/HWZKdnQ8/46p.png,2022-03-30,4532,13366,2,7-4532133662
Russia,Soviet Union,BTR-80,captured,https://i.postimg.cc/rmL9smDd/4f5.jpg,2022-04-06,4532,13371,2,7-4532133712
Russia,Soviet Union,BTR-80,captured,https://i.postimg.cc/HLN2m7X7/b55.jpg,2022-04-09,4532,13372,2,7-4532133722
Russia,Soviet Union,BTR-80,captured,https://i.postimg.cc/bv4XsrkK/688.jpg,2022-04-09,4532,13373,2,7-4532133732
Russia,Soviet Union,BTR-80,captured,https://i.postimg.cc/0QhzJwNp/3277.png,2022-05-03,4532,13379,2,7-4532133792
Russia,Soviet Union,BTR-80,captured,https://i.postimg.cc/6Q2w414m/487.png,2022-05-03,4532,13380,2,7-4532133802
Russia,Soviet Union,BTR-80,captured,https://i.postimg.cc/FKnhWXjZ/431.jpg,2022-05-23,4532,13383,2,7-4532133832
Russia,Soviet Union,BTR-80,captured,https://i.postimg.cc/cC1Jr9bf/3322.jpg,2022-06-07,4532,13387,2,7-4532133872
Russia,Soviet Union,BTR-80,captured,https://postimg.cc/XZ3JnzqY,2022-07-19,4532,13397,2,7-4532133972
Russia,Soviet Union,BTR-80,captured,https://i.postimg.cc/Dy1dQRVX/1000-btr80.jpg,2022-08-04,4532,13401,2,7-4532134012
Russia,Soviet Union,BTR-80,captured,https://i.postimg.cc/zvHPLhtq/1002-btr80.jpg,2022-08-04,4532,13402,2,7-4532134022
Russia,Soviet Union,BTR-80,captured,https://i.postimg.cc/6Qbd5XZD/1001-btr80.jpg,2022-08-04,4532,13403,2,7-4532134032
Russia,Soviet Union,BTR-80,captured,https://i.postimg.cc/X7cbbJ2p/1002-BTR80.jpg,2022-08-13,4532,13407,2,7-4532134072
Russia,Soviet Union,BTR-80,captured,https://twitter.com/UAWeapons/status/1567266909757792256,2022-09-08,4532,13413,2,7-4532134132
Russia,Soviet Union,BTR-80,captured,https://i.postimg.cc/RVHNwcb6/1045-btr80.jpg,2022-09-08,4532,13414,2,7-4532134142
Russia,Russia,BTR-82A,captured,https://i.postimg.cc/BbS69p4N/66588.png,2022-03-19,4533,13441,2,7-4533134412
Russia,Russia,BTR-82A,captured,https://i.postimg.cc/vmkFs4Bx/4437.png,2022-03-19,4533,13442,2,7-4533134422
Russia,Russia,BTR-82A,captured,https://i.postimg.cc/jdHxdgRs/44f.png,2022-03-19,4533,13443,2,7-4533134432
Russia,Russia,BTR-82A,captured,https://i.postimg.cc/Y994gyQF/431.png,2022-03-19,4533,13444,2,7-4533134442
Russia,Russia,BTR-82A,captured,https://i.postimg.cc/TY2FGgMp/gg5.png,2022-03-19,4533,13445,2,7-4533134452
Russia,Russia,BTR-82A,captured,https://i.postimg.cc/GpPxHgvr/65h.png,2022-03-19,4533,13446,2,7-4533134462
Russia,Russia,BTR-82A,captured,https://i.postimg.cc/qqFSQzs8/4f1f.png,2022-03-19,4533,13447,2,7-4533134472
Russia,Russia,BTR-82A,captured,https://i.postimg.cc/fLkJ1YHZ/578.png,2022-03-19,4533,13448,2,7-4533134482
Russia,Russia,BTR-82A,captured,https://i.postimg.cc/MTnD6Msb/45.jpg,2022-03-26,4533,13440,2,7-4533134402
Russia,Russia,BTR-82A,captured,https://i.postimg.cc/9fyrTNZ0/15.png,2022-03-26,4533,13460,2,7-4533134602
Russia,Russia,BTR-82A,captured,https://i.postimg.cc/7ZPVbWz0/89.jpg,2022-03-26,4533,13461,2,7-4533134612
Russia,Russia,BTR-82A,captured,https://i.postimg.cc/JntXrJN9/hd.jpg,2022-03-27,4533,13465,2,7-4533134652
Russia,Russia,BTR-82A,captured,https://i.postimg.cc/CLMc38gC/346.png,2022-03-27,4533,13466,2,7-4533134662
Russia,Russia,BTR-82A,captured,https://i.postimg.cc/rybYQ6TS/6hjj.png,2022-03-28,4533,13467,2,7-4533134672
Russia,Russia,BTR-82A,captured,https://i.postimg.cc/sXmk575w/1d3.png,2022-03-28,4533,13468,2,7-4533134682
Russia,Russia,BTR-82A,captured,https://i.postimg.cc/Kzj4BggS/577.png,2022-03-29,4533,13470,2,7-4533134702
Russia,Russia,BTR-82A,captured,https://i.postimg.cc/prC4DpN8/312.png,2022-03-29,4533,13471,2,7-4533134712
Russia,Russia,BTR-82A,captured,https://i.postimg.cc/5yzVrP3b/6688.jpg,2022-03-31,4533,13475,2,7-4533134752
Russia,Russia,BTR-82A,captured,https://i.postimg.cc/TY0tRgBM/4766.png,2022-04-01,4533,13483,2,7-4533134832
Russia,Russia,BTR-82A,captured,https://i.postimg.cc/J7P4V4M6/879.jpg,2022-04-01,4533,13484,2,7-4533134842
Russia,Russia,BTR-82A,captured,https://i.postimg.cc/bJbt0qwP/bt1.jpg,2022-04-01,4533,13485,2,7-4533134852
Russia,Russia,BTR-82A,captured,https://i.postimg.cc/3rXGdrqC/bt2.jpg,2022-04-01,4533,13486,2,7-4533134862
Russia,Russia,BTR-82A,captured,https://i.postimg.cc/RhyN68w8/r32.jpg,2022-04-01,4533,13487,2,7-4533134872
Russia,Russia,BTR-82A,captured,https://i.postimg.cc/2j09Bs21/j6.jpg,2022-04-01,4533,13488,2,7-4533134882
Russia,Russia,BTR-82A,captured,https://i.postimg.cc/rmKjGmhz/787.jpg,2022-04-01,4533,13489,2,7-4533134892
Russia,Russia,BTR-82A,captured,https://i.postimg.cc/Xq9Xhr4s/v3.png,2022-04-01,4533,13490,2,7-4533134902
Russia,Russia,BTR-82A,captured,https://i.postimg.cc/jdQL4n85/v5.jpg,2022-04-01,4533,13491,2,7-4533134912
Russia,Russia,BTR-82A,captured,https://i.postimg.cc/fWd3krmY/v4.jpg,2022-04-01,4533,13492,2,7-4533134922
Russia,Russia,BTR-82A,captured,https://i.postimg.cc/1X7ztWxd/466.png,2022-04-04,4533,13506,2,7-4533135062
Russia,Russia,BTR-82A,captured,https://i.postimg.cc/ZnJ3m7tN/4311.png,2022-04-04,4533,13507,2,7-4533135072
Russia,Russia,BTR-82A,captured,https://i.postimg.cc/XJtjcXxY/658.png,2022-04-04,4533,13508,2,7-4533135082
Russia,Russia,BTR-82A,captured,https://i.postimg.cc/mkxT43yQ/4f3.jpg,2022-04-04,4533,13509,2,7-4533135092
Russia,Russia,BTR-82A,captured,https://i.postimg.cc/jSQVn0Qn/ff2.jpg,2022-04-04,4533,13510,2,7-4533135102
Russia,Russia,BTR-82A,captured,https://i.postimg.cc/Cx7Wdkbp/d321.jpg,2022-04-04,4533,13495,2,7-4533134952
Russia,Russia,BTR-82A,captured,https://i.postimg.cc/sx1203yv/db.png,2022-04-04,4533,13511,2,7-4533135112
Russia,Russia,BTR-82A,captured,https://i.postimg.cc/fyfbHsH9/332.jpg,2022-04-04,4533,13512,2,7-4533135122
Russia,Russia,BTR-82A,captured,https://i.postimg.cc/wTPhLcmY/25.png,2022-04-04,4533,13513,2,7-4533135132
Russia,Russia,BTR-82A,captured,https://i.postimg.cc/sxY0TD5r/cc1.jpg,2022-04-04,4533,13514,2,7-4533135142
Russia,Russia,BTR-82A,captured,https://i.postimg.cc/kG3pNt6s/cc2.jpg,2022-04-04,4533,13515,2,7-4533135152
Russia,Russia,BTR-82A,captured,https://i.postimg.cc/zfX8Ls5G/87.jpg,2022-04-04,4533,13516,2,7-4533135162
Russia,Russia,BTR-82A,captured,https://i.postimg.cc/Ghn3hTJP/443.png,2022-04-06,4533,13526,2,7-4533135262
Russia,Russia,BTR-82A,captured,https://i.postimg.cc/wBffMpDD/323.jpg,2022-04-06,4533,13527,2,7-4533135272
Russia,Russia,BTR-82A,captured,https://i.postimg.cc/hGt49XJv/67.jpg,2022-04-09,4533,13528,2,7-4533135282
Russia,Russia,BTR-82A,captured,https://i.postimg.cc/3JxSHq94/b12.jpg,2022-04-13,4533,13531,2,7-4533135312
Russia,Russia,BTR-82A,captured,https://i.postimg.cc/dV4SXCJz/61.png,2022-04-17,4533,13532,2,7-4533135322
Russia,Russia,BTR-82A,captured,https://i.postimg.cc/xd2rYqyW/45.png,2022-04-25,4533,13551,2,7-4533135512
Russia,Russia,BTR-82A,captured,https://i.postimg.cc/Bn7crjcC/btrr82.png,2022-04-25,4533,13552,2,7-4533135522
Russia,Russia,BTR-82A,captured,https://i.postimg.cc/qqcxSQjt/btr82aa.jpg,2022-04-25,4533,13553,2,7-4533135532
Russia,Russia,BTR-82A,captured,https://i.postimg.cc/yYPTTQDt/btr82.jpg,2022-04-25,4533,13554,2,7-4533135542
Russia,Russia,BTR-82A,captured,https://postimg.cc/xJgHCx4t,2022-04-25,4533,13555,2,7-4533135552
Russia,Russia,BTR-82A,captured,https://postimg.cc/jDJzXhDS,2022-04-25,4533,13556,2,7-4533135562
Russia,Russia,BTR-82A,captured,https://i.postimg.cc/zGXp9cvZ/b1.jpg,2022-04-25,4533,13557,2,7-4533135572
Russia,Russia,BTR-82A,captured,https://i.postimg.cc/kGvFHQdg/b2.jpg,2022-04-25,4533,13558,2,7-4533135582
Russia,Russia,BTR-82A,captured,https://i.postimg.cc/ZqXcvYc4/b3.jpg,2022-04-25,4533,13559,2,7-4533135592
Russia,Russia,BTR-82A,captured,https://i.postimg.cc/6pRscNqC/3311.png,2022-05-03,4533,13567,2,7-4533135672
Russia,Russia,BTR-82A,captured,https://i.postimg.cc/FsYQBBDs/4439.png,2022-05-03,4533,13568,2,7-4533135682
Russia,Russia,BTR-82A,captured,https://i.postimg.cc/rpVT2Ltm/41.jpg,2022-05-10,4533,13572,2,7-4533135722
Russia,Russia,BTR-82A,captured,https://i.postimg.cc/T25xnSws/763.jpg,2022-05-12,4533,13575,2,7-4533135752
Russia,Russia,BTR-82A,captured,https://i.postimg.cc/PJJsygBj/h70.jpg,2022-05-23,4533,13580,2,7-4533135802
Russia,Russia,BTR-82A(M),captured,https://i.postimg.cc/Jnr8qy5L/f33.jpg,2022-06-07,4534,13585,2,7-4534135852
Russia,Russia,BTR-82A(M),captured,https://i.postimg.cc/fyWq3ZF7/j777.jpg,2022-06-29,4534,13592,2,7-4534135922
Russia,Russia,BTR-82A(M),captured,https://i.postimg.cc/NfmCX7M2/1005.jpg,2022-07-27,4534,13600,2,7-4534136002
Russia,Russia,BTR-82A(M),captured,https://twitter.com/UAWeapons/status/1553999985288642561,2022-08-04,4534,13605,2,7-4534136052
Russia,Russia,BTR-82A(M),captured,https://i.postimg.cc/C1XJ00CN/1002-btr-82a.jpg,2022-08-09,4534,13606,2,7-4534136062
Russia,Russia,BTR-82A(M),captured,https://twitter.com/UAWeapons/status/1562418509577158656,2022-08-30,4534,13624,2,7-4534136242
Russia,Russia,BTR-82A(M),captured,https://twitter.com/UAWeapons/status/1567268160784502786,2022-09-08,4534,13628,2,7-4534136282
Russia,Russia,BTR-82A(M),captured,https://i.postimg.cc/8zFh6QBD/1040-btr82.jpg,2022-09-08,4534,13629,2,7-4534136292
Russia,Soviet Union,BTR-D,captured,https://i.postimg.cc/bN80m24w/6688.png,2022-03-19,4535,13643,2,7-4535136432
Russia,Soviet Union,BTR-D,captured,https://i.postimg.cc/dt5X2Dt3/Screenshot-8647.png,2022-03-19,4535,13644,2,7-4535136442
Russia,Soviet Union,BTR-D,captured,https://i.postimg.cc/cC5Xg9fm/b77.jpg,2022-03-19,4535,13645,2,7-4535136452
Russia,Soviet Union,BTR-D,captured,https://i.postimg.cc/MpZ12bRZ/v7.jpg,2022-03-19,4535,13646,2,7-4535136462
Russia,Soviet Union,BTR-D,captured,https://i.postimg.cc/MK9vRkMx/vbb.jpg,2022-03-19,4535,13647,2,7-4535136472
Russia,Soviet Union,BTR-D,captured,https://i.postimg.cc/Bnsmsrsf/5426.png,2022-03-19,4535,13648,2,7-4535136482
Russia,Soviet Union,BTR-D,captured,https://i.postimg.cc/1tcPVmD9/4435.jpg,2022-03-19,4535,10688,2,7-4535106882
Russia,Soviet Union,BTR-D,captured,https://i.postimg.cc/R0wx2Ssc/44ff.jpg,2022-03-19,4535,13649,2,7-4535136492
Russia,Soviet Union,BTR-D,captured,https://i.postimg.cc/43R2jzh3/441.png,2022-03-19,4535,13650,2,7-4535136502
Russia,Soviet Union,BTR-D,captured,https://i.postimg.cc/VNsLBfRz/c2.png,2022-03-19,4535,13651,2,7-4535136512
Russia,Soviet Union,BTR-D,captured,https://i.postimg.cc/vmpSy8RR/312.png,2022-03-19,4535,13652,2,7-4535136522
Russia,Soviet Union,BTR-D,captured,https://i.postimg.cc/zGbZPMny/43119.png,2022-03-19,4535,13653,2,7-4535136532
Russia,Soviet Union,BTR-D,captured,https://i.postimg.cc/v8kQ5d8Z/4790.png,2022-03-19,4535,13654,2,7-4535136542
Russia,Soviet Union,BTR-D,captured,https://i.postimg.cc/tgPskW5T/f5.png,2022-03-19,4535,13655,2,7-4535136552
Russia,Soviet Union,BTR-D,captured,https://i.postimg.cc/hvHyhF8f/d3.png,2022-04-04,4535,13660,2,7-4535136602
Russia,Soviet Union,BTR-D,captured,https://i.postimg.cc/9QZR97zk/7799.png,2022-04-18,4535,13667,2,7-4535136672
Russia,Soviet Union,BTR-D,captured,https://i.postimg.cc/nrH6csDS/332.png,2022-04-25,4535,13668,2,7-4535136682
Russia,Soviet Union,BTR-D,captured,https://i.postimg.cc/L6V1m8C0/1040-BTR-D.jpg,2022-07-28,4535,13688,2,7-4535136882
Russia,Soviet Union,BTR-D,captured,https://i.postimg.cc/BQGX0HFp/1079-BTR-D.jpg,2022-08-23,4535,13694,2,7-4535136942
Russia,Soviet Union,BTR-D,captured,https://i.postimg.cc/HkR9NQYF/1004-btr-d.jpg,2022-09-05,4535,13695,2,7-4535136952
Russia,Soviet Union,BTR-D,captured,https://twitter.com/UAWeapons/status/1567468458580889600,2022-09-08,4535,12494,2,7-4535124942
Russia,Soviet Union,BTR-D,captured,https://i.postimg.cc/qMtZ2zLN/1022-btr-d.jpg,2022-09-08,4535,13696,2,7-4535136962
Russia,Soviet Union,BTR-D,captured,https://twitter.com/UAWeapons/status/1577332880694542338,2022-10-05,4535,13697,2,7-4535136972
Russia,Soviet Union,BTR-D,captured,https://i.postimg.cc/K835KQqm/1000-btr-d-capt.jpg,2022-10-09,4535,13698,2,7-4535136982
Russia,Soviet Union,BTR-D,captured,https://i.postimg.cc/C17M6YQZ/1019-BTR-D-capt.jpg,2022-10-12,4535,13699,2,7-4535136992
Russia,Soviet Union,BTR-D,captured,https://i.postimg.cc/7YbNVdwT/1022-BTR-D-capt.jpg,2022-10-16,4535,13700,2,7-4535137002
Russia,Soviet Union,BTR-D,captured,https://i.postimg.cc/5yyXCVrD/327.png,2023-09-26,4535,13706,2,7-4535137062
Russia,Soviet Union,BTR-D,captured,https://i.postimg.cc/DwVTGSbj/1036-BTR-D-capt-07-09-22.jpg,2023-11-02,4535,13708,2,7-4535137082
Russia,Soviet Union,BTR-D,captured,https://i.postimg.cc/R0qBvG8j/1054-btr-d-capt-16-11-23.jpg,2023-11-20,4535,13710,2,7-4535137102
Russia,Soviet Union,BTR-D APC with UR-67 mine clearing charge,captured,https://i.postimg.cc/RZ6Qvh6C/4689.png,2022-03-19,4536,13720,2,7-4536137202
Russia,Russia,BTR-MDM 'Rakushka',captured,https://i.postimg.cc/fbrPchDx/bb78.png,2022-03-19,4537,13721,2,7-4537137212
Russia,Russia,BTR-MDM 'Rakushka',captured,https://i.postimg.cc/NFVY72Sw/g6.jpg,2022-03-19,4537,13722,2,7-4537137222
Russia,Russia,BTR-MDM 'Rakushka',captured,https://i.postimg.cc/2y3rZ7Hw/g7.jpg,2022-03-19,4537,13723,2,7-4537137232
Russia,Russia,BTR-MDM 'Rakushka',captured,https://i.postimg.cc/Jnrcqk0T/7764.png,2022-03-19,4537,13724,2,7-4537137242
Russia,Russia,BTR-MDM 'Rakushka',captured,https://i.postimg.cc/5tFT4FC5/ml.jpg,2022-03-19,4537,13725,2,7-4537137252
Russia,Russia,BTR-MDM 'Rakushka',captured,https://i.postimg.cc/zGLz9Tv7/g66.jpg,2022-04-04,4537,10879,2,7-4537108792
Russia,Russia,BTR-MDM 'Rakushka',captured,https://i.postimg.cc/Yq5ZCF8b/d1.png,2022-04-04,4537,13727,2,7-4537137272
Russia,Russia,BTR-MDM 'Rakushka',captured,https://twitter.com/UAWeapons/status/1590462176652689408,2022-11-10,4537,1968,2,7-453719682
Russia,Russia,BTR-MDM Rakushka,captured,https://i.postimg.cc/jqzcDmrH/1004-BTR-MDM-Rakushka-capt-12-08-23.jpg,2023-08-15,4538,13739,2,7-4538137392
Russia,Soviet Union,BTR-ZD 'Skrezhet',captured,https://i.postimg.cc/5yGCVnLj/g42.jpg,2022-03-19,4539,13762,2,7-4539137622
Russia,Soviet Union,BTR-ZD 'Skrezhet',captured,https://i.postimg.cc/JzKW9PP2/776.jpg,2022-04-06,4539,13763,2,7-4539137632
Russia,Soviet Union,BTS-4A armoured recovery vehicle,captured,https://i.postimg.cc/YCpFWxWy/326.jpg,2022-03-31,4541,13766,2,7-4541137662
Russia,Russia,E95M target drone (likely used as unmanned bait in order for Ukraine to reveal the location of air defence systems),captured,https://i.postimg.cc/GpYjry8V/46.png,2022-03-19,4543,13781,2,7-4543137812
Russia,Russia,E95M target drone (likely used as unmanned bait in order for Ukraine to reveal the location of air defence systems),captured,https://i.postimg.cc/90RcYr4V/43111.png,2022-05-23,4543,13782,2,7-4543137822
Russia,Russia,E95M target drone (likely used as unmanned bait in order for Ukraine to reveal the location of air defence systems),captured,https://i.postimg.cc/SKf73Vvs/3d.png,2022-05-24,4543,13783,2,7-4543137832
Russia,Russia,Eleron-3,captured,https://i.postimg.cc/zX0rNDNs/1040-Eleron-3-UAV-capt-16-12-22.jpg,2023-01-21,4544,13784,2,7-4544137842
Russia,Russia,Eleron-3,captured,https://i.postimg.cc/6Q9rgDkR/1015-Eleron-3-capt-01-05-23.jpg,2023-05-06,4544,13787,2,7-4544137872
Russia,Russia,Eleron-3,captured,https://i.postimg.cc/6pDN1N8P/1043-Eleron-3-capt-13-05-23.jpg,2023-05-17,4544,13790,2,7-4544137902
Russia,Russia,Eleron-3,captured,https://i.postimg.cc/nhsJkLh7/1044-Eleron-3-SV-reconnaissance-UAV-capt-10-05-23.jpg,2023-05-17,4544,13791,2,7-4544137912
Russia,Russia,Eleron-3,captured,https://i.postimg.cc/4xn1thyM/1030-Eleron-UAV-capt-18-05-23.jpg,2023-05-23,4544,13792,2,7-4544137922
Russia,Russia,Eleron-3,captured,https://i.postimg.cc/262VSMDH/1012-Eleron-3-SV-reconnaissance-UAV-capt-30-11-22.jpg,2023-05-26,4544,13794,2,7-4544137942
Russia,Russia,Eleron-3,captured,https://i.postimg.cc/bNjx51YM/1004-Eleron-3-capt-22-06-23.jpg,2023-06-25,4544,13796,2,7-4544137962
Russia,Russia,Eleron-3,captured,https://i.postimg.cc/GmSssGwf/1021-Eleron-3-reconnaissance-UAV-capt-18-04-22.jpg,2023-07-14,4544,13798,2,7-4544137982
Russia,Russia,Eleron-3,captured,https://i.postimg.cc/7ZFVj8WN/1055-eleron3-capt-19-07-23.jpg,2023-07-20,4544,13799,2,7-4544137992
Russia,Russia,Eleron-3,captured,https://i.postimg.cc/wMXHD0hD/1037-Eleron-capt-03-08-23.jpg,2023-08-04,4544,13801,2,7-4544138012
Russia,Russia,Eleron-3,captured,https://i.postimg.cc/8cZrs1M0/1020-eleron3-capt-07-08-23.jpg,2023-11-06,4544,13803,2,7-4544138032
Russia,Russia,Eleron-3,captured,https://i.postimg.cc/8kFgfQQj/1028-Eleron-3-reconnaissance-UAV-capt-03-07-24.jpg,2024-07-06,4544,13804,2,7-4544138042
Russia,Russia,Eleron-3 reconnaissance UAV,captured,https://i.postimg.cc/hGsW7Rwk/36hp.png,2022-03-19,4545,13805,2,7-4545138052
Russia,Russia,Eleron-3 reconnaissance UAV,captured,https://i.postimg.cc/ncWt99Cy/4ff.png,2022-03-19,4545,13806,2,7-4545138062
Russia,Russia,Eleron-3 reconnaissance UAV,captured,https://i.postimg.cc/yxRnwVzy/421.png,2022-03-26,4545,13807,2,7-4545138072
Russia,Russia,Eleron-3 reconnaissance UAV,captured,https://i.postimg.cc/dtTP9TgR/f50.png,2022-03-29,4545,13808,2,7-4545138082
Russia,Russia,Eleron-3 reconnaissance UAV,captured,https://i.postimg.cc/G3GCT98B/479.png,2022-04-19,4545,13809,2,7-4545138092
Russia,Russia,Eleron-3 reconnaissance UAV,captured,https://i.postimg.cc/V6S9fK6Z/769.png,2022-04-23,4545,13810,2,7-4545138102
Russia,Russia,Eleron-3 reconnaissance UAV,captured,https://i.postimg.cc/t43HgRz7/49.png,2022-05-23,4545,13812,2,7-4545138122
Russia,Russia,Eleron-3 reconnaissance UAV,captured,https://i.postimg.cc/8CbDZkFx/589.png,2022-05-23,4545,13813,2,7-4545138132
Russia,Russia,Eleron-3 reconnaissance UAV,captured,https://i.postimg.cc/brBpB1P1/434.png,2022-06-03,4545,13814,2,7-4545138142
Russia,Russia,Eleron-3 reconnaissance UAV,captured,https://i.postimg.cc/ht00FV6v/5g5.png,2022-06-29,4545,13815,2,7-4545138152
Russia,Russia,Eleron-3 reconnaissance UAV,captured,https://i.postimg.cc/3RLLMqnV/1007-Eleron-3-reconnaissance-UAV.jpg,2022-07-02,4545,13816,2,7-4545138162
Russia,Russia,Eleron-3 reconnaissance UAV,captured,https://twitter.com/UAWeapons/status/1561452400619159558,2022-08-23,4545,13817,2,7-4545138172
Russia,Russia,Eleron-3 reconnaissance UAV,captured,https://postimg.cc/QFpQ5z8d,2022-10-04,4545,13818,2,7-4545138182
Russia,Russia,Fara ground surveillance radar,captured,https://i.postimg.cc/RVzmKMQT/41.png,2022-03-19,4547,13821,2,7-4547138212
Russia,Russia,GAZ-3308,captured,https://i.postimg.cc/05fXfZ64/1007-GAZ-3308-capt-21-06-23.jpg,2023-06-28,4551,13835,2,7-4551138352
Russia,Soviet Union,GAZ-66,captured,https://i.postimg.cc/ncy3jWxy/55488.png,2022-03-19,4553,13846,2,7-4553138462
Russia,Soviet Union,GAZ-66,captured,https://i.postimg.cc/KjG2nQzc/4f220.png,2022-03-19,4553,13847,2,7-4553138472
Russia,Soviet Union,GAZ-66,captured,https://i.postimg.cc/9XPRbTw9/f43.png,2022-03-19,4553,13848,2,7-4553138482
Russia,Soviet Union,GAZ-66,captured,https://i.postimg.cc/R0C7W7V9/4317.png,2022-03-19,4553,13849,2,7-4553138492
Russia,Soviet Union,GAZ-66,captured,https://i.postimg.cc/VLV92mk5/433.png,2022-04-10,4553,13852,2,7-4553138522
Russia,Soviet Union,GAZ-66,captured,https://i.postimg.cc/pXvM15WK/d12.jpg,2022-04-21,4553,13853,2,7-4553138532
Russia,Soviet Union,GAZ-66,captured,https://i.postimg.cc/jdSY0Bkm/2022-09-22-GAZ-66.jpg,2022-09-24,4553,13857,2,7-4553138572
Russia,Soviet Union,GAZ-66,captured,https://i.postimg.cc/d1McgCfj/GAz-66-possibly-some-sort-of-command-variant.png,2022-10-01,4553,13858,2,7-4553138582
Russia,Soviet Union,GAZ-66,captured,https://i.postimg.cc/sfGhVFTf/2022-03-17-gaz-66.jpg,2022-10-18,4553,13860,2,7-4553138602
Russia,Soviet Union,GAZ-66,captured,https://i.postimg.cc/MK2CsTfD/1000-gaz-66-capt.jpg,2022-11-01,4553,13862,2,7-4553138622
Russia,Soviet Union,GAZ-66,captured,https://i.postimg.cc/9QRHKwqK/1001-gaz66-capt.jpg,2022-11-12,4553,13864,2,7-4553138642
Russia,Soviet Union,GAZ-66,captured,https://i.postimg.cc/WtRtWZrQ/vlc-et-R7-GCoo-BA.jpg,2022-11-28,4553,13866,2,7-4553138662
Russia,Soviet Union,GAZ-66,captured,https://i.postimg.cc/6Qsk9CN2/1001-gaz66-capt-13-01-23.jpg,2023-01-16,4553,13869,2,7-4553138692
Russia,Soviet Union,GAZ-66,captured,https://i.postimg.cc/DzCDF03k/1014-GAZ-66-capt-18-01-23.jpg,2023-01-30,4553,13870,2,7-4553138702
Russia,Soviet Union,GAZ-66,captured,https://i.postimg.cc/cHg7y78p/58.png,2023-04-12,4553,13873,2,7-4553138732
Russia,Soviet Union,GAZ-66,captured,https://i.postimg.cc/JnTQszyQ/1015-gaz66-capt-31-12-22.jpg,2023-12-10,4553,13884,2,7-4553138842
Russia,Russia,GAZ Tigr,captured,https://postlmg.cc/vxV5zM97,2022-09-13,4555,13918,2,7-4555139182
Russia,Russia,GAZ Tigr,captured,https://i.postimg.cc/Zn0SMcJX/50.png,2022-09-15,4555,13920,2,7-4555139202
Russia,Russia,GAZ Tigr,captured,https://i.postimg.cc/8Cwxg6XG/4g.png,2022-09-15,4555,13921,2,7-4555139212
Russia,Russia,GAZ Tigr,captured,https://i.postimg.cc/yxk4V4Lv/3870.png,2022-09-15,4555,13922,2,7-4555139222
Russia,Russia,GAZ Tigr,captured,https://twitter.com/UAWeapons/status/1572617375328993283,2022-09-22,4555,13923,2,7-4555139232
Russia,Russia,GAZ Tigr,captured,https://i.postimg.cc/63CBYcMX/Rosgvardija-Tigr-Derhachi-district.png,2022-10-01,4555,13924,2,7-4555139242
Russia,Russia,GAZ Tigr-M,captured,https://i.postimg.cc/JzBRKYtc/5j.png,2022-03-19,4556,13948,2,7-4556139482
Russia,Russia,GAZ Tigr-M,captured,https://i.postimg.cc/dVQxVhc7/58p.png,2022-03-19,4556,13949,2,7-4556139492
Russia,Russia,GAZ Tigr-M,captured,https://i.postimg.cc/BbVkvq1j/450.png,2022-03-19,4556,13950,2,7-4556139502
Russia,Russia,GAZ Tigr-M,captured,https://i.postimg.cc/TYnZsP1T/f1.png,2022-03-19,4556,13951,2,7-4556139512
Russia,Russia,GAZ Tigr-M,captured,https://i.postimg.cc/X7HWmbHB/7762.png,2022-03-19,4556,13952,2,7-4556139522
Russia,Russia,GAZ Tigr-M,captured,https://i.postimg.cc/sDRQNbwy/567.png,2022-03-19,4556,13953,2,7-4556139532
Russia,Russia,GAZ Tigr-M,captured,https://i.postimg.cc/DZysb6p8/41.png,2022-03-19,4556,13954,2,7-4556139542
Russia,Russia,GAZ Tigr-M,captured,https://i.postimg.cc/pL2jmr8d/3359.png,2022-03-19,4556,13955,2,7-4556139552
Russia,Russia,GAZ Tigr-M,captured,https://i.postimg.cc/gkpDYMB3/ff4.png,2022-03-19,4556,13956,2,7-4556139562
Russia,Russia,GAZ Tigr-M,captured,https://i.postimg.cc/L5tqXF8f/4431.png,2022-03-19,4556,13957,2,7-4556139572
Russia,Russia,GAZ Tigr-M,captured,https://i.postimg.cc/wB3Qr50G/7j.jpg,2022-03-19,4556,13958,2,7-4556139582
Russia,Russia,GAZ Tigr-M,captured,https://i.postimg.cc/gJJfdqTc/7j.png,2022-03-19,4556,13959,2,7-4556139592
Russia,Russia,GAZ Tigr-M,captured,https://i.postimg.cc/q7CHr66G/4890.png,2022-03-19,4556,13960,2,7-4556139602
Russia,Russia,GAZ Tigr-M,captured,https://i.postimg.cc/L5KZcNnf/ty.png,2022-03-19,4556,13961,2,7-4556139612
Russia,Russia,GAZ Tigr-M,captured,https://i.postimg.cc/zBHQr6sx/34.png,2022-03-19,4556,13962,2,7-4556139622
Russia,Russia,GAZ Tigr-M,captured,https://i.postimg.cc/P55LH5wM/25.png,2022-03-26,4556,13969,2,7-4556139692
Russia,Russia,GAZ Tigr-M,captured,https://i.postimg.cc/kGy4r0MZ/j0.jpg,2022-03-26,4556,13970,2,7-4556139702
Russia,Russia,GAZ Tigr-M,captured,https://i.postimg.cc/t45RJGBy/449.png,2022-03-26,4556,13971,2,7-4556139712
Russia,Russia,GAZ Tigr-M,captured,https://i.postimg.cc/rpD3MW3F/5774.jpg,2022-04-01,4556,13976,2,7-4556139762
Russia,Russia,GAZ Tigr-M,captured,https://i.postimg.cc/brJfQVL0/4567.png,2022-04-02,4556,13977,2,7-4556139772
Russia,Russia,GAZ Tigr-M,captured,https://i.postimg.cc/50gTqtJF/35g.png,2022-04-04,4556,13979,2,7-4556139792
Russia,Russia,GAZ Tigr-M,captured,https://i.postimg.cc/7YrWKjhP/5544.png,2022-04-04,4556,13980,2,7-4556139802
Russia,Russia,GAZ Tigr-M,captured,https://i.postimg.cc/0y3rs57q/43113.png,2022-04-04,4556,13981,2,7-4556139812
Russia,Russia,GAZ Tigr-M,captured,https://i.postimg.cc/TP0nt3pD/c1.jpg,2022-04-06,4556,13984,2,7-4556139842
Russia,Russia,GAZ Tigr-M,captured,https://twitter.com/UAWeapons/status/1512430960054317056,2022-04-09,4556,13990,2,7-4556139902
Russia,Russia,GAZ Tigr-M,captured,https://i.postimg.cc/YqLQXqct/6888.jpg,2022-04-13,4556,13996,2,7-4556139962
Russia,Russia,GAZ Tigr-M,captured,https://i.postimg.cc/63xrN82L/6899.jpg,2022-04-16,4556,13997,2,7-4556139972
Russia,Russia,GAZ Tigr-M,captured,https://i.postimg.cc/CK1P1m6Y/444.jpg,2022-04-18,4556,13998,2,7-4556139982
Russia,Russia,GAZ Tigr-M,captured,https://i.postimg.cc/kgGKrSR2/77.png,2022-04-19,4556,14002,2,7-4556140022
Russia,Russia,GAZ Tigr-M,captured,https://i.postimg.cc/GhNxNwm8/7j.jpg,2022-04-23,4556,14005,2,7-4556140052
Russia,Russia,GAZ Tigr-M,captured,https://i.postimg.cc/WzPqWTcm/25.jpg,2022-04-25,4556,14007,2,7-4556140072
Russia,Russia,GAZ Tigr-M,captured,https://i.postimg.cc/FsLBvxp1/f33.jpg,2022-05-15,4556,14014,2,7-4556140142
Russia,Russia,GAZ Tigr-M,captured,https://i.postimg.cc/Pr4HqYDj/3221.jpg,2022-06-08,4556,14016,2,7-4556140162
Russia,Russia,GAZ Tigr-M,captured,https://i.postimg.cc/XqyHHVHS/382.png,2022-09-15,4556,14028,2,7-4556140282
Russia,Soviet Union,GMZ-3 minelayer,captured,https://i.postimg.cc/wTmtwnYL/f79.png,2022-03-19,4557,14029,2,7-4557140292
Russia,Soviet Union,GMZ-3 minelayer,captured,https://i.postimg.cc/NMCsWzrC/1015-GMZ3.jpg,2022-09-28,4557,14030,2,7-4557140302
Russia,Soviet Union,GMZ-3 minelayer,captured,https://i.postimg.cc/brJ9LqZW/1021-gmz3-capt.jpg,2022-10-10,4557,14031,2,7-4557140312
Russia,Soviet Union,IMR-2 combat engineering vehicle,captured,https://i.postimg.cc/W3Hvh6fz/3d11.png,2022-03-19,4559,14043,2,7-4559140432
Russia,Soviet Union,IMR-2 combat engineering vehicle,captured,https://i.postimg.cc/g2S91zMw/112.png,2022-03-26,4559,14044,2,7-4559140442
Russia,Soviet Union,IMR-2 combat engineering vehicle,captured,https://i.postimg.cc/nLpYNwFC/6612.jpg,2022-03-26,4559,13215,2,7-4559132152
Russia,Soviet Union,IMR-2 combat engineering vehicle,captured,https://i.postimg.cc/6qdxjZ3m/36h.png,2022-03-30,4559,14045,2,7-4559140452
Russia,Soviet Union,IMR-2 combat engineering vehicle,captured,https://i.postimg.cc/KYXppvNB/769.png,2022-04-16,4559,14047,2,7-4559140472
Russia,Soviet Union,IMR-2 combat engineering vehicle,captured,https://i.postimg.cc/DZNhJF13/6659.png,2022-05-01,4559,14048,2,7-4559140482
Russia,Russia,IMR-3 combat engineering vehicle,captured,https://i.postimg.cc/QMsXx3yJ/45.jpg,2022-04-09,4561,14050,2,7-4561140502
Russia,Russia,IMR-3 combat engineering vehicle,captured,https://i.postimg.cc/nhNhsWMr/48.png,2022-04-10,4561,14051,2,7-4561140512
Russia,Italy,Iveco LMV 'Rys',captured,https://i.postimg.cc/C5gfTFhF/680o.png,2022-03-19,4563,14066,2,7-4563140662
Russia,Italy,Iveco LMV 'Rys',captured,https://i.postimg.cc/q7834FHV/355.png,2022-03-26,4563,14068,2,7-4563140682
Russia,Italy,Iveco LMV 'Rys',captured,https://i.postimg.cc/htkGPdXC/32.jpg,2022-03-31,4563,14072,2,7-4563140722
Russia,Italy,Iveco LMV 'Rys',captured,https://i.postimg.cc/7YV8ty42/6j.png,2022-05-23,4563,14075,2,7-4563140752
Russia,Italy,Iveco LMV Rys,captured,https://i.postimg.cc/4d4Bvtwn/1024.jpg,2022-07-09,4564,14079,2,7-4564140792
Russia,Italy,Iveco LMV Rys,captured,https://twitter.com/UAWeapons/status/1567533093568892928,2022-09-08,4564,14080,2,7-4564140802
Russia,Italy,Iveco LMV Rys,captured,https://twitter.com/UAWeapons/status/1569049877882994692,2022-09-12,4564,14081,2,7-4564140812
Russia,Russia,K-53949 'Linza',captured,https://i.postimg.cc/2yzDTBZz/627.png,2022-03-19,4565,14095,2,7-4565140952
Russia,Russia,K-53949 'Linza',captured,https://i.postimg.cc/287ZnN3m/6h7.png,2022-03-30,4565,14096,2,7-4565140962
Russia,Russia,K-53949 'Linza',captured,https://i.postimg.cc/Bv0zVHtL/542.png,2022-04-04,4565,14097,2,7-4565140972
Russia,Russia,K-53949 'Linza',captured,https://i.postimg.cc/nrpPX8Dc/d21d.jpg,2022-04-23,4565,14099,2,7-4565140992
Russia,Russia,K-53949 Typhoon-K,captured,https://i.postimg.cc/63JHwmRH/5424.png,2022-03-19,4567,14108,2,7-4567141082
Russia,Russia,K-53949 Typhoon-K,captured,https://postimg.cc/fVK20jGS,2022-03-19,4567,14109,2,7-4567141092
Russia,Russia,Ka-52 'Alligator' attack helicopter,captured,https://i.postimg.cc/0jWMTTRH/43d.png,2022-04-04,4568,14119,2,7-4568141192
Russia,Russia,KamAZ-5350 with EOV-3523 excavator,captured,https://i.postimg.cc/bvhJB8xz/774.png,2022-03-19,4574,14182,2,7-4574141822
Russia,Russia,KamAZ-5350 with EOV-3523 excavator,captured,https://i.postimg.cc/dQZQWvBp/Screenshot-8218.png,2022-03-19,4574,14183,2,7-4574141832
Russia,Russia,KamAZ-5350 with EOV-3523 excavator,captured,https://i.postimg.cc/T30TyPdL/Screenshot-8219.png,2022-03-19,4574,14184,2,7-4574141842
Russia,Russia,KamAZ-5350 with EOV-3523 excavator,captured,https://i.postimg.cc/1tZrSqJQ/41.png,2022-03-29,4574,14185,2,7-4574141852
Russia,Russia,KamAZ-5350 with EOV-3523 excavator,captured,https://twitter.com/UAWeapons/status/1584932053615022081,2022-10-26,4574,884,2,7-45748842
Russia,Russia,KamAZ-5350 with KS-45719-7M crane,captured,https://i.postimg.cc/9fxS9VtW/v3.jpg,2022-04-06,4575,14204,2,7-4575142042
Russia,Russia,KamAZ-63968 'Typhoon',captured,https://postlmg.cc/sGfMhkCN,2022-03-19,4577,14229,2,7-4577142292
Russia,Russia,KamAZ-63968 'Typhoon',captured,https://i.postimg.cc/8c2xJRvB/570.png,2022-03-19,4577,14230,2,7-4577142302
Russia,Russia,KamAZ-63968 'Typhoon',captured,https://i.postimg.cc/8PWQX1wY/433.jpg,2022-04-04,4577,14235,2,7-4577142352
Russia,Russia,KamAZ-63968 'Typhoon',captured,https://i.postimg.cc/zBj0BNB9/4f7.png,2022-05-08,4577,14238,2,7-4577142382
Russia,Russia,KamAZ-63968 Typhoon,captured,https://twitter.com/UAWeapons/status/1575040036667793419,2022-09-28,4578,14242,2,7-4578142422
Russia,Russia,KamAZ-63968 Typhoon,captured,https://i.postimg.cc/VvY67tg9/g68.png,2023-04-06,4578,14251,2,7-4578142512
Russia,Russia,KamAZ-63968 Typhoon,captured,https://i.postimg.cc/nLd1TnS8/1013-Kam-AZ-63968-Typhoon-capt-10-05-23.jpg,2023-05-17,4578,14252,2,7-4578142522
Russia,Russia,KamAZ-63968 Typhoon,captured,https://i.postimg.cc/2SP0ZKjt/1309-kamaz-typhoon-dam-capt-09-10-22.jpg,2024-01-09,4578,14258,2,7-4578142582
Russia,Russia,KamAZ 4x4,captured,https://i.postimg.cc/15s6XY76/Screenshot-9011.png,2022-03-19,4579,14263,2,7-4579142632
Russia,Russia,KamAZ 4x4,captured,https://i.postimg.cc/650FYv0r/44310.png,2022-03-26,4579,14264,2,7-4579142642
Russia,Russia,KamAZ 4x4,captured,https://i.postimg.cc/Bvh7ygDj/kamazzz.png,2022-03-31,4579,14265,2,7-4579142652
Russia,Russia,KamAZ 4x4,captured,https://i.postimg.cc/J7ZPd0Bh/478.png,2022-04-13,4579,14266,2,7-4579142662
Russia,Russia,KamAZ 6x6,captured,https://i.postimg.cc/VkpkSLDj/f87.png,2022-03-19,4581,14367,2,7-4581143672
Russia,Russia,KamAZ 6x6,captured,https://i.postimg.cc/C1ZkcvPv/d3.png,2022-03-19,4581,14368,2,7-4581143682
Russia,Russia,KamAZ 6x6,captured,https://i.postimg.cc/Rhhng7p9/4r.png,2022-03-19,4581,14369,2,7-4581143692
Russia,Russia,KamAZ 6x6,captured,https://i.postimg.cc/Hn7xkb8m/688.png,2022-03-19,4581,14370,2,7-4581143702
Russia,Russia,KamAZ 6x6,captured,https://i.postimg.cc/YSQ2ps72/r2.png,2022-03-19,4581,14371,2,7-4581143712
Russia,Russia,KamAZ 6x6,captured,https://i.postimg.cc/gJ6f7NZ3/57.png,2022-03-19,4581,14372,2,7-4581143722
Russia,Russia,KamAZ 6x6,captured,https://i.postimg.cc/VkXF0qmD/6599.png,2022-03-19,4581,14373,2,7-4581143732
Russia,Russia,KamAZ 6x6,captured,https://i.postimg.cc/DZ0Q5pHc/6652.png,2022-03-19,4581,1572,2,7-458115722
Russia,Russia,KamAZ 6x6,captured,https://i.postimg.cc/1ttCbb4J/tt1.png,2022-03-19,4581,14374,2,7-4581143742
Russia,Russia,KamAZ 6x6,captured,https://i.postimg.cc/15tY3vhL/4456.png,2022-03-19,4581,14375,2,7-4581143752
Russia,Russia,KamAZ 6x6,captured,https://i.postimg.cc/W3YpnCfM/b6.jpg,2022-03-19,4581,14376,2,7-4581143762
Russia,Russia,KamAZ 6x6,captured,https://i.postimg.cc/k5QJrzV3/872.png,2022-03-19,4581,14377,2,7-4581143772
Russia,Russia,KamAZ 6x6,captured,https://postimg.cc/1f97MCN1,2022-03-19,4581,14378,2,7-4581143782
Russia,Russia,KamAZ 6x6,captured,https://i.postimg.cc/mrWNYRrH/5433.png,2022-03-19,4581,14379,2,7-4581143792
Russia,Russia,KamAZ 6x6,captured,https://i.postimg.cc/dQhZ41xT/443.png,2022-03-19,4581,14380,2,7-4581143802
Russia,Russia,KamAZ 6x6,captured,https://i.postimg.cc/CMZjk24Y/f65.png,2022-03-19,4581,14381,2,7-4581143812
Russia,Russia,KamAZ 6x6,captured,https://i.postimg.cc/vHq2KnbR/Screenshot-8561.png,2022-03-19,4581,14382,2,7-4581143822
Russia,Russia,KamAZ 6x6,captured,https://i.postimg.cc/BbM8p4W3/p1.png,2022-03-19,4581,14383,2,7-4581143832
Russia,Russia,KamAZ 6x6,captured,https://i.postimg.cc/Bbj44g2S/5580.png,2022-03-19,4581,14384,2,7-4581143842
Russia,Russia,KamAZ 6x6,captured,https://i.postimg.cc/23RZybKP/6800.png,2022-03-19,4581,14385,2,7-4581143852
Russia,Russia,KamAZ 6x6,captured,https://i.postimg.cc/4NpY38Vb/3567.jpg,2022-03-19,4581,14386,2,7-4581143862
Russia,Russia,KamAZ 6x6,captured,https://postimg.cc/zVzd9q5t,2022-03-19,4581,14387,2,7-4581143872
Russia,Russia,KamAZ 6x6,captured,https://i.postimg.cc/Pq6cnvCm/Screenshot-8284.png,2022-03-19,4581,14388,2,7-4581143882
Russia,Russia,KamAZ 6x6,captured,https://i.postimg.cc/bNQBNBGY/Screenshot-8285.png,2022-03-19,4581,14389,2,7-4581143892
Russia,Russia,KamAZ 6x6,captured,https://postimg.cc/VS80VkP5,2022-03-19,4581,14390,2,7-4581143902
Russia,Russia,KamAZ 6x6,captured,https://i.postimg.cc/d0VpWVYH/f7.png,2022-03-19,4581,14391,2,7-4581143912
Russia,Russia,KamAZ 6x6,captured,https://i.postimg.cc/TwPpRR2S/hh5.jpg,2022-03-19,4581,14392,2,7-4581143922
Russia,Russia,KamAZ 6x6,captured,https://i.postimg.cc/VL2jHKQx/43g.png,2022-03-19,4581,14393,2,7-4581143932
Russia,Russia,KamAZ 6x6,captured,https://i.postimg.cc/3xzdgFbn/ug2.png,2022-03-19,4581,14394,2,7-4581143942
Russia,Russia,KamAZ 6x6,captured,https://i.postimg.cc/L4QhPQVK/325.png,2022-03-19,4581,14395,2,7-4581143952
Russia,Russia,KamAZ 6x6,captured,https://i.postimg.cc/sfcQf9Xq/2d3.png,2022-03-19,4581,14396,2,7-4581143962
Russia,Russia,KamAZ 6x6,captured,https://i.postimg.cc/T1zWDNNb/fu10.jpg,2022-03-19,4581,14397,2,7-4581143972
Russia,Russia,KamAZ 6x6,captured,https://i.postimg.cc/QdrTNPTG/fu11.jpg,2022-03-19,4581,14398,2,7-4581143982
Russia,Russia,KamAZ 6x6,captured,https://i.postimg.cc/7ZMT5V3C/fu12.jpg,2022-03-19,4581,14399,2,7-4581143992
Russia,Russia,KamAZ 6x6,captured,https://i.postimg.cc/vmYxfVh0/fu13.jpg,2022-03-19,4581,14400,2,7-4581144002
Russia,Russia,KamAZ 6x6,captured,https://i.postimg.cc/K4hRzk4r/fu14.jpg,2022-03-19,4581,14401,2,7-4581144012
Russia,Russia,KamAZ 6x6,captured,https://i.postimg.cc/W4hRtsCh/e11.png,2022-03-19,4581,14402,2,7-4581144022
Russia,Russia,KamAZ 6x6,captured,https://i.postimg.cc/G2jhxL3d/x1.png,2022-03-19,4581,14403,2,7-4581144032
Russia,Russia,KamAZ 6x6,captured,https://i.postimg.cc/YSRVHR7N/ff8.jpg,2022-03-19,4581,14404,2,7-4581144042
Russia,Russia,KamAZ 6x6,captured,https://i.postimg.cc/mrwWdspw/3d.png,2022-03-19,4581,14405,2,7-4581144052
Russia,Russia,KamAZ 6x6,captured,https://i.postimg.cc/W39WJvjf/4387.png,2022-03-19,4581,14406,2,7-4581144062
Russia,Russia,KamAZ 6x6,captured,https://i.postimg.cc/5yqVsR4L/Screenshot-8949.png,2022-03-19,4581,14407,2,7-4581144072
Russia,Russia,KamAZ 6x6,captured,https://i.postimg.cc/BZ8F4QH8/3dh.png,2022-03-19,4581,14408,2,7-4581144082
Russia,Russia,KamAZ 6x6,captured,https://i.postimg.cc/FHz36Vf7/5542.png,2022-03-19,4581,14409,2,7-4581144092
Russia,Russia,KamAZ 6x6,captured,https://i.postimg.cc/g2hkrxQg/5548.png,2022-03-19,4581,14410,2,7-4581144102
Russia,Russia,KamAZ 6x6,captured,https://i.postimg.cc/cC93z2Zk/3268.png,2022-03-19,4581,14411,2,7-4581144112
Russia,Russia,KamAZ 6x6,captured,https://i.postimg.cc/3RNSxNCt/324.png,2022-03-19,4581,14412,2,7-4581144122
Russia,Russia,KamAZ 6x6,captured,https://i.postimg.cc/xj6wSkMN/3ds1.png,2022-03-19,4581,14413,2,7-4581144132
Russia,Russia,KamAZ 6x6,captured,https://i.postimg.cc/76fwSwM6/5f2.png,2022-03-19,4581,14414,2,7-4581144142
Russia,Russia,KamAZ 6x6,captured,https://i.postimg.cc/wxFtfg1F/jo.png,2022-03-19,4581,11871,2,7-4581118712
Russia,Russia,KamAZ 6x6,captured,https://i.postimg.cc/9fPDTqsX/468k.png,2022-03-19,4581,14415,2,7-4581144152
Russia,Russia,KamAZ 6x6,captured,https://i.postimg.cc/d3vCfcTF/c1.jpg,2022-03-19,4581,14416,2,7-4581144162
Russia,Russia,KamAZ 6x6,captured,https://i.postimg.cc/sf97hxtg/c2.jpg,2022-03-19,4581,14417,2,7-4581144172
Russia,Russia,KamAZ 6x6,captured,https://i.postimg.cc/vHBnXzQ0/a11.png,2022-03-19,4581,14418,2,7-4581144182
Russia,Russia,KamAZ 6x6,captured,https://i.postimg.cc/9QDRgJyX/f15.png,2022-03-19,4581,14419,2,7-4581144192
Russia,Russia,KamAZ 6x6,captured,https://i.postimg.cc/yYLHzZtr/753.png,2022-03-19,4581,14420,2,7-4581144202
Russia,Russia,KamAZ 6x6,captured,https://i.postimg.cc/NLvw95MV/799.png,2022-03-19,4581,14421,2,7-4581144212
Russia,Russia,KamAZ 6x6,captured,https://i.postimg.cc/prPqQKwb/42.png,2022-03-19,4581,14422,2,7-4581144222
Russia,Russia,KamAZ 6x6,captured,https://i.postimg.cc/bYTrvqnw/1t.png,2022-03-26,4581,14436,2,7-4581144362
Russia,Russia,KamAZ 6x6,captured,https://i.postimg.cc/Jn4wQ0L6/5411.jpg,2022-03-26,4581,14437,2,7-4581144372
Russia,Russia,KamAZ 6x6,captured,https://i.postimg.cc/PxNtPC4t/48.png,2022-03-26,4581,14438,2,7-4581144382
Russia,Russia,KamAZ 6x6,captured,https://i.postimg.cc/Z57vYkLt/474.png,2022-03-26,4581,14439,2,7-4581144392
Russia,Russia,KamAZ 6x6,captured,https://i.postimg.cc/tgbgQWJc/45.png,2022-03-26,4581,14440,2,7-4581144402
Russia,Russia,KamAZ 6x6,captured,https://i.postimg.cc/hhRXrfSQ/115.png,2022-03-26,4581,14441,2,7-4581144412
Russia,Russia,KamAZ 6x6,captured,https://i.postimg.cc/762Bt7mX/114.png,2022-03-26,4581,14442,2,7-4581144422
Russia,Russia,KamAZ 6x6,captured,https://i.postimg.cc/mkRgtYn5/224.png,2022-03-26,4581,14443,2,7-4581144432
Russia,Russia,KamAZ 6x6,captured,https://i.postimg.cc/pL6VDhrq/3318.png,2022-03-26,4581,14444,2,7-4581144442
Russia,Russia,KamAZ 6x6,captured,https://i.postimg.cc/26C6Ry5f/33177.png,2022-03-26,4581,14445,2,7-4581144452
Russia,Russia,KamAZ 6x6,captured,https://i.postimg.cc/MHbTNXLC/c1.png,2022-03-26,4581,14446,2,7-4581144462
Russia,Russia,KamAZ 6x6,captured,https://i.postimg.cc/8zC5XpmY/c2.png,2022-03-26,4581,14447,2,7-4581144472
Russia,Russia,KamAZ 6x6,captured,https://postimg.cc/zb3wfMVh,2022-03-27,4581,14451,2,7-4581144512
Russia,Russia,KamAZ 6x6,captured,https://postimg.cc/3kSdwwpL,2022-03-27,4581,14452,2,7-4581144522
Russia,Russia,KamAZ 6x6,captured,https://postimg.cc/w71rrf27,2022-03-27,4581,14453,2,7-4581144532
Russia,Russia,KamAZ 6x6,captured,https://postimg.cc/vc6dRNB4,2022-03-27,4581,14454,2,7-4581144542
Russia,Russia,KamAZ 6x6,captured,https://i.postimg.cc/N0VMfCPh/v8.png,2022-03-29,4581,14456,2,7-4581144562
Russia,Russia,KamAZ 6x6,captured,https://i.postimg.cc/y8Y4TJHv/318.png,2022-03-29,4581,14457,2,7-4581144572
Russia,Russia,KamAZ 6x6,captured,https://i.postimg.cc/vZpH7XCL/f40.jpg,2022-03-29,4581,14458,2,7-4581144582
Russia,Russia,KamAZ 6x6,captured,https://i.postimg.cc/T34P0zD7/577.png,2022-04-01,4581,14459,2,7-4581144592
Russia,Russia,KamAZ 6x6,captured,https://i.postimg.cc/K8D371Tn/549.png,2022-04-06,4581,14461,2,7-4581144612
Russia,Russia,KamAZ 6x6,captured,https://i.postimg.cc/Lsb5kznq/651.jpg,2022-04-06,4581,14462,2,7-4581144622
Russia,Russia,KamAZ 6x6,captured,https://i.postimg.cc/Dyj9w5Db/k5.jpg,2022-04-06,4581,14463,2,7-4581144632
Russia,Russia,KamAZ 6x6,captured,https://i.postimg.cc/X7YMWt2b/k6.jpg,2022-04-06,4581,14464,2,7-4581144642
Russia,Russia,KamAZ 6x6,captured,https://i.postimg.cc/sDFpNJtr/6655.jpg,2022-04-07,4581,14465,2,7-4581144652
Russia,Russia,KamAZ 6x6,captured,https://i.postimg.cc/5Njvgr8f/43.jpg,2022-04-09,4581,14466,2,7-4581144662
Russia,Russia,KamAZ 6x6,captured,https://i.postimg.cc/cHx8rbLV/kamaaz.jpg,2022-04-10,4581,14468,2,7-4581144682
Russia,Russia,KamAZ 6x6,captured,https://i.postimg.cc/YqLQXqct/6888.jpg,2022-04-13,4581,13996,2,7-4581139962
Russia,Russia,KamAZ 6x6,captured,https://i.postimg.cc/QxZD33Vc/cc4.jpg,2022-04-21,4581,14469,2,7-4581144692
Russia,Russia,KamAZ 6x6,captured,https://i.postimg.cc/SxjTZmMW/328.jpg,2022-04-21,4581,14470,2,7-4581144702
Russia,Russia,KamAZ 6x6,captured,https://i.postimg.cc/0yhB1dJk/t6.jpg,2022-04-21,4581,14471,2,7-4581144712
Russia,Russia,KamAZ 6x6,captured,https://i.postimg.cc/qB90Qn1T/335.jpg,2022-04-21,4581,14472,2,7-4581144722
Russia,Russia,KamAZ 6x6,captured,https://i.postimg.cc/DyKTfyqk/3215.jpg,2022-05-01,4581,14473,2,7-4581144732
Russia,Russia,KamAZ 6x6,captured,https://i.postimg.cc/T2WZf6jF/448.png,2022-05-03,4581,14474,2,7-4581144742
Russia,Russia,KamAZ 6x6,captured,https://i.postimg.cc/V6msCW9Q/577.png,2022-05-03,4581,14475,2,7-4581144752
Russia,Russia,KamAZ 6x6,captured,https://i.postimg.cc/cLX2pMCY/779.jpg,2022-05-12,4581,14476,2,7-4581144762
Russia,Russia,KamAZ 6x6,captured,https://i.postimg.cc/xdd4shpJ/659.jpg,2022-05-13,4581,14477,2,7-4581144772
Russia,Russia,KamAZ 6x6,captured,https://postimg.cc/9R9Kd7mM,2022-05-25,4581,14545,2,7-4581145452
Russia,Russia,KamAZ 6x6,captured,https://i.postimg.cc/Gpxx4Hmg/kamaaaaaazzz.png,2022-05-25,4581,14546,2,7-4581145462
Russia,Russia,KamAZ 6x6,captured,https://i.postimg.cc/761dYxFq/kamazzzzzzzzz.jpg,2022-05-25,4581,14547,2,7-4581145472
Russia,Russia,KamAZ 6x6,captured,https://i.postimg.cc/cLh5jsp3/54.jpg,2022-05-25,4581,14548,2,7-4581145482
Russia,Russia,KamAZ 6x6,captured,https://i.postimg.cc/QNcmw85M/kaammaaz.jpg,2022-05-25,4581,14549,2,7-4581145492
Russia,Russia,KamAZ 6x6,captured,https://i.postimg.cc/J07sp5ZZ/kamazzzz2.png,2022-05-25,4581,14550,2,7-4581145502
Russia,Russia,KamAZ 6x6,captured,https://i.postimg.cc/y6ngk2CP/kamazzzzzzz.jpg,2022-05-25,4581,14551,2,7-4581145512
Russia,Russia,KamAZ 6x6,captured,https://postimg.cc/2qMgLwfM,2022-05-25,4581,14552,2,7-4581145522
Russia,Russia,KamAZ 6x6,captured,https://i.postimg.cc/9ftT1Ms3/kkmaz.jpg,2022-05-25,4581,14553,2,7-4581145532
Russia,Russia,KamAZ 6x6,captured,https://i.postimg.cc/0jpb5HvT/truckk.jpg,2022-05-25,4581,14554,2,7-4581145542
Russia,Russia,KamAZ 6x6,captured,https://i.postimg.cc/v891vDn0/truckkk.jpg,2022-05-25,4581,14555,2,7-4581145552
Russia,Russia,KamAZ 6x6,captured,https://i.postimg.cc/Dw880BbD/655.jpg,2022-06-12,4581,14556,2,7-4581145562
Russia,Russia,KamAZ 6x6 tanker,captured,https://i.postimg.cc/pdnXvxd3/c12.jpg,2022-04-04,4582,14557,2,7-4582145572
Russia,Russia,KamAZ 6x6 tanker,captured,https://i.postimg.cc/DfYbWs3H/Kamaz.png,2022-04-06,4582,14558,2,7-4582145582
Russia,Russia,KamAZ 6x6 tanker,captured,https://i.postimg.cc/9MMhbMDr/vb1.png,2022-04-06,4582,14559,2,7-4582145592
Russia,Russia,KamAZ 6x6 tanker,captured,https://i.postimg.cc/MHf8kFbw/vb2.png,2022-04-06,4582,14560,2,7-4582145602
Russia,Russia,KamAZ 6x6 tanker,captured,https://i.postimg.cc/3Nc2HsPC/89.jpg,2022-04-09,4582,14561,2,7-4582145612
Russia,Russia,KamAZ 6x6 tanker,captured,https://i.postimg.cc/T1dZFqtr/665.jpg,2022-04-13,4582,14562,2,7-4582145622
Russia,Russia,KamAZ 6x6 tanker,captured,https://i.postimg.cc/FKptmK0L/33.jpg,2022-04-17,4582,14563,2,7-4582145632
Russia,Russia,KamAZ 6x6 tanker,captured,https://i.postimg.cc/KYbKRw6R/337.jpg,2022-04-21,4582,14564,2,7-4582145642
Russia,Russia,KamAZ 6x6 tanker,captured,https://i.postimg.cc/2y9NYXL9/565.jpg,2022-04-23,4582,14565,2,7-4582145652
Russia,Russia,KamAZ 6x6 tanker,captured,https://i.postimg.cc/SQ6NYYKQ/48.png,2022-05-01,4582,14567,2,7-4582145672
Russia,Russia,KamAZ 6x6 tanker,captured,https://i.postimg.cc/m2TR1RH5/4311.jpg,2022-05-05,4582,14569,2,7-4582145692
Russia,Russia,KamAZ 6x6 tanker,captured,https://i.postimg.cc/FFBjBjBd/1.png,2022-05-10,4582,14578,2,7-4582145782
Russia,Russia,KamAZ 6x6 tanker,captured,https://i.postimg.cc/L8pRqPGH/1016-kamaz-tanker.png,2022-07-03,4582,14580,2,7-4582145802
Russia,Russia,KamAZ 8x8,captured,https://i.postimg.cc/qv81pwML/55444.jpg,2022-04-01,4583,14590,2,7-4583145902
Russia,Russia,KamAZ 8x8,captured,https://i.postimg.cc/7hRs911J/544.jpg,2022-04-25,4583,14591,2,7-4583145912
Russia,Russia,KamAZ Avtozaks,captured,https://i.postimg.cc/dQhZ41xT/443.png,2022-03-19,4584,14380,2,7-4584143802
Russia,Russia,KamAZ Avtozaks,captured,https://i.postimg.cc/3NXJzDHL/7760.png,2022-04-25,4584,14601,2,7-4584146012
Russia,Russia,KamAZ with armoured cabin,captured,https://i.postimg.cc/yxJz9QDt/3d.png,2022-03-19,4585,14609,2,7-4585146092
Russia,Russia,KamAZ with armoured cabin,captured,https://i.postimg.cc/d110k8fj/26.png,2022-03-28,4585,14610,2,7-4585146102
Russia,Russia,KamAZ with armoured cabin,captured,https://i.postimg.cc/MHsx6TzV/kamaazzzaa.jpg,2022-04-06,4585,14611,2,7-4585146112
Russia,Soviet Union,KrAZ-22B,captured,https://i.postimg.cc/B6LVH2xJ/668.png,2022-03-26,4586,14613,2,7-4586146132
Russia,Soviet Union,KrAZ-255B,captured,https://i.postimg.cc/htt7zgVf/688.png,2022-04-04,4587,14614,2,7-4587146142
Russia,Soviet Union,KrAZ-255B tanker,captured,https://i.postimg.cc/jSFbtdw7/1086-Kr-AZ-255-B-tanker.jpg,2022-07-28,4588,14622,2,7-4588146222
Russia,Soviet Union,KrAZ-255B with excavator,captured,https://i.postimg.cc/3wM3rDbD/2r.png,2022-04-10,4589,14628,2,7-4589146282
Russia,Russia,Lastochka-M reconnaissance UAV,captured,https://i.postimg.cc/5NfHCQZp/4144.png,2022-07-20,4590,14634,2,7-4590146342
Russia,Soviet Union,MDK-3 trench-digging vehicle,captured,https://i.postimg.cc/V6MwNVdy/678.jpg,2022-04-13,4594,14645,2,7-4594146452
Russia,Russia,Merlin-VR,captured,https://i.postimg.cc/90drq92c/1002-Merlin-VR-reconnaissance-UAV-capt-29-08-24.jpg,2024-09-03,4595,14648,2,7-4595146482
Russia,Russia,Merlin-VR,captured,https://i.postimg.cc/DyqVy1Pf/1031-Merlin-VR-reconnaissance-UAV-capt-07-09-24.jpg,2024-09-13,4595,14649,2,7-4595146492
Russia,Russia,Merlin-VR,captured,https://i.postimg.cc/FspsSt1J/1031-Merlin-VR-reconnaissance-UAV-capt-03-10-24.jpg,2024-10-09,4595,14652,2,7-4595146522
Russia,Russia,Mi-8 transport helicopter,captured,https://i.postimg.cc/V60Y91Jb/1032-mi8-capt-01-08-23.jpg,2023-08-24,4603,14718,2,7-4603147182
Russia,Russia,Mi-8 transport helicopter,captured,https://i.postimg.cc/d3hMnhnx/43887.png,2023-09-08,4603,14719,2,7-4603147192
Russia,Iran,Mohajer-6 UCAV,captured,https://twitter.com/UAWeapons/status/1576953933398151169,2022-10-04,4606,14731,2,7-4606147312
Russia,Soviet Union,MT-LB,captured,https://i.postimg.cc/P5M1XV5z/58.png,2022-03-19,4608,14775,2,7-4608147752
Russia,Soviet Union,MT-LB,captured,https://i.postimg.cc/hjqg1p15/680.png,2022-03-19,4608,14776,2,7-4608147762
Russia,Soviet Union,MT-LB,captured,https://i.postimg.cc/R0zbsmLL/6659.png,2022-03-19,4608,14777,2,7-4608147772
Russia,Soviet Union,MT-LB,captured,https://i.postimg.cc/MGBV9R2s/4fs.png,2022-03-19,4608,14778,2,7-4608147782
Russia,Soviet Union,MT-LB,captured,https://i.postimg.cc/1tVLvyy0/764.png,2022-03-19,4608,14779,2,7-4608147792
Russia,Soviet Union,MT-LB,captured,https://i.postimg.cc/Z5pMMK77/8i.png,2022-03-19,4608,14780,2,7-4608147802
Russia,Soviet Union,MT-LB,captured,https://i.postimg.cc/BbNYQPQc/hh6.png,2022-03-19,4608,14781,2,7-4608147812
Russia,Soviet Union,MT-LB,captured,https://i.postimg.cc/sx950sSB/Screenshot-8457.png,2022-03-19,4608,14782,2,7-4608147822
Russia,Soviet Union,MT-LB,captured,https://i.postimg.cc/wTYJPs3P/Screenshot-8472.png,2022-03-19,4608,14783,2,7-4608147832
Russia,Soviet Union,MT-LB,captured,https://i.postimg.cc/RVc03z28/m2.png,2022-03-19,4608,14784,2,7-4608147842
Russia,Soviet Union,MT-LB,captured,https://i.postimg.cc/Px6nHx7G/g33.jpg,2022-03-19,4608,14785,2,7-4608147852
Russia,Soviet Union,MT-LB,captured,https://i.postimg.cc/VLGGrwbj/h652.png,2022-03-19,4608,14786,2,7-4608147862
Russia,Soviet Union,MT-LB,captured,https://i.postimg.cc/6qszKVTq/m11.png,2022-03-19,4608,14787,2,7-4608147872
Russia,Soviet Union,MT-LB,captured,https://i.postimg.cc/15BnwV6D/6hd.png,2022-03-19,4608,14788,2,7-4608147882
Russia,Soviet Union,MT-LB,captured,https://i.postimg.cc/Hn1J3zVP/y9.png,2022-03-19,4608,14789,2,7-4608147892
Russia,Soviet Union,MT-LB,captured,https://i.postimg.cc/0NQJNZ6L/499.png,2022-03-19,4608,14790,2,7-4608147902
Russia,Soviet Union,MT-LB,captured,https://i.postimg.cc/yYjcTw9v/76.png,2022-03-19,4608,14791,2,7-4608147912
Russia,Soviet Union,MT-LB,captured,https://i.postimg.cc/QdBCWPqB/d19.png,2022-03-19,4608,14792,2,7-4608147922
Russia,Soviet Union,MT-LB,captured,https://i.postimg.cc/g0ZTbDyL/Screenshot-8648.png,2022-03-19,4608,14793,2,7-4608147932
Russia,Soviet Union,MT-LB,captured,https://i.postimg.cc/prrV2r2S/c1.png,2022-03-19,4608,14794,2,7-4608147942
Russia,Soviet Union,MT-LB,captured,https://i.postimg.cc/kGHJDCGg/c2.png,2022-03-19,4608,14795,2,7-4608147952
Russia,Soviet Union,MT-LB,captured,https://i.postimg.cc/FRzrgz2x/y1.jpg,2022-03-19,4608,14796,2,7-4608147962
Russia,Soviet Union,MT-LB,captured,https://i.postimg.cc/rpgr934n/461.png,2022-03-19,4608,14797,2,7-4608147972
Russia,Soviet Union,MT-LB,captured,https://i.postimg.cc/C5QvvLdV/f56.png,2022-03-19,4608,14798,2,7-4608147982
Russia,Soviet Union,MT-LB,captured,https://i.postimg.cc/tT5WmDRj/cd.jpg,2022-03-19,4608,14799,2,7-4608147992
Russia,Soviet Union,MT-LB,captured,https://i.postimg.cc/zBynjsCc/k87.jpg,2022-03-19,4608,14800,2,7-4608148002
Russia,Soviet Union,MT-LB,captured,https://postimg.cc/LhJKL51n,2022-03-19,4608,14801,2,7-4608148012
Russia,Soviet Union,MT-LB,captured,https://i.postimg.cc/pLnGNjf0/77600.png,2022-03-19,4608,14802,2,7-4608148022
Russia,Soviet Union,MT-LB,captured,https://i.postimg.cc/59rtbb1q/7u.png,2022-03-19,4608,14803,2,7-4608148032
Russia,Soviet Union,MT-LB,captured,https://i.postimg.cc/CxQFG5Cj/4369.png,2022-03-19,4608,10855,2,7-4608108552
Russia,Soviet Union,MT-LB,captured,https://i.postimg.cc/GpjCvqdV/54h.png,2022-03-19,4608,14804,2,7-4608148042
Russia,Soviet Union,MT-LB,captured,https://i.postimg.cc/mk6zFPwD/3256.png,2022-03-19,4608,14805,2,7-4608148052
Russia,Soviet Union,MT-LB,captured,https://i.postimg.cc/XYqqkLzv/549.png,2022-03-19,4608,14806,2,7-4608148062
Russia,Soviet Union,MT-LB,captured,https://i.postimg.cc/R08pWBP4/4f13.png,2022-03-19,4608,14807,2,7-4608148072
Russia,Soviet Union,MT-LB,captured,https://i.postimg.cc/zBV1Nswm/4178.png,2022-03-19,4608,14808,2,7-4608148082
Russia,Soviet Union,MT-LB,captured,https://i.postimg.cc/YS5g7HgZ/589.png,2022-03-19,4608,14809,2,7-4608148092
Russia,Soviet Union,MT-LB,captured,https://i.postimg.cc/MT0c8jzf/589.png,2022-03-19,4608,14810,2,7-4608148102
Russia,Soviet Union,MT-LB,captured,https://i.postimg.cc/wBg7hjkg/431g.png,2022-03-19,4608,14811,2,7-4608148112
Russia,Soviet Union,MT-LB,captured,https://i.postimg.cc/Rh92LGYG/578.png,2022-03-19,4608,14812,2,7-4608148122
Russia,Soviet Union,MT-LB,captured,https://i.postimg.cc/NFpFq3xL/f5.png,2022-03-19,4608,14813,2,7-4608148132
Russia,Soviet Union,MT-LB,captured,https://i.postimg.cc/x1VVwZV9/790.jpg,2022-03-19,4608,14814,2,7-4608148142
Russia,Soviet Union,MT-LB,captured,https://i.postimg.cc/NMDmQSNW/330.png,2022-03-26,4608,14820,2,7-4608148202
Russia,Soviet Union,MT-LB,captured,https://i.postimg.cc/W43P9JBg/311.png,2022-03-26,4608,14821,2,7-4608148212
Russia,Soviet Union,MT-LB,captured,https://i.postimg.cc/gj6zg66N/43y.jpg,2022-03-26,4608,14822,2,7-4608148222
Russia,Soviet Union,MT-LB,captured,https://i.postimg.cc/yd17Cb3g/556.png,2022-03-26,4608,14823,2,7-4608148232
Russia,Soviet Union,MT-LB,captured,https://i.postimg.cc/TwPYMJ20/327.png,2022-03-26,4608,14824,2,7-4608148242
Russia,Soviet Union,MT-LB,captured,https://i.postimg.cc/zfR1wLP0/3d.png,2022-03-26,4608,14825,2,7-4608148252
Russia,Soviet Union,MT-LB,captured,https://i.postimg.cc/8P8dYp4t/33190.png,2022-03-26,4608,14826,2,7-4608148262
Russia,Soviet Union,MT-LB,captured,https://i.postimg.cc/8kFc6Lh0/5579.png,2022-03-26,4608,14827,2,7-4608148272
Russia,Soviet Union,MT-LB,captured,https://i.postimg.cc/CMtw34vs/v1.png,2022-03-26,4608,14828,2,7-4608148282
Russia,Soviet Union,MT-LB,captured,https://i.postimg.cc/vZwbBZw1/v2.png,2022-03-26,4608,14829,2,7-4608148292
Russia,Soviet Union,MT-LB,captured,https://i.postimg.cc/2SdmBNC0/v3.png,2022-03-26,4608,14830,2,7-4608148302
Russia,Soviet Union,MT-LB,captured,https://i.postimg.cc/2yLzBnbf/297.png,2022-03-26,4608,14831,2,7-4608148312
Russia,Soviet Union,MT-LB,captured,https://i.postimg.cc/XqDZK50g/431t.png,2022-03-26,4608,14832,2,7-4608148322
Russia,Soviet Union,MT-LB,captured,https://i.postimg.cc/768Vvfb9/2h.png,2022-03-26,4608,14833,2,7-4608148332
Russia,Soviet Union,MT-LB,captured,https://i.postimg.cc/25LrRT0N/159.png,2022-03-26,4608,14834,2,7-4608148342
Russia,Soviet Union,MT-LB,captured,https://i.postimg.cc/htrfGgST/4f2.png,2022-03-27,4608,14835,2,7-4608148352
Russia,Soviet Union,MT-LB,captured,https://i.postimg.cc/hGSbqkz3/gm.jpg,2022-03-27,4608,13463,2,7-4608134632
Russia,Soviet Union,MT-LB,captured,https://i.postimg.cc/g0BW5skr/MTLB.png,2022-03-30,4608,14836,2,7-4608148362
Russia,Soviet Union,MT-LB,captured,https://i.postimg.cc/zDxckvvX/23.jpg,2022-03-30,4608,14837,2,7-4608148372
Russia,Soviet Union,MT-LB,captured,https://i.postimg.cc/HL8ssP7K/2113.jpg,2022-04-01,4608,14838,2,7-4608148382
Russia,Soviet Union,MT-LB,captured,https://i.postimg.cc/W3F7bj2Z/689.jpg,2022-04-01,4608,14839,2,7-4608148392
Russia,Soviet Union,MT-LB,captured,https://i.postimg.cc/jdLY52gL/83.jpg,2022-04-01,4608,14840,2,7-4608148402
Russia,Soviet Union,MT-LB,captured,https://i.postimg.cc/431kFSN9/f43.jpg,2022-04-01,4608,14841,2,7-4608148412
Russia,Soviet Union,MT-LB,captured,https://i.postimg.cc/MpFFy9Nx/d776.jpg,2022-04-04,4608,14842,2,7-4608148422
Russia,Soviet Union,MT-LB,captured,https://i.postimg.cc/63qWGyGT/4331.jpg,2022-04-04,4608,10880,2,7-4608108802
Russia,Soviet Union,MT-LB,captured,https://i.postimg.cc/3N7mRGKv/dv.jpg,2022-04-04,4608,14843,2,7-4608148432
Russia,Soviet Union,MT-LB,captured,https://i.postimg.cc/W429dwZ6/v9.png,2022-04-04,4608,14844,2,7-4608148442
Russia,Soviet Union,MT-LB,captured,https://i.postimg.cc/v8rV0sFZ/5t.jpg,2022-04-04,4608,14845,2,7-4608148452
Russia,Soviet Union,MT-LB,captured,https://i.postimg.cc/d1d6qZKQ/558.png,2022-04-17,4608,14858,2,7-4608148582
Russia,Soviet Union,MT-LB,captured,https://i.postimg.cc/3xDYnyx3/mtlbb.png,2022-04-17,4608,14859,2,7-4608148592
Russia,Soviet Union,MT-LB,captured,https://i.postimg.cc/63TX4Tgs/mtlbbb.png,2022-04-17,4608,14860,2,7-4608148602
Russia,Soviet Union,MT-LB,captured,https://i.postimg.cc/T121NnkK/mcap3.jpg,2022-04-17,4608,14861,2,7-4608148612
Russia,Soviet Union,MT-LB,captured,https://i.postimg.cc/J0TnftgP/mcap5.jpg,2022-04-17,4608,14862,2,7-4608148622
Russia,Soviet Union,MT-LB,captured,https://i.postimg.cc/qBGCcvmt/mtttlllbbbb.png,2022-04-17,4608,14863,2,7-4608148632
Russia,Soviet Union,MT-LB,captured,https://i.postimg.cc/jS1fW3MZ/mttllbb.png,2022-04-17,4608,14864,2,7-4608148642
Russia,Soviet Union,MT-LB,captured,https://i.postimg.cc/HxJLDSp7/mtllbb.jpg,2022-04-17,4608,14865,2,7-4608148652
Russia,Soviet Union,MT-LB,captured,https://i.postimg.cc/Mp8q36MR/mmttllbbb.jpg,2022-04-17,4608,14866,2,7-4608148662
Russia,Soviet Union,MT-LB,captured,https://i.postimg.cc/QCgg1gFV/mttlbb.png,2022-04-17,4608,14867,2,7-4608148672
Russia,Soviet Union,MT-LB,captured,https://i.postimg.cc/Dw6Cthym/mtllllllbb.jpg,2022-04-17,4608,14868,2,7-4608148682
Russia,Soviet Union,MT-LB,captured,https://i.postimg.cc/mkWNPp20/mttlbb.jpg,2022-04-17,4608,14869,2,7-4608148692
Russia,Soviet Union,MT-LB,captured,https://i.postimg.cc/NGCL3qJs/223.jpg,2022-04-18,4608,14871,2,7-4608148712
Russia,Soviet Union,MT-LB,captured,https://i.postimg.cc/Y0T6mhg2/887.jpg,2022-04-20,4608,14872,2,7-4608148722
Russia,Soviet Union,MT-LB,captured,https://i.postimg.cc/KYjm92YL/998.jpg,2022-04-20,4608,14873,2,7-4608148732
Russia,Soviet Union,MT-LB,captured,https://i.postimg.cc/rF926ys3/d11.jpg,2022-04-21,4608,14874,2,7-4608148742
Russia,Soviet Union,MT-LB,captured,https://i.postimg.cc/nzFHtWhB/d78.jpg,2022-04-23,4608,14875,2,7-4608148752
Russia,Soviet Union,MT-LB,captured,https://i.postimg.cc/TYbyywLR/284.png,2022-05-01,4608,14878,2,7-4608148782
Russia,Soviet Union,MT-LB,captured,https://i.postimg.cc/Y0G7hqd2/431f.jpg,2022-05-10,4608,14886,2,7-4608148862
Russia,Soviet Union,MT-LB,captured,https://i.postimg.cc/yxQ7Tpk8/328.jpg,2022-05-11,4608,14887,2,7-4608148872
Russia,Soviet Union,MT-LB,captured,https://postimg.cc/k2np4knK,2022-05-15,4608,14889,2,7-4608148892
Russia,Soviet Union,MT-LB,captured,https://i.postimg.cc/GhcXwc5b/47.png,2022-05-23,4608,14891,2,7-4608148912
Russia,Soviet Union,MT-LB,captured,https://twitter.com/UAWeapons/status/1529865401072590848,2022-05-27,4608,4604,2,7-460846042
Russia,Soviet Union,MT-LB,captured,https://i.postimg.cc/ZR4Gq9v2/1003.jpg,2022-07-17,4608,14925,2,7-4608149252
Russia,Soviet Union,MT-LB,captured,https://i.postimg.cc/mkWRdTrm/1008.jpg,2022-07-26,4608,14934,2,7-4608149342
Russia,Soviet Union,MT-LB,captured,https://twitter.com/UAWeapons/status/1553687272817659906,2022-08-04,4608,14936,2,7-4608149362
Russia,Soviet Union,MT-LB,captured,https://i.postimg.cc/PNGV1q9Y/1005-mtlb.jpg,2022-08-04,4608,14937,2,7-4608149372
Russia,Soviet Union,MT-LB,captured,https://i.postimg.cc/0y71Y84h/1001-mtlb.jpg,2022-08-05,4608,14938,2,7-4608149382
Russia,Soviet Union,MT-LB,captured,https://i.postimg.cc/VkcNxLmM/1002-mtlb.jpg,2022-08-08,4608,14941,2,7-4608149412
Russia,Soviet Union,MT-LB,captured,https://i.postimg.cc/VvX9cCkf/1001.jpg,2022-08-09,4608,14942,2,7-4608149422
Russia,Soviet Union,MT-LB,captured,https://postimg.cc/NL86gZDS,2022-08-13,4608,14950,2,7-4608149502
Russia,Soviet Union,MT-LB,captured,https://i.postimg.cc/2jhR1hxm/1003-mtlb.jpg,2022-08-17,4608,14953,2,7-4608149532
Russia,Soviet Union,MT-LB,captured,https://twitter.com/RALee85/status/1561806644543094784,2022-08-23,4608,14958,2,7-4608149582
Russia,Soviet Union,MT-LB,captured,https://i.postimg.cc/hP378d9t/1002-mtlb.jpg,2022-08-30,4608,14959,2,7-4608149592
Russia,Soviet Union,MT-LB,captured,https://twitter.com/UAWeapons/status/1562876165164900352,2022-08-30,4608,1831,2,7-460818312
Russia,Soviet Union,MT-LB,captured,https://twitter.com/Danspiun/status/1563497026880282635,2022-08-30,4608,8611,2,7-460886112
Russia,Soviet Union,MT-LB,captured,https://i.postimg.cc/FFMGvhv9/1001-mtlb.jpg,2022-09-05,4608,14963,2,7-4608149632
Russia,Soviet Union,MT-LB,captured,https://twitter.com/UAWeapons/status/1568352148102025217,2022-09-10,4608,14966,2,7-4608149662
Russia,Soviet Union,MT-LB,captured,https://i.postimg.cc/7L4Q4KzW/1015-mtlb.jpg,2022-09-10,4608,14967,2,7-4608149672
Russia,Soviet Union,MT-LB,captured,https://i.postimg.cc/R0TpZwQV/1016-mtlb.jpg,2022-09-10,4608,14968,2,7-4608149682
Russia,Soviet Union,MT-LB,captured,https://i.postimg.cc/hj8F3KDf/1025-mtlb.jpg,2022-09-11,4608,14969,2,7-4608149692
Russia,Soviet Union,MT-LB,captured,https://twitter.com/UAWeapons/status/1568985785176571913,2022-09-12,4608,7339,2,7-460873392
Russia,Soviet Union,MT-LB,captured,https://twitter.com/UAWeapons/status/1568899212976201728,2022-09-12,4608,10292,2,7-4608102922
Russia,Soviet Union,MT-LB,captured,https://twitter.com/UAWeapons/status/1568899223139110913,2022-09-12,4608,12513,2,7-4608125132
Russia,Soviet Union,MT-LB,captured,https://twitter.com/UAWeapons/status/1569058662869516289,2022-09-12,4608,2190,2,7-460821902
Russia,Soviet Union,MT-LB,captured,https://twitter.com/UAWeapons/status/1569069209724030976,2022-09-12,4608,14970,2,7-4608149702
Russia,Soviet Union,MT-LB,captured,https://twitter.com/UAWeapons/status/1569229402860552192,2022-09-13,4608,4397,2,7-460843972
Russia,Soviet Union,MT-LB,captured,https://twitter.com/UAWeapons/status/1569381077759807489,2022-09-13,4608,2357,2,7-460823572
Russia,Soviet Union,MT-LB,captured,https://twitter.com/UAWeapons/status/1569229412205215744,2022-09-13,4608,4400,2,7-460844002
Russia,Soviet Union,MT-LB,captured,https://twitter.com/UAWeapons/status/1569618856687058945,2022-09-14,4608,14974,2,7-4608149742
Russia,Soviet Union,MT-LB,captured,https://i.postimg.cc/J0J8nHnJ/1004-mtlb.jpg,2022-09-14,4608,14975,2,7-4608149752
Russia,Soviet Union,MT-LB,captured,https://twitter.com/UAWeapons/status/1570152367915692033,2022-09-15,4608,12532,2,7-4608125322
Russia,Soviet Union,MT-LB,captured,https://postimg.cc/5Yd8w937,2022-09-16,4608,14977,2,7-4608149772
Russia,Soviet Union,MT-LB,captured,https://twitter.com/UAWeapons/status/1570342741913268225,2022-09-16,4608,429,2,7-46084292
Russia,Soviet Union,MT-LB,captured,https://twitter.com/UAWeapons/status/1570423464971976705,2022-09-16,4608,4547,2,7-460845472
Russia,Soviet Union,MT-LB,captured,https://twitter.com/UAWeapons/status/1570781159067643904,2022-09-17,4608,4550,2,7-460845502
Russia,Soviet Union,MT-LB,captured,https://twitter.com/UAWeapons/status/1570808949737394178,2022-09-17,4608,10148,2,7-4608101482
Russia,Soviet Union,MT-LB,captured,https://twitter.com/UAWeapons/status/1571071832530505728,2022-09-17,4608,12543,2,7-4608125432
Russia,Soviet Union,MT-LB,captured,https://twitter.com/UAWeapons/status/1571109617186541572,2022-09-18,4608,6721,2,7-460867212
Russia,Soviet Union,MT-LB,captured,https://i.postimg.cc/3JyhPFCR/2022-09-14-306889955-5387493924698347-491673469679484211-n.jpg,2022-09-18,4608,14980,2,7-4608149802
Russia,Soviet Union,MT-LB,captured,https://twitter.com/UAWeapons/status/1571503345851924485,2022-09-19,4608,14983,2,7-4608149832
Russia,Soviet Union,MT-LB,captured,https://twitter.com/UAWeapons/status/1571505879068942338,2022-09-19,4608,6740,2,7-460867402
Russia,Soviet Union,MT-LB,captured,https://i.postimg.cc/d1yhxGVT/2022-09-18-MT-LB.jpg,2022-09-19,4608,14982,2,7-4608149822
Russia,Soviet Union,MT-LB,captured,https://i.postimg.cc/rppG85WP/2022-09-18-MT-LB-1.jpg,2022-09-19,4608,14984,2,7-4608149842
Russia,Soviet Union,MT-LB,captured,https://i.postimg.cc/02bYDkvN/2022-09-17-MT-LB.png,2022-09-20,4608,14986,2,7-4608149862
Russia,Soviet Union,MT-LB,captured,https://twitter.com/naalsio26/status/1572364529723666435,2022-09-22,4608,14988,2,7-4608149882
Russia,Soviet Union,MT-LB,captured,https://twitter.com/UAWeapons/status/1572671983057510400,2022-09-22,4608,552,2,7-46085522
Russia,Soviet Union,MT-LB,captured,https://twitter.com/UAWeapons/status/1572936489314426883,2022-09-23,4608,599,2,7-46085992
Russia,Soviet Union,MT-LB,captured,https://i.postimg.cc/PqSCgvBz/1003-mtlb.jpg,2022-09-24,4608,14990,2,7-4608149902
Russia,Soviet Union,MT-LB,captured,https://i.postimg.cc/XqCXBHXQ/1005-mtlb.jpg,2022-09-24,4608,14991,2,7-4608149912
Russia,Soviet Union,MT-LB,captured,https://i.postimg.cc/dQ8GPxT2/2022-09-18-MT-LB-245.jpg,2022-09-24,4608,14992,2,7-4608149922
Russia,Soviet Union,MT-LB,captured,https://i.postimg.cc/YqjffLqd/2022-09-24-MT-LB-313.jpg,2022-09-27,4608,14995,2,7-4608149952
Russia,Soviet Union,MT-LB,captured,https://i.postimg.cc/m2SvVHJz/1004-mtlb.jpg,2022-09-27,4608,14996,2,7-4608149962
Russia,Soviet Union,MT-LB,captured,https://i.postimg.cc/BvPfD5JP/1004-mtlb.jpg,2022-09-28,4608,14997,2,7-4608149972
Russia,Soviet Union,MT-LB,captured,https://i.postimg.cc/VkPfQMdw/1016-mtlb.jpg,2022-09-28,4608,14998,2,7-4608149982
Russia,Soviet Union,MT-LB,captured,https://twitter.com/UAWeapons/status/1575163897564188677,2022-09-29,4608,14999,2,7-4608149992
Russia,Soviet Union,MT-LB,captured,https://i.postimg.cc/tgrDNJxG/2022-09-28-MT-LBVM.jpg,2022-09-29,4608,15000,2,7-4608150002
Russia,Soviet Union,MT-LB,captured,https://i.postimg.cc/tgd3P60v/MT-LB-Izium.png,2022-09-30,4608,15001,2,7-4608150012
Russia,Soviet Union,MT-LB,captured,https://i.postimg.cc/Jtw8J2wJ/MT-LB-Kharkiv-region.png,2022-10-01,4608,15003,2,7-4608150032
Russia,Soviet Union,MT-LB,captured,https://i.postimg.cc/wMNvSJgX/MT-LB-Kharkiv-region-part-2.png,2022-10-01,4608,15004,2,7-4608150042
Russia,Soviet Union,MT-LB,captured,https://i.postimg.cc/6qV9SrQd/1011-mtlb-capt.jpg,2022-10-03,4608,15007,2,7-4608150072
Russia,Soviet Union,MT-LB,captured,https://i.postimg.cc/gjQwn8Vr/1008-mtlb-capt.jpg,2022-10-04,4608,15009,2,7-4608150092
Russia,Soviet Union,MT-LB,captured,https://i.postimg.cc/SsQY5yQQ/1019-mtlb-capt.jpg,2022-10-04,4608,15010,2,7-4608150102
Russia,Soviet Union,MT-LB,captured,https://i.postimg.cc/DfMCwmrW/1003-mtlb-capt.jpg,2022-10-05,4608,15012,2,7-4608150122
Russia,Soviet Union,MT-LB,captured,https://i.postimg.cc/4xhVKscf/1013-mtlb-capt.jpg,2022-10-05,4608,15013,2,7-4608150132
Russia,Soviet Union,MT-LB,captured,https://twitter.com/UAWeapons/status/1577992861144023041,2022-10-07,4608,15016,2,7-4608150162
Russia,Soviet Union,MT-LB,captured,https://i.postimg.cc/1XnFSmzK/1009-mtlb-capt.jpg,2022-10-08,4608,15020,2,7-4608150202
Russia,Soviet Union,MT-LB,captured,https://twitter.com/UAWeapons/status/1578364181765509120,2022-10-08,4608,2213,2,7-460822132
Russia,Soviet Union,MT-LB,captured,https://i.postimg.cc/RVsSDLT5/1031-mtlb-capt.jpg,2022-10-09,4608,15021,2,7-4608150212
Russia,Soviet Union,MT-LB,captured,https://i.postimg.cc/br1p4d5P/2022-10-02-MT-LB.jpg,2022-10-10,4608,15024,2,7-4608150242
Russia,Soviet Union,MT-LB,captured,https://i.postimg.cc/bJnWmxZX/1033-mtlb-capt.jpg,2022-10-10,4608,15025,2,7-4608150252
Russia,Soviet Union,MT-LB,captured,https://i.postimg.cc/NFZWMHr3/1024-mtlb-capt.jpg,2022-10-12,4608,15027,2,7-4608150272
Russia,Soviet Union,MT-LB,captured,https://i.postimg.cc/gJjLXQKw/1000-mtlb-capt.jpg,2022-10-13,4608,15028,2,7-4608150282
Russia,Soviet Union,MT-LB,captured,https://i.postimg.cc/W3Z9XrsJ/1040-mtlb-capt.jpg,2022-10-16,4608,15036,2,7-4608150362
Russia,Soviet Union,MT-LB,captured,https://i.postimg.cc/rsdH6bGz/1041-mtlb-capt.jpg,2022-10-16,4608,15037,2,7-4608150372
Russia,Soviet Union,MT-LB,captured,https://i.postimg.cc/NfBNk5S5/1049-mtlb-capt.jpg,2022-10-16,4608,15038,2,7-4608150382
Russia,Soviet Union,MT-LB,captured,https://i.postimg.cc/1tTmXRym/2022-04-07-mt-lb-3.jpg,2022-10-17,4608,15052,2,7-4608150522
Russia,Soviet Union,MT-LB,captured,https://i.postimg.cc/qvFGmcRj/2022-04-07-mt-lb-1.jpg,2022-10-17,4608,15053,2,7-4608150532
Russia,Soviet Union,MT-LB,captured,https://i.postimg.cc/Y0TQ6mwh/2022-04-01-mt-lb.jpg,2022-10-17,4608,15054,2,7-4608150542
Russia,Soviet Union,MT-LB,captured,https://i.postimg.cc/zGJJB8Sd/1000-mtlb-capt.jpg,2022-10-18,4608,15057,2,7-4608150572
Russia,Soviet Union,MT-LB,captured,https://i.postimg.cc/kGb77NGR/1008-mtlb-capt.jpg,2022-10-25,4608,15064,2,7-4608150642
Russia,Soviet Union,MT-LB,captured,https://i.postimg.cc/8PYdvjsM/1002-mtlb-capt.jpg,2022-10-27,4608,15066,2,7-4608150662
Russia,Soviet Union,MT-LB,captured,https://i.postimg.cc/7ZT3nwTc/1012-mtlb-capt.jpg,2022-10-27,4608,15067,2,7-4608150672
Russia,Soviet Union,MT-LB,captured,https://i.postimg.cc/3x3gDQjJ/MT-LB-captured-unknown-date-4th-Tank-Div.png,2022-10-27,4608,15068,2,7-4608150682
Russia,Soviet Union,MT-LB,captured,https://i.postimg.cc/G2CmZ1Qr/1006-mtlb-capt.jpg,2022-10-30,4608,15069,2,7-4608150692
Russia,Soviet Union,MT-LB,captured,https://i.postimg.cc/Gpx3sskQ/07-26-2022-MT-LB-captured-Mykolaiv-Region.png,2022-11-02,4608,15071,2,7-4608150712
Russia,Soviet Union,MT-LB,captured,https://i.postimg.cc/d1t0gmBh/1004-mtlb-capt-6-11.jpg,2022-11-08,4608,15074,2,7-4608150742
Russia,Soviet Union,MT-LB,captured,https://i.postimg.cc/Hxf6Wf5z/1002-mtlb-capt.jpg,2022-11-10,4608,15075,2,7-4608150752
Russia,Soviet Union,MT-LB,captured,https://i.postimg.cc/7hrmNCv6/1019-mtlb-capt.jpg,2022-11-12,4608,15078,2,7-4608150782
Russia,Soviet Union,MT-LB,captured,https://twitter.com/UAWeapons/status/1591541286775173120,2022-11-13,4608,1326,2,7-460813262
Russia,Soviet Union,MT-LB,captured,https://i.postimg.cc/SNpRvfFR/1008-mtlb-capt.jpg,2022-11-16,4608,15083,2,7-4608150832
Russia,Soviet Union,MT-LB,captured,https://i.postimg.cc/P5Nh8bzk/1007-mtlb-capt.jpg,2022-11-18,4608,15085,2,7-4608150852
Russia,Soviet Union,MT-LB,captured,https://i.postimg.cc/W3NDHc4D/1015-mtlb-capt.jpg,2022-12-06,4608,15090,2,7-4608150902
Russia,Soviet Union,MT-LB,captured,https://i.postimg.cc/FHShndXr/d29.png,2022-12-21,4608,15096,2,7-4608150962
Russia,Soviet Union,MT-LB,captured,https://i.postimg.cc/zDWg4wbf/1004-mtlb-capt.jpg,2022-12-28,4608,15098,2,7-4608150982
Russia,Soviet Union,MT-LB,captured,https://i.postimg.cc/3NYBVwgm/1018-mtlb-capt-28-12-22.jpg,2022-12-30,4608,15100,2,7-4608151002
Russia,Soviet Union,MT-LB,captured,https://i.postimg.cc/TPvCPVdM/1006-mtlb-capt-09-01-23.jpg,2023-01-12,4608,15103,2,7-4608151032
Russia,Soviet Union,MT-LB,captured,https://i.postimg.cc/DfG6CMGM/1020-mtlb-capt-25-01-23.jpg,2023-01-30,4608,15114,2,7-4608151142
Russia,Soviet Union,MT-LB,captured,https://i.postimg.cc/cJxpgrhY/1006-mtlb-capt-31-01-23.jpg,2023-02-03,4608,15115,2,7-4608151152
Russia,Soviet Union,MT-LB,captured,https://twitter.com/UAWeapons/status/1621590682849648644,2023-02-05,4608,15116,2,7-4608151162
Russia,Soviet Union,MT-LB,captured,https://i.postimg.cc/B6mKSgMv/1023-mtlb-capt-04-02-23.jpg,2023-02-12,4608,15118,2,7-4608151182
Russia,Soviet Union,MT-LB,captured,https://i.postimg.cc/rmZmj08g/1020-mtlb-capt-11-02-23.jpg,2023-02-13,4608,15121,2,7-4608151212
Russia,Soviet Union,MT-LB,captured,https://i.postimg.cc/8cy03X6z/1010-mtlb-capt-21-03-22.jpg,2023-02-21,4608,15123,2,7-4608151232
Russia,Soviet Union,MT-LB,captured,https://i.postimg.cc/SRdCR1zs/1019-mtlb-capt-01-03-23.jpg,2023-03-04,4608,15133,2,7-4608151332
Russia,Soviet Union,MT-LB,captured,https://i.postimg.cc/N0C47hgP/1008-mtlb-capt-20-02-23.jpg,2023-03-11,4608,15135,2,7-4608151352
Russia,Soviet Union,MT-LB,captured,https://i.postimg.cc/QVGxrzmN/1014-mtlb-capt-11-03-23.png,2023-03-16,4608,15139,2,7-4608151392
Russia,Soviet Union,MT-LB,captured,https://i.postimg.cc/4yMZZpys/1003-mtlb-capt-20-03-23.jpg,2023-03-22,4608,15141,2,7-4608151412
Russia,Soviet Union,MT-LB,captured,https://i.postimg.cc/kGD9kTnT/1022-mtlb-capt-20-03-23.jpg,2023-03-22,4608,15142,2,7-4608151422
Russia,Soviet Union,MT-LB,captured,https://i.postimg.cc/Zq1wy2Js/322.png,2023-03-26,4608,15145,2,7-4608151452
Russia,Soviet Union,MT-LB,captured,https://postlmg.cc/XBwtkG9z,2023-03-28,4608,15148,2,7-4608151482
Russia,Soviet Union,MT-LB,captured,https://postimg.cc/wRt7bV28,2023-03-29,4608,15150,2,7-4608151502
Russia,Soviet Union,MT-LB,captured,https://i.postimg.cc/kXCkgkxB/1029-MT-LB-capt-07-03-22.jpg,2023-06-28,4608,15194,2,7-4608151942
Russia,Soviet Union,MT-LB,captured,https://i.postimg.cc/cHd4K1r3/1067-MT-LB-capt-30-03-22.jpg,2023-10-06,4608,15252,2,7-4608152522
Russia,Soviet Union,MT-LB,captured,https://i.postimg.cc/bvytRBc4/1022-MT-LB-capt-02-06-23.jpg,2024-04-27,4608,15542,2,7-4608155422
Russia,Soviet Union,MT-LB,captured,https://i.postimg.cc/FF8vhYD8/1005-MT-LB-capt-29-10-22.jpg,2024-05-24,4608,15583,2,7-4608155832
Russia,Soviet Union,MT-LB,captured,https://i.postimg.cc/m29skTnD/1004-MT-LB-capt-29-09-22.jpg,2024-05-24,4608,15584,2,7-4608155842
Russia,Soviet Union,MT-LB,captured,https://i.postimg.cc/rpGtbg3x/1014-MT-LB-capt-20-03-22.jpg,2024-06-28,4608,15645,2,7-4608156452
Russia,Soviet Union,MT-LB,captured,https://i.postimg.cc/tg6bJBkr/1028-MT-LB-capt-04-10-22.jpg,2024-06-30,4608,15653,2,7-4608156532
Russia,Soviet Union,MT-LB,captured,https://i.postimg.cc/4dbZwTkv/1010-MT-LB-capt-30-12-22.jpg,2024-08-03,4608,15705,2,7-4608157052
Russia,Soviet Union,MT-LB with ZU-23 AA gun,captured,https://i.postimg.cc/fL7X1hBW/t5.png,2022-03-29,4612,15899,2,7-4612158992
Russia,Soviet Union,MT-LBM 6MB,captured,https://i.postimg.cc/HWBy1LPP/1001-MT-LBM-6-MB.jpg,2022-08-13,4613,15907,2,7-4613159072
Russia,Soviet Union,MT-LBu,captured,https://i.postimg.cc/pV5ZRVDR/5548.png,2022-03-19,4614,15924,2,7-4614159242
Russia,Soviet Union,MT-LBu,captured,https://i.postimg.cc/bvVkFC2H/Screenshot-8472.png,2022-03-19,4614,15925,2,7-4614159252
Russia,Soviet Union,MT-LBu,captured,https://i.postimg.cc/xjmrvypy/516.png,2022-03-19,4614,3700,2,7-461437002
Russia,Soviet Union,MT-LBu,captured,https://i.postimg.cc/zvT9vXFV/4ff.png,2022-03-19,4614,3688,2,7-461436882
Russia,Soviet Union,MT-LBu,captured,https://i.postimg.cc/QdsVWrSW/4311.png,2022-03-19,4614,15926,2,7-4614159262
Russia,Soviet Union,MT-LBu,captured,https://i.postimg.cc/0Q3ddJ37/5g2.png,2022-03-28,4614,15928,2,7-4614159282
Russia,Soviet Union,MT-LBu,captured,https://i.postimg.cc/02qdRFmR/1d.png,2022-03-28,4614,15929,2,7-4614159292
Russia,Soviet Union,MT-LBu,captured,https://i.postimg.cc/fTMW9rSn/469.png,2022-03-29,4614,15932,2,7-4614159322
Russia,Soviet Union,MT-LBu,captured,https://i.postimg.cc/DyqmxChr/43.jpg,2022-04-01,4614,15933,2,7-4614159332
Russia,Soviet Union,MT-LBu,captured,https://i.postimg.cc/VLvrFkCP/6hh.jpg,2022-04-01,4614,15934,2,7-4614159342
Russia,Soviet Union,MT-LBu,captured,https://twitter.com/UAWeapons/status/1583809626402738176,2022-10-24,4614,15939,2,7-4614159392
Russia,Soviet Union,MT-LBVM and MT-LBVMK,captured,https://i.postimg.cc/vTgL7mXg/76.jpg,2022-04-15,4615,15949,2,7-4615159492
Russia,Soviet Union,MT-LBVM and MT-LBVMK,captured,https://postimg.cc/hh2vkcP8,2022-04-16,4615,15954,2,7-4615159542
Russia,Soviet Union,MT-LBVM and MT-LBVMK,captured,https://i.postimg.cc/59vv0CRv/mttllbbbbbbb.jpg,2022-04-16,4615,15955,2,7-4615159552
Russia,Soviet Union,MT-LBVM and MT-LBVMK,captured,https://i.postimg.cc/MK27bDQd/m1cap1.jpg,2022-04-16,4615,15956,2,7-4615159562
Russia,Soviet Union,MT-LBVM and MT-LBVMK,captured,https://i.postimg.cc/zBHhTbDs/mcap2.jpg,2022-04-16,4615,15957,2,7-4615159572
Russia,Soviet Union,MT-LBVM and MT-LBVMK,captured,https://i.postimg.cc/SR0MdSJJ/mcap4.jpg,2022-04-16,4615,15958,2,7-4615159582
Russia,Soviet Union,MT-LBVM and MT-LBVMK,captured,https://i.postimg.cc/SRWztBMV/mcap6.jpg,2022-04-16,4615,15959,2,7-4615159592
Russia,Soviet Union,MT-LBVM and MT-LBVMK,captured,https://postimg.cc/239jHG22,2022-04-16,4615,15960,2,7-4615159602
Russia,Soviet Union,MT-LBVM and MT-LBVMK,captured,https://postimg.cc/SXbx6KD4,2022-04-16,4615,15961,2,7-4615159612
Russia,Soviet Union,MT-LBVM and MT-LBVMK,captured,https://postimg.cc/CZbdX8zd,2022-04-16,4615,15962,2,7-4615159622
Russia,Soviet Union,MT-LBVM and MT-LBVMK,captured,https://postimg.cc/9rSMfb9r,2022-04-16,4615,15963,2,7-4615159632
Russia,Soviet Union,MT-LBVM and MT-LBVMK,captured,https://i.postimg.cc/FztFks9X/46.png,2022-04-24,4615,15964,2,7-4615159642
Russia,Soviet Union,MT-LBVM and MT-LBVMK,captured,https://i.postimg.cc/qgVD3qkv/c4.jpg,2022-05-08,4615,15972,2,7-4615159722
Russia,Soviet Union,MT-LBVM and MT-LBVMK,captured,https://i.postimg.cc/NFrPFmvn/c5.jpg,2022-05-08,4615,15973,2,7-4615159732
Russia,Soviet Union,MT-LBVM and MT-LBVMK,captured,https://i.postimg.cc/sXrWQvpj/35.jpg,2022-05-12,4615,15976,2,7-4615159762
Russia,Soviet Union,MT-LBVM and MT-LBVMK,captured,https://i.postimg.cc/1X5z3z9j/877.jpg,2022-05-12,4615,15977,2,7-4615159772
Russia,Soviet Union,MT-LBVM and MT-LBVMK,captured,https://i.postimg.cc/Pq8mrMPV/698.jpg,2022-05-13,4615,15978,2,7-4615159782
Russia,Soviet Union,MT-LBVM and MT-LBVMK,captured,https://i.postimg.cc/prDZ3Csm/32.jpg,2022-05-21,4615,15981,2,7-4615159812
Russia,Soviet Union,MT-LBVM and MT-LBVMK,captured,https://i.postimg.cc/0jsMpJvw/48j.png,2022-05-24,4615,15984,2,7-4615159842
Russia,Soviet Union,MT-LBVM and MT-LBVMK,captured,https://i.postimg.cc/yYgXB2kP/87.jpg,2022-06-26,4615,15986,2,7-4615159862
Russia,Soviet Union,MT-LBVM and MT-LBVMK,captured,https://twitter.com/UAWeapons/status/1554001444491198464,2022-08-04,4615,15989,2,7-4615159892
Russia,Russia,MTU-72 bridge layer,captured,https://i.postimg.cc/15PH69LH/3g.png,2022-03-19,4616,15990,2,7-4616159902
Russia,Russia,MTU-72 bridge layer,captured,https://i.postimg.cc/prZTvrWj/43ff.png,2022-04-13,4616,15991,2,7-4616159912
Russia,Russia,Orlan-10,captured,https://i.postimg.cc/7Zc6sQgV/446.png,2022-11-16,4619,16005,2,7-4619160052
Russia,Russia,Orlan-10,captured,https://i.postimg.cc/g2D6v8XZ/66568.png,2022-11-16,4619,16006,2,7-4619160062
Russia,Russia,Orlan-10,captured,https://i.postimg.cc/0Qrk7Rzf/1007-oraln10-capt.jpg,2022-11-30,4619,16007,2,7-4619160072
Russia,Russia,Orlan-10,captured,https://twitter.com/UAWeapons/status/1597902731028881411,2022-12-02,4619,16008,2,7-4619160082
Russia,Russia,Orlan-10,captured,https://twitter.com/UAWeapons/status/1599547736776245249,2022-12-06,4619,16009,2,7-4619160092
Russia,Russia,Orlan-10,captured,https://i.postimg.cc/KY4WD7Vf/580.png,2022-12-23,4619,16010,2,7-4619160102
Russia,Russia,Orlan-10,captured,https://i.postimg.cc/5t8PCrFd/1021-orlan-10-capt-05-01-23.jpg,2023-01-06,4619,16013,2,7-4619160132
Russia,Russia,Orlan-10,captured,https://i.postimg.cc/k5t3WxSC/1000-orlan10-capt-25-11-22.jpg,2023-01-21,4619,16019,2,7-4619160192
Russia,Russia,Orlan-10,captured,https://i.postimg.cc/QxX3v92g/1041-orlan-10-capt-16-12-22.jpg,2023-01-21,4619,16020,2,7-4619160202
Russia,Russia,Orlan-10,captured,https://i.postimg.cc/FH90kLdh/1035-orlan10-capt-18-05-22.jpg,2023-02-03,4619,16031,2,7-4619160312
Russia,Russia,Orlan-10,captured,https://i.postimg.cc/cLXwRLww/1036-orlan10-capt-24-06-22.jpg,2023-02-03,4619,16032,2,7-4619160322
Russia,Russia,Orlan-10,captured,https://i.postimg.cc/ydSRCh5y/1037-orlan10-capt-06-06-22.jpg,2023-02-03,4619,16033,2,7-4619160332
Russia,Russia,Orlan-10,captured,https://i.postimg.cc/5trzrKPt/1041-orlan10-capt-24-06-2022.jpg,2023-02-03,4619,16034,2,7-4619160342
Russia,Russia,Orlan-10,captured,https://twitter.com/UAWeapons/status/1621901318318088194,2023-02-07,4619,8887,2,7-461988872
Russia,Russia,Orlan-10,captured,https://i.postimg.cc/YSV4Q1z7/1031-orlan10-capt-09-02-23.jpg,2023-02-12,4619,16039,2,7-4619160392
Russia,Russia,Orlan-10,captured,https://i.postimg.cc/SQgzYK1M/1005-orlan10-capt-20-11-22.jpg,2023-03-07,4619,16041,2,7-4619160412
Russia,Russia,Orlan-10,captured,https://i.postimg.cc/y8KqZRdr/1010-orlan10-capt-10-03-23.jpg,2023-03-11,4619,16042,2,7-4619160422
Russia,Russia,Orlan-10,captured,https://i.postimg.cc/63tR2qqv/1020-orlan10-capt-12-03-23.jpg,2023-03-13,4619,16044,2,7-4619160442
Russia,Russia,Orlan-10,captured,https://i.postimg.cc/DZ67zrTZ/121.png,2023-03-26,4619,16045,2,7-4619160452
Russia,Russia,Orlan-10,captured,https://i.postimg.cc/JzCKRFR1/4318.png,2023-03-26,4619,16046,2,7-4619160462
Russia,Russia,Orlan-10,captured,https://i.postimg.cc/zBNZxmHd/57p.png,2023-03-28,4619,16047,2,7-4619160472
Russia,Russia,Orlan-10,captured,https://i.postimg.cc/50t5xpQR/776.png,2023-04-08,4619,16051,2,7-4619160512
Russia,Russia,Orlan-10,captured,https://i.postimg.cc/jdmp0J0Z/870.png,2023-04-19,4619,16052,2,7-4619160522
Russia,Russia,Orlan-10,captured,https://i.postimg.cc/VNyQd7dF/1000-orlan10-capt-11-05-23.jpg,2023-05-12,4619,16057,2,7-4619160572
Russia,Russia,Orlan-10,captured,https://i.postimg.cc/vB77Mr21/1045-Orlan-10-reconnaissance-UAV-capt-10-05-23.png,2023-05-23,4619,16064,2,7-4619160642
Russia,Russia,Orlan-10,captured,https://i.postimg.cc/66726N2Y/1001-Orlan-10-reconnaissance-UAV-capt-05-11-22.jpg,2023-05-30,4619,16068,2,7-4619160682
Russia,Russia,Orlan-10,captured,https://i.postimg.cc/fym1W9sr/1006-orlan10-capt-29-06-23.jpg,2023-07-04,4619,16072,2,7-4619160722
Russia,Russia,Orlan-10,captured,https://i.postimg.cc/LXgksvJv/1026-Orlan-10-capt-13-07-23.jpg,2023-07-14,4619,16076,2,7-4619160762
Russia,Russia,Orlan-10,captured,https://i.postimg.cc/pTYvr44L/1019-orlan10-capt-17-05-23.jpg,2023-08-26,4619,16084,2,7-4619160842
Russia,Russia,Orlan-10,captured,https://i.postimg.cc/sgJ7QKJy/4439.png,2023-09-12,4619,16086,2,7-4619160862
Russia,Russia,Orlan-10,captured,https://i.postimg.cc/cHcWN6W5/2248.png,2023-09-21,4619,16087,2,7-4619160872
Russia,Russia,Orlan-10,captured,https://i.postimg.cc/Y97fhF6x/1009-orlan10-capt-04-10-23.jpg,2023-10-06,4619,16089,2,7-4619160892
Russia,Russia,Orlan-10,captured,https://i.postimg.cc/4NWYLqmr/1034-orlan10-capt-06-10-23.jpg,2023-10-09,4619,16090,2,7-4619160902
Russia,Russia,Orlan-10,captured,https://i.postimg.cc/tCMvHYxt/1029-orlan-10-capt-11-10-23.jpg,2023-10-15,4619,16091,2,7-4619160912
Russia,Russia,Orlan-10,captured,https://i.postimg.cc/R0qLGn67/1053-Orlan-10-UAV-capt-14-11-23.jpg,2023-11-20,4619,16095,2,7-4619160952
Russia,Russia,Orlan-10,captured,https://i.postimg.cc/YS1f7Pd2/1020-orlan10-capt-28-12-23.jpg,2024-01-09,4619,16096,2,7-4619160962
Russia,Russia,Orlan-10,captured,https://i.postimg.cc/RCDfpx1W/1014-orlan10-capt-31-12-23.jpg,2024-01-30,4619,16097,2,7-4619160972
Russia,Russia,Orlan-10,captured,https://i.postimg.cc/y69K7c7f/1020-Orlan-10-capt-31-08-23.jpg,2024-02-23,4619,16101,2,7-4619161012
Russia,Russia,Orlan-10,captured,https://i.postimg.cc/hj7YYBtL/1035-Orlan-10-capt-17-06-24.jpg,2024-06-20,4619,16117,2,7-4619161172
Russia,Russia,Orlan-10,captured,https://i.postimg.cc/5ydrdRXZ/1001-Orlan-10-reconnaissance-UAV-capt-15-06-24.jpg,2024-06-20,4619,16118,2,7-4619161182
Russia,Russia,Orlan-10,captured,https://i.postimg.cc/85L73jkt/1049-orlan10-destr-27-06-24.jpg,2024-06-30,4619,16119,2,7-4619161192
Russia,Russia,Orlan-10,captured,https://i.postimg.cc/Xvmx6TZ3/1035-Orlan-10-capt-21-07-23.jpg,2024-07-21,4619,16120,2,7-4619161202
Russia,Russia,Orlan-10,captured,https://i.postimg.cc/8kFDDLLW/1016-Orlan-10-capt-31-08-22.jpg,2024-07-24,4619,16121,2,7-4619161212
Russia,Russia,Orlan-10,captured,https://i.postimg.cc/L84tvnCP/1014-Orlan-10-reconnaissance-UAV-capt-31-07-24.jpg,2024-08-09,4619,16123,2,7-4619161232
Russia,Russia,Orlan-10,captured,https://i.postimg.cc/G2zzBcM9/1031-Orlan-10-capt-12-08-24.jpg,2024-08-15,4619,16125,2,7-4619161252
Russia,Russia,Orlan-10,captured,https://i.postimg.cc/kXJxCc24/1009-Orlan-10-reconnaissance-UAV-capt-02-09-24.jpg,2024-09-09,4619,16127,2,7-4619161272
Russia,Russia,Orlan-10,captured,https://i.postimg.cc/Pf61040x/1024-Orlan-10-capt-30-06-24.jpg,2024-09-20,4619,16129,2,7-4619161292
Russia,Russia,Orlan-10 jamming UAV,captured,https://i.postimg.cc/TYLmNYfv/546.jpg,2022-05-14,4620,16132,2,7-4620161322
Russia,Russia,Orlan-10 reconnaissance UAV,captured,https://i.postimg.cc/SsmD3Q1Q/489.png,2022-03-19,4621,16136,2,7-4621161362
Russia,Russia,Orlan-10 reconnaissance UAV,captured,https://i.postimg.cc/T2FpLK3H/4fj.png,2022-03-19,4621,16137,2,7-4621161372
Russia,Russia,Orlan-10 reconnaissance UAV,captured,https://i.postimg.cc/vH8mfDPF/178.png,2022-03-26,4621,16141,2,7-4621161412
Russia,Russia,Orlan-10 reconnaissance UAV,captured,https://i.postimg.cc/bJTQmCp8/6899.png,2022-04-09,4621,16146,2,7-4621161462
Russia,Russia,Orlan-10 reconnaissance UAV,captured,https://i.postimg.cc/BbxhgctG/7761.jpg,2022-04-09,4621,16147,2,7-4621161472
Russia,Russia,Orlan-10 reconnaissance UAV,captured,https://i.postimg.cc/6QqPwj1t/4f.jpg,2022-04-14,4621,16153,2,7-4621161532
Russia,Russia,Orlan-10 reconnaissance UAV,captured,https://i.postimg.cc/NF1kqKHh/1.jpg,2022-04-17,4621,16155,2,7-4621161552
Russia,Russia,Orlan-10 reconnaissance UAV,captured,https://i.postimg.cc/Zq7rm9pH/370.png,2022-04-21,4621,16159,2,7-4621161592
Russia,Russia,Orlan-10 reconnaissance UAV,captured,https://i.postimg.cc/RZF5FGVc/576.jpg,2022-04-23,4621,16161,2,7-4621161612
Russia,Russia,Orlan-10 reconnaissance UAV,captured,https://i.postimg.cc/dtPZbsKy/4f2.png,2022-04-23,4621,16162,2,7-4621161622
Russia,Russia,Orlan-10 reconnaissance UAV,captured,https://i.postimg.cc/TY4KfK2d/57.jpg,2022-05-01,4621,16165,2,7-4621161652
Russia,Russia,Orlan-10 reconnaissance UAV,captured,https://i.postimg.cc/nh9Sskyd/443d.jpg,2022-05-05,4621,16170,2,7-4621161702
Russia,Russia,Orlan-10 reconnaissance UAV,captured,https://i.postimg.cc/5N6BMbSX/g2.jpg,2022-05-08,4621,16173,2,7-4621161732
Russia,Russia,Orlan-10 reconnaissance UAV,captured,https://i.postimg.cc/cL3rsCST/32.jpg,2022-05-08,4621,16174,2,7-4621161742
Russia,Russia,Orlan-10 reconnaissance UAV,captured,https://i.postimg.cc/YqNCVRZ8/689.jpg,2022-05-11,4621,16176,2,7-4621161762
Russia,Russia,Orlan-10 reconnaissance UAV,captured,https://i.postimg.cc/zX4cH9kG/378.png,2022-05-12,4621,16178,2,7-4621161782
Russia,Russia,Orlan-10 reconnaissance UAV,captured,https://i.postimg.cc/vBGZW9Dm/769.jpg,2022-05-12,4621,16179,2,7-4621161792
Russia,Russia,Orlan-10 reconnaissance UAV,captured,https://i.postimg.cc/FKNqkkLG/479.png,2022-05-12,4621,16180,2,7-4621161802
Russia,Russia,Orlan-10 reconnaissance UAV,captured,https://i.postimg.cc/QMpYq1Jn/65g.png,2022-05-14,4621,16182,2,7-4621161822
Russia,Russia,Orlan-10 reconnaissance UAV,captured,https://i.postimg.cc/jdHNY3wM/5471.jpg,2022-05-14,4621,16183,2,7-4621161832
Russia,Russia,Orlan-10 reconnaissance UAV,captured,https://i.postimg.cc/sxc4pmht/684.png,2022-05-23,4621,16187,2,7-4621161872
Russia,Russia,Orlan-10 reconnaissance UAV,captured,https://i.postimg.cc/fL9zMkcJ/f4.jpg,2022-05-23,4621,16188,2,7-4621161882
Russia,Russia,Orlan-10 reconnaissance UAV,captured,https://i.postimg.cc/1X19XPBM/f5.jpg,2022-05-23,4621,16189,2,7-4621161892
Russia,Russia,Orlan-10 reconnaissance UAV,captured,https://i.postimg.cc/8zkzDNf8/o1.png,2022-05-26,4621,16191,2,7-4621161912
Russia,Russia,Orlan-10 reconnaissance UAV,captured,https://i.postimg.cc/hGqMhZgq/o3.png,2022-05-26,4621,16192,2,7-4621161922
Russia,Russia,Orlan-10 reconnaissance UAV,captured,https://i.postimg.cc/9fZz7drg/778.jpg,2022-06-02,4621,16195,2,7-4621161952
Russia,Russia,Orlan-10 reconnaissance UAV,captured,https://i.postimg.cc/wM3vnwmj/548.png,2022-06-02,4621,16196,2,7-4621161962
Russia,Russia,Orlan-10 reconnaissance UAV,captured,https://i.postimg.cc/bJ9tZDL2/j77.jpg,2022-06-08,4621,16198,2,7-4621161982
Russia,Russia,Orlan-10 reconnaissance UAV,captured,https://i.postimg.cc/nLwDTbvD/o1.jpg,2022-06-26,4621,16199,2,7-4621161992
Russia,Russia,Orlan-10 reconnaissance UAV,captured,https://i.postimg.cc/Y95mK6D2/o2.jpg,2022-06-26,4621,16200,2,7-4621162002
Russia,Russia,Orlan-10 reconnaissance UAV,captured,https://i.postimg.cc/JnpJ6DcS/4f88.png,2022-06-28,4621,16201,2,7-4621162012
Russia,Russia,Orlan-10 reconnaissance UAV,captured,https://i.postimg.cc/wx21XFCw/090.jpg,2022-06-29,4621,16202,2,7-4621162022
Russia,Russia,Orlan-10 reconnaissance UAV,captured,https://i.postimg.cc/nhnvjKN9/433.png,2022-07-12,4621,16204,2,7-4621162042
Russia,Russia,Orlan-10 reconnaissance UAV,captured,https://i.postimg.cc/CKJQDtPK/4488.png,2022-07-20,4621,16205,2,7-4621162052
Russia,Russia,Orlan-10 reconnaissance UAV,captured,https://twitter.com/UAWeapons/status/1557721655991885824,2022-08-13,4621,16208,2,7-4621162082
Russia,Russia,Orlan-10 reconnaissance UAV,captured,https://i.postimg.cc/xCxn758d/1100-orlan10.jpg,2022-08-23,4621,16213,2,7-4621162132
Russia,Russia,Orlan-10 reconnaissance UAV,captured,https://i.postimg.cc/X7DyWsdF/1007-orlan10.jpg,2022-08-23,4621,16214,2,7-4621162142
Russia,Russia,Orlan-10 reconnaissance UAV,captured,https://twitter.com/RALee85/status/1561460268994965505,2022-08-23,4621,16215,2,7-4621162152
Russia,Russia,Orlan-10 reconnaissance UAV,captured,https://twitter.com/RALee85/status/1561952181779156993,2022-08-24,4621,16216,2,7-4621162162
Russia,Russia,Orlan-10 reconnaissance UAV,captured,https://twitter.com/UAWeapons/status/1562762515993358336,2022-08-30,4621,16218,2,7-4621162182
Russia,Russia,Orlan-10 reconnaissance UAV,captured,https://i.postimg.cc/0QzQdnnK/1002-orlan10.jpg,2022-08-30,4621,16219,2,7-4621162192
Russia,Russia,Orlan-10 reconnaissance UAV,captured,https://twitter.com/UAWeapons/status/1566364893661511680,2022-09-04,4621,16221,2,7-4621162212
Russia,Russia,Orlan-10 reconnaissance UAV,captured,https://twitter.com/UAWeapons/status/1568935751777415168,2022-09-12,4621,16222,2,7-4621162222
Russia,Russia,Orlan-10 reconnaissance UAV,captured,https://twitter.com/UAWeapons/status/1573271316521787392,2022-09-24,4621,16224,2,7-4621162242
Russia,Russia,Orlan-10 reconnaissance UAV,captured,https://twitter.com/UAWeapons/status/1575211477380001792,2022-09-29,4621,16225,2,7-4621162252
Russia,Russia,Orlan-10 reconnaissance UAV,captured,https://i.postimg.cc/Pf49vd2q/1007-oraln10-capt.jpg,2022-10-08,4621,16228,2,7-4621162282
Russia,Russia,Orlan-10 reconnaissance UAV,captured,https://twitter.com/UAWeapons/status/1589896618664677376,2022-11-09,4621,16229,2,7-4621162292
Russia,Russia,Orlan-10 UCAV,captured,https://i.postimg.cc/3JvQ6666/IMG-4845.jpg,2023-07-14,4622,16231,2,7-4622162312
Russia,Russia,Orlan-30,captured,https://twitter.com/UAWeapons/status/1621901318318088194,2023-02-07,4623,8887,2,7-462388872
Russia,Russia,Orlan-30,captured,https://i.postimg.cc/RF3MLxc0/48k.png,2023-04-19,4623,16232,2,7-4623162322
Russia,Russia,Orlan-30,captured,https://i.postimg.cc/VLW9jjR1/1022-Orlan-30-reconnaissance-UAV-capt-06-08-24.jpg,2024-08-09,4623,16240,2,7-4623162402
Russia,Russia,Orlan-30,captured,https://i.postimg.cc/KcnBvsSh/1035-Orlan-30-reconnaissance-UAV-capt-13-09-24.jpg,2024-09-25,4623,16242,2,7-4623162422
Russia,Russia,Orlan-30 reconnaissance UAV,captured,https://i.postimg.cc/Y9Ps2VXG/f5.png,2022-08-08,4624,16246,2,7-4624162462
Russia,Russia,Orlan-30 reconnaissance UAV,captured,https://twitter.com/UAWeapons/status/1573271316521787392,2022-09-24,4624,16224,2,7-4624162242
Russia,Russia,P-260-U signal vehicle (for Redut-2US signal and communications system),captured,https://i.postimg.cc/MGB9YfRK/7y.png,2022-03-19,4626,16248,2,7-4626162482
Russia,Russia,P-260-U signal vehicle (for Redut-2US signal and communications system),captured,https://i.postimg.cc/593fccyW/36h.png,2022-03-26,4626,16249,2,7-4626162492
Russia,Russia,Pantsir-S1,captured,https://postimg.cc/TpB4Xtbs/ec2c4921,2022-03-19,4627,16253,2,7-4627162532
Russia,Russia,Pantsir-S1,captured,https://i.postimg.cc/QxrxMb4D/k88.png,2022-03-19,4627,16254,2,7-4627162542
Russia,Russia,Pantsir-S1,captured,https://i.postimg.cc/5yy3byX2/43j.png,2022-03-19,4627,16255,2,7-4627162552
Russia,Soviet Union,PMP floating bridge,captured,https://i.postimg.cc/2SDSqjrD/dr2.jpg,2022-04-01,4628,16262,2,7-4628162622
Russia,Soviet Union,PMP floating bridge,captured,https://i.postimg.cc/wTqRqW7q/7k.jpg,2022-04-23,4628,16263,2,7-4628162632
Russia,Soviet Union,PMP floating bridge,captured,https://postimg.cc/mtdZGRwb,2022-09-15,4628,16266,2,7-4628162662
Russia,Russia,Pontoon bridge,captured,https://i.postimg.cc/L6LThN8t/315.png,2022-03-26,4629,16272,2,7-4629162722
Russia,Russia,Pontoon bridge,captured,https://i.postimg.cc/7ZQSBQz3/c1.jpg,2022-04-10,4629,16275,2,7-4629162752
Russia,Russia,Pontoon bridge,captured,https://i.postimg.cc/bwvQ9jZY/c2.jpg,2022-04-10,4629,16276,2,7-4629162762
Russia,Russia,Pontoon bridge,captured,https://i.postimg.cc/J4yMTsbF/3d5.png,2022-04-13,4629,16277,2,7-4629162772
Russia,Russia,PP-2005 floating bridge,captured,https://i.postimg.cc/hPR7XfzT/574.png,2022-04-10,4630,16284,2,7-4630162842
Russia,Russia,PP-2005 floating bridge,captured,https://i.postimg.cc/T2c1BPwc/73.png,2022-04-11,4630,16285,2,7-4630162852
Russia,Russia,PP-2005 floating bridge,captured,https://postimg.cc/yJjkVD4D,2022-05-25,4630,16292,2,7-4630162922
Russia,Russia,PP-2005 floating bridge,captured,https://i.postimg.cc/dthWRbGf/1014-PP-2005-pontoon-6-11.jpg,2022-11-08,4630,16299,2,7-4630162992
Russia,Russia,PPRU-1(M) '9S80(-1)' 'Sborka' (for 9K35 Strela-10),captured,https://i.postimg.cc/Bvg6z7R1/4388.png,2022-04-01,4631,16305,2,7-4631163052
Russia,Soviet Union,PTS-3 tracked amphibious transport,captured,https://i.postimg.cc/HktQQkYh/5790.png,2022-04-10,4643,16332,2,7-4643163322
Russia,Soviet Union,PTS-3 tracked amphibious transport,captured,https://i.postimg.cc/yYpdPNYp/543.jpg,2022-04-10,4643,16333,2,7-4643163332
Russia,Soviet Union,PTS-3 tracked amphibious transport,captured,https://i.postimg.cc/qBXtN2z5/998.jpg,2022-04-20,4643,16335,2,7-4643163352
Russia,Soviet Union,PTS-3 tracked amphibious transport,captured,https://i.postimg.cc/yxSbRpfX/66.png,2022-05-08,4643,16339,2,7-4643163392
Russia,Soviet Union,R-145BM1 command vehicle,captured,https://i.postimg.cc/65NCK7h7/76.jpg,2022-04-09,4644,16344,2,7-4644163442
Russia,Soviet Union,R-145BM1 command vehicle,captured,https://i.postimg.cc/m2r7GPVb/485.png,2022-05-23,4644,16345,2,7-4644163452
Russia,Russia,R-149MA1 command and staff vehicle,captured,https://i.postimg.cc/hG5hhQJp/59.png,2022-03-19,4646,16360,2,7-4646163602
Russia,Russia,R-149MA1 command and staff vehicle,captured,https://i.postimg.cc/kgBKhrFT/884.png,2022-03-19,4646,13633,2,7-4646136332
Russia,Russia,R-149MA1 command and staff vehicle,captured,https://i.postimg.cc/SxdymMYS/f432.png,2022-03-19,4646,16361,2,7-4646163612
Russia,Russia,R-149MA1 command and staff vehicle,captured,https://i.postimg.cc/hPWjc9Qs/mp.jpg,2022-03-19,4646,16362,2,7-4646163622
Russia,Russia,R-149MA1 command and staff vehicle,captured,https://i.postimg.cc/P5zsqGHT/3313.png,2022-03-26,4646,16364,2,7-4646163642
Russia,Russia,R-149MA1 command and staff vehicle,captured,https://i.postimg.cc/cLDXxbXF/5gl.png,2022-03-27,4646,16366,2,7-4646163662
Russia,Russia,R-149MA1 command and staff vehicle,captured,https://i.postimg.cc/pdB74mm1/3325.png,2022-03-30,4646,16367,2,7-4646163672
Russia,Russia,R-149MA1 command and staff vehicle,captured,https://i.postimg.cc/4yYNv559/f7.jpg,2022-04-01,4646,16371,2,7-4646163712
Russia,Russia,R-149MA1 command and staff vehicle,captured,https://i.postimg.cc/RFcfzjsM/43.png,2022-04-04,4646,16374,2,7-4646163742
Russia,Russia,R-149MA1 command and staff vehicle,captured,https://i.postimg.cc/FzhWVBty/793.png,2022-04-10,4646,16378,2,7-4646163782
Russia,Russia,R-149MA1 command and staff vehicle,captured,https://i.postimg.cc/Px1S1M0W/7760.jpg,2022-04-10,4646,16379,2,7-4646163792
Russia,Russia,R-149MA1 command and staff vehicle,captured,https://i.postimg.cc/4NBgyzgY/49.png,2022-04-11,4646,16380,2,7-4646163802
Russia,Russia,R-149MA1 command and staff vehicle,captured,https://i.postimg.cc/yNJG3Xpt/776d.jpg,2022-04-23,4646,16384,2,7-4646163842
Russia,Russia,R-149MA1 command and staff vehicle,captured,https://i.postimg.cc/mZQ9GzMB/87.jpg,2022-05-15,4646,16385,2,7-4646163852
Russia,Russia,R-149MA1 command and staff vehicle,captured,https://i.postimg.cc/nLndbtWV/328.png,2022-06-05,4646,16386,2,7-4646163862
Russia,Russia,R-149MA1 command and staff vehicle,captured,https://i.postimg.cc/zGzwY2Qn/6533.png,2022-06-06,4646,16387,2,7-4646163872
Russia,Russia,R-149MA3 command and staff vehicle,captured,https://i.postimg.cc/pXBzH5Qc/554.png,2022-03-19,4647,16397,2,7-4647163972
Russia,Russia,R-149MA3 command and staff vehicle,captured,https://i.postimg.cc/q7W198PZ/f431.png,2022-03-19,4647,16398,2,7-4647163982
Russia,Russia,R-149MA3 command and staff vehicle,captured,https://i.postimg.cc/65LWg9tK/554.jpg,2022-03-26,4647,16402,2,7-4647164022
Russia,Russia,R-149MA3 command and staff vehicle,captured,https://i.postimg.cc/cJCm25Z1/n2.png,2022-03-26,4647,13340,2,7-4647133402
Russia,Russia,R-149MA3 command and staff vehicle,captured,https://i.postimg.cc/qMBBzkFq/Screenshot-8469.png,2022-03-26,4647,13342,2,7-4647133422
Russia,Russia,R-149MA3 command and staff vehicle,captured,https://i.postimg.cc/66nd8KXn/4g2.jpg,2022-04-06,4647,16404,2,7-4647164042
Russia,Russia,R-149MA3 command and staff vehicle,captured,https://i.postimg.cc/J0ntzbdY/1003-R-149-MA3.jpg,2022-08-13,4647,16405,2,7-4647164052
Russia,Russia,R-149MA3 command and staff vehicle,captured,https://i.postimg.cc/fyYhkTDq/1002-R149-M3.jpg,2022-08-13,4647,16406,2,7-4647164062
Russia,Russia,R-149MA3 command and staff vehicle,captured,https://i.postimg.cc/dtQ6ZsNN/1003-btr80.jpg,2022-09-05,4647,16407,2,7-4647164072
Russia,Russia,R-149MA3 command and staff vehicle,captured,https://i.postimg.cc/QxNm91xs/1020-r-149ma3.jpg,2022-09-14,4647,16409,2,7-4647164092
Russia,Russia,R-149MA3 command and staff vehicle,captured,https://i.postimg.cc/qMmL8qzK/1023-r-149ma3.jpg,2022-09-14,4647,16410,2,7-4647164102
Russia,Russia,R-149MA3 command and staff vehicle,captured,https://i.postimg.cc/xCK5HPzj/1024-r-149ma3.jpg,2022-09-14,4647,16411,2,7-4647164112
Russia,Russia,R-166-0.5 signals vehicle,captured,https://i.postimg.cc/gjx3KxTk/f57.png,2022-03-19,4648,16414,2,7-4648164142
Russia,Russia,R-166-0.5 signals vehicle,captured,https://i.postimg.cc/W3bt0p4Z/a1.png,2022-03-29,4648,16415,2,7-4648164152
Russia,Russia,R-166-0.5 signals vehicle,captured,https://i.postimg.cc/hj09FC87/5542.png,2022-04-01,4648,16417,2,7-4648164172
Russia,Russia,R-166-0.5 signals vehicle,captured,https://postlmg.cc/SXJDzN7W,2022-04-09,4648,16419,2,7-4648164192
Russia,Russia,R-166-0.5 signals vehicle,captured,https://i.postimg.cc/TwvP9pkB/676.jpg,2022-04-14,4648,16420,2,7-4648164202
Russia,Russia,R-166-0.5 signals vehicle,captured,https://i.postimg.cc/DyM4sHc5/21.jpg,2022-04-25,4648,16422,2,7-4648164222
Russia,Russia,R-166-0.5 signals vehicle,captured,https://i.postimg.cc/nVQL8gps/474.jpg,2022-05-21,4648,16425,2,7-4648164252
Russia,Russia,R-166-0.5 signals vehicle,captured,https://postimg.cc/zyFBRqf5,2022-08-13,4648,16429,2,7-4648164292
Russia,Russia,R-166-0.5 signals vehicle,captured,https://i.postimg.cc/SsXX4WkW/2022-03-30-r-166.jpg,2022-10-18,4648,16433,2,7-4648164332
Russia,Russia,R-330BMV Borisoglebsk-2B,captured,https://i.postimg.cc/q7sY5R4q/45.png,2022-03-19,4650,16446,2,7-4650164462
Russia,Russia,R-330BMV Borisoglebsk-2B,captured,https://twitter.com/UAWeapons/status/1569707532687478784,2022-09-14,4650,16448,2,7-4650164482
Russia,Russia,REM-KL armoured recovery vehicle,captured,https://i.postimg.cc/6QZqppsj/f8.png,2022-03-19,4656,16480,2,7-4656164802
Russia,Russia,Silok-01 counter-UAV system,captured,https://twitter.com/UAWeapons/status/1566363462175014913,2022-09-04,4662,16517,2,7-4662165172
Russia,Russia,SNAR-10M1 battlefield surveillance radar,captured,https://i.postimg.cc/Px9Q1Gck/45.jpg,2022-04-04,4663,16521,2,7-4663165212
Russia,Russia,Supercam S350,captured,https://i.postimg.cc/zXcdXxRN/1046-Supercam-S350-capt-28-04-23.jpg,2023-05-02,4674,16622,2,7-4674166222
Russia,Russia,Supercam S350,captured,https://i.postimg.cc/k5tJ9kyT/1037-Supercam-S350-UAV-capt-03-05-23.jpg,2023-05-11,4674,16623,2,7-4674166232
Russia,Russia,Supercam S350,captured,https://i.postimg.cc/8PzhPW40/7j.png,2023-08-29,4674,16627,2,7-4674166272
Russia,Russia,Supercam S350,captured,https://i.postimg.cc/FHSdDJyk/246.png,2023-09-22,4674,16630,2,7-4674166302
Russia,Russia,Supercam S350,captured,https://i.postimg.cc/V6mw3sv0/1074-Supercam-S350-reconnaissance-UAV-capt-12-10-23.jpg,2023-10-22,4674,16633,2,7-4674166332
Russia,Russia,Supercam S350,captured,https://i.postimg.cc/nV6PPcnp/1024-s350-supercam-capt-18-01-24.jpg,2024-01-24,4674,16635,2,7-4674166352
Russia,Russia,Supercam S350,captured,https://i.postimg.cc/vBwmx0q2/1032-Supercam-S350-reconnaissance-UAV-capt-30-05-24.jpg,2024-06-02,4674,16647,2,7-4674166472
Russia,Russia,Supercam S350,captured,https://i.postimg.cc/tRDGTj3P/1044-Supercam-S350-reconnaissance-UAV-capt-31-07-24.jpg,2024-08-03,4674,16651,2,7-4674166512
Russia,Russia,Supercam S350,captured,https://i.postimg.cc/WpQQj4Xs/1043-Supercam-S350-reconnaissance-UAV-capt-03-08-24.jpg,2024-08-06,4674,16652,2,7-4674166522
Russia,Russia,Supercam S350,captured,https://i.postimg.cc/fbc8N7mc/1015-Supercam-S350-reconnaissance-UAV-capt-12-08-24.jpg,2024-08-15,4674,16653,2,7-4674166532
Russia,Russia,Supercam S350,captured,https://i.postimg.cc/Vk5nrkBP/1053-Supercam-S350-reconnaissance-UAV-capt-07-09-24.jpg,2024-09-09,4674,16657,2,7-4674166572
Russia,Russia,Supercam S350,captured,https://i.postimg.cc/GtSYYLvY/1026-Supercam-S350-reconnaissance-UAV-capt-26-08-24.jpg,2024-09-20,4674,16666,2,7-4674166662
Russia,Russia,Supercam S350,captured,https://i.postimg.cc/rm1yx9qB/1045-Supercam-S350-reconnaissance-UAV-capt-21-08-24.jpg,2024-09-21,4674,16667,2,7-4674166672
Russia,Russia,Supercam S350,captured,https://i.postimg.cc/prk21Xhk/1051-Supercam-S350-reconnaissance-UAV-capt-18-09-24.jpg,2024-09-21,4674,16668,2,7-4674166682
Russia,Russia,Supercam S350,captured,https://i.postimg.cc/hPXVNh0h/1025-Supercam-S350-reconnaissance-UAV-capt-31-10-24.jpg,2024-11-06,4674,16677,2,7-4674166772
Russia,Russia,Supercam S450 reconnaissance UAV,captured,https://i.postimg.cc/9fSnXycR/46g.png,2022-06-26,4675,16679,2,7-4675166792
Russia,Soviet Union,T-62M,captured,https://twitter.com/UAWeapons/status/1570054722563997698,2022-09-15,4676,16682,2,7-4676166822
Russia,Soviet Union,T-64BV,captured,https://i.postimg.cc/rydk48wh/n0.png,2022-03-19,4678,16715,2,7-4678167152
Russia,Soviet Union,T-64BV,captured,https://i.postimg.cc/VL4dSdk8/32133.png,2022-03-19,4678,16716,2,7-4678167162
Russia,Soviet Union,T-64BV,captured,https://i.postimg.cc/7hSMN2T6/3d.png,2022-03-29,4678,16720,2,7-4678167202
Russia,Soviet Union,T-64BV,captured,https://i.postimg.cc/Gmh6ZzQv/31d.png,2022-03-29,4678,16721,2,7-4678167212
Russia,Soviet Union,T-64BV,captured,https://i.postimg.cc/W4kWxSLT/7769.jpg,2022-04-01,4678,16723,2,7-4678167232
Russia,Soviet Union,T-64BV,captured,https://i.postimg.cc/kGXCNghP/h77.jpg,2022-06-01,4678,16731,2,7-4678167312
Russia,Soviet Union,T-64BV,captured,https://i.postimg.cc/v8J9YFfJ/1007.jpg,2022-07-08,4678,16739,2,7-4678167392
Russia,Soviet Union,T-72A,captured,https://i.postimg.cc/Hk743jcQ/4311.jpg,2022-03-19,4679,16756,2,7-4679167562
Russia,Soviet Union,T-72A,captured,https://i.postimg.cc/tTk2850K/1d4.jpg,2022-03-19,4679,16757,2,7-4679167572
Russia,Soviet Union,T-72A,captured,https://i.postimg.cc/pLZK95pC/6652.jpg,2022-03-19,4679,16758,2,7-4679167582
Russia,Soviet Union,T-72A,captured,https://i.postimg.cc/j283Hqqn/3d1d.png,2022-03-19,4679,16759,2,7-4679167592
Russia,Soviet Union,T-72A,captured,https://i.postimg.cc/8zcL9Jbz/40.png,2022-03-19,4679,16760,2,7-4679167602
Russia,Soviet Union,T-72A,captured,https://i.postimg.cc/DfBZsDkg/558.png,2022-03-26,4679,16761,2,7-4679167612
Russia,Soviet Union,T-72A,captured,https://i.postimg.cc/wMVfmqq2/499.png,2022-03-26,4679,16762,2,7-4679167622
Russia,Soviet Union,T-72A,captured,https://i.postimg.cc/gkg20f3r/ty.png,2022-03-29,4679,16764,2,7-4679167642
Russia,Soviet Union,T-72A,captured,https://i.postimg.cc/wB7PKkxS/f9.jpg,2022-04-17,4679,16767,2,7-4679167672
Russia,Soviet Union,T-72A,captured,https://i.postimg.cc/mkS6bqQn/7h.png,2022-05-23,4679,16769,2,7-4679167692
Russia,Soviet Union,T-72A,captured,https://i.postimg.cc/VkHjZR9j/266.png,2022-05-25,4679,16770,2,7-4679167702
Russia,Soviet Union,T-72A,captured,https://i.postimg.cc/BbJTW4Xw/44h.png,2022-05-26,4679,16772,2,7-4679167722
Russia,Soviet Union,T-72A,captured,https://i.postimg.cc/HkMqRm4q/7j6.png,2022-05-29,4679,16773,2,7-4679167732
Russia,Soviet Union,T-72A,captured,https://i.postimg.cc/d18cYRk7/4f.jpg,2022-06-11,4679,16775,2,7-4679167752
Russia,Soviet Union,T-72A,captured,https://i.postimg.cc/52nb5fqk/3222.jpg,2022-06-11,4679,16776,2,7-4679167762
Russia,Soviet Union,T-72A,captured,https://twitter.com/UAWeapons/status/1576661554321567744,2022-10-03,4679,16785,2,7-4679167852
Russia,Soviet Union,T-72A,captured,https://i.postimg.cc/8z2DVHj2/1024-t72a-capt.jpg,2022-11-01,4679,16789,2,7-4679167892
Russia,Soviet Union,T-72AV,captured,https://i.postimg.cc/Y0ZfvWm2/d67.png,2022-03-19,4680,16798,2,7-4680167982
Russia,Soviet Union,T-72AV,captured,https://i.postimg.cc/JnRSpsr5/d32.jpg,2022-04-02,4680,16800,2,7-4680168002
Russia,Soviet Union,T-72AV,captured,https://i.postimg.cc/HLP22qvC/4880.png,2022-04-11,4680,16801,2,7-4680168012
Russia,Soviet Union,T-72B,captured,https://i.postimg.cc/q78RX85k/v43.png,2022-03-19,4681,16811,2,7-4681168112
Russia,Soviet Union,T-72B,captured,https://i.postimg.cc/Bv3rSysY/33213.png,2022-03-19,4681,16826,2,7-4681168262
Russia,Soviet Union,T-72B,captured,https://i.postimg.cc/4xc1brgd/446.png,2022-03-19,4681,16827,2,7-4681168272
Russia,Soviet Union,T-72B,captured,https://i.postimg.cc/26mGDmRD/m4.png,2022-03-19,4681,16828,2,7-4681168282
Russia,Soviet Union,T-72B,captured,https://i.postimg.cc/TY3dqqM5/52.png,2022-03-19,4681,16829,2,7-4681168292
Russia,Soviet Union,T-72B,captured,https://i.postimg.cc/PJknPwNV/1245.png,2022-03-19,4681,16830,2,7-4681168302
Russia,Soviet Union,T-72B,captured,https://i.postimg.cc/HxqJby2G/488.png,2022-03-19,4681,16831,2,7-4681168312
Russia,Soviet Union,T-72B,captured,https://i.postimg.cc/3Jk4mgVW/659.png,2022-03-19,4681,16832,2,7-4681168322
Russia,Soviet Union,T-72B,captured,https://i.postimg.cc/13gv8gsQ/g5mm.jpg,2022-03-19,4681,16833,2,7-4681168332
Russia,Soviet Union,T-72B,captured,https://i.postimg.cc/8PQKDG7t/ta2.png,2022-03-19,4681,16834,2,7-4681168342
Russia,Soviet Union,T-72B,captured,https://i.postimg.cc/JhJ6G2t4/5422.png,2022-03-19,4681,16835,2,7-4681168352
Russia,Soviet Union,T-72B,captured,https://i.postimg.cc/T3kpMkxx/52.jpg,2022-03-19,4681,16836,2,7-4681168362
Russia,Soviet Union,T-72B,captured,https://i.postimg.cc/y8Cgm71v/366.png,2022-03-19,4681,16837,2,7-4681168372
Russia,Soviet Union,T-72B,captured,https://i.postimg.cc/7hvdbLzy/5422.jpg,2022-03-19,4681,16838,2,7-4681168382
Russia,Soviet Union,T-72B,captured,https://i.postimg.cc/WzC3dgn1/d1d.jpg,2022-03-19,4681,16839,2,7-4681168392
Russia,Soviet Union,T-72B,captured,https://i.postimg.cc/KYj8D0H8/r3.jpg,2022-03-19,4681,16840,2,7-4681168402
Russia,Soviet Union,T-72B,captured,https://i.postimg.cc/rmsL0R73/4f1.png,2022-03-19,4681,16841,2,7-4681168412
Russia,Soviet Union,T-72B,captured,https://i.postimg.cc/2j7N340c/23f.jpg,2022-03-19,4681,16842,2,7-4681168422
Russia,Soviet Union,T-72B,captured,https://i.postimg.cc/Kcs8NxNt/5h.png,2022-03-19,4681,16843,2,7-4681168432
Russia,Soviet Union,T-72B,captured,https://i.postimg.cc/BQx2ch5r/c5.jpg,2022-03-19,4681,16844,2,7-4681168442
Russia,Soviet Union,T-72B,captured,https://i.postimg.cc/PfvWNfCr/c6.jpg,2022-03-19,4681,16845,2,7-4681168452
Russia,Soviet Union,T-72B,captured,https://i.postimg.cc/rpJQGW17/46k.png,2022-03-26,4681,16851,2,7-4681168512
Russia,Soviet Union,T-72B,captured,https://i.postimg.cc/y8Vk6cBv/h7.jpg,2022-03-27,4681,16852,2,7-4681168522
Russia,Soviet Union,T-72B,captured,https://i.postimg.cc/d1WfHr51/lk.png,2022-03-28,4681,16853,2,7-4681168532
Russia,Soviet Union,T-72B,captured,https://i.postimg.cc/sxgFWq3g/47.jpg,2022-03-31,4681,16858,2,7-4681168582
Russia,Soviet Union,T-72B,captured,https://i.postimg.cc/Ssrz1DC1/5g5.jpg,2022-04-01,4681,16865,2,7-4681168652
Russia,Soviet Union,T-72B,captured,https://i.postimg.cc/fyGRTdNQ/766.jpg,2022-04-01,4681,16866,2,7-4681168662
Russia,Soviet Union,T-72B,captured,https://i.postimg.cc/13prScQP/54g.jpg,2022-04-01,4681,16867,2,7-4681168672
Russia,Soviet Union,T-72B,captured,https://postimg.cc/K1DWKr21,2022-04-01,4681,16868,2,7-4681168682
Russia,Soviet Union,T-72B,captured,https://i.postimg.cc/k4jjk5XP/4433.jpg,2022-04-01,4681,16869,2,7-4681168692
Russia,Soviet Union,T-72B,captured,https://i.postimg.cc/vBvg01hb/h8.png,2022-04-01,4681,16870,2,7-4681168702
Russia,Soviet Union,T-72B,captured,https://i.postimg.cc/X77rqZ1S/g6.jpg,2022-04-04,4681,16876,2,7-4681168762
Russia,Soviet Union,T-72B,captured,https://i.postimg.cc/sDQ1HRfx/455.png,2022-04-06,4681,16886,2,7-4681168862
Russia,Soviet Union,T-72B,captured,https://i.postimg.cc/jj3Kz2p5/tt2.jpg,2022-04-06,4681,16887,2,7-4681168872
Russia,Soviet Union,T-72B,captured,https://i.postimg.cc/br5s38s0/887.jpg,2022-04-06,4681,16888,2,7-4681168882
Russia,Soviet Union,T-72B,captured,https://i.postimg.cc/dQZZfLKP/321.jpg,2022-04-06,4681,16889,2,7-4681168892
Russia,Soviet Union,T-72B,captured,https://i.postimg.cc/mkTx7PYz/3211.jpg,2022-04-06,4681,16890,2,7-4681168902
Russia,Soviet Union,T-72B,captured,https://i.postimg.cc/0QJfZdry/5770.png,2022-04-09,4681,16893,2,7-4681168932
Russia,Soviet Union,T-72B,captured,https://i.postimg.cc/zX8WM3NJ/657.jpg,2022-04-10,4681,16894,2,7-4681168942
Russia,Soviet Union,T-72B,captured,https://i.postimg.cc/h4Tfc6FP/6523.png,2022-04-13,4681,16902,2,7-4681169022
Russia,Soviet Union,T-72B,captured,https://i.postimg.cc/Pfwq9LqV/57.jpg,2022-04-13,4681,16903,2,7-4681169032
Russia,Soviet Union,T-72B,captured,https://i.postimg.cc/0N1SXCLx/557.jpg,2022-04-18,4681,16907,2,7-4681169072
Russia,Soviet Union,T-72B,captured,https://i.postimg.cc/05hXSQ9J/443.jpg,2022-04-20,4681,16908,2,7-4681169082
Russia,Soviet Union,T-72B,captured,https://i.postimg.cc/CdpySyYv/665.jpg,2022-04-20,4681,16909,2,7-4681169092
Russia,Soviet Union,T-72B,captured,https://i.postimg.cc/rmfPfp1n/286.png,2022-05-01,4681,16912,2,7-4681169122
Russia,Soviet Union,T-72B,captured,https://i.postimg.cc/jSd4yPzH/67.jpg,2022-05-01,4681,16913,2,7-4681169132
Russia,Soviet Union,T-72B,captured,https://i.postimg.cc/cHZwX5sc/438k.png,2022-05-06,4681,16915,2,7-4681169152
Russia,Soviet Union,T-72B,captured,https://i.postimg.cc/0yC7VGFY/bt8.png,2022-05-08,4681,16924,2,7-4681169242
Russia,Soviet Union,T-72B,captured,https://i.postimg.cc/DzjLTv2m/bt9.png,2022-05-08,4681,16925,2,7-4681169252
Russia,Soviet Union,T-72B,captured,https://i.postimg.cc/YCbHJVSt/988.jpg,2022-05-12,4681,16931,2,7-4681169312
Russia,Soviet Union,T-72B,captured,https://i.postimg.cc/LXBN42Nk/6h9.jpg,2022-05-23,4681,16939,2,7-4681169392
Russia,Soviet Union,T-72B,captured,https://i.postimg.cc/8CbkWpK4/44f0.png,2022-05-27,4681,16948,2,7-4681169482
Russia,Soviet Union,T-72B,captured,https://i.postimg.cc/KvjS4SnV/f55.png,2022-05-31,4681,16950,2,7-4681169502
Russia,Soviet Union,T-72B,captured,https://i.postimg.cc/m22ky4yZ/778.jpg,2022-06-26,4681,16952,2,7-4681169522
Russia,Soviet Union,T-72B,captured,https://twitter.com/UAWeapons/status/1538474213220265985,2022-06-26,4681,16953,2,7-4681169532
Russia,Soviet Union,T-72B,captured,https://i.postimg.cc/MGqbLZm7/78.jpg,2022-06-30,4681,16954,2,7-4681169542
Russia,Soviet Union,T-72B,captured,https://i.postimg.cc/4dVGJxb9/1001-T-72-B.jpg,2022-07-02,4681,16955,2,7-4681169552
Russia,Soviet Union,T-72B,captured,https://twitter.com/UAWeapons/status/1548761196542689280,2022-07-19,4681,12399,2,7-4681123992
Russia,Soviet Union,T-72B,captured,https://i.postimg.cc/j2pMJbGF/1004.jpg,2022-07-28,4681,16962,2,7-4681169622
Russia,Soviet Union,T-72B,captured,https://i.postimg.cc/HWXSMGPQ/1001.jpg,2022-07-28,4681,16963,2,7-4681169632
Russia,Soviet Union,T-72B,captured,https://i.postimg.cc/J0WyFfWP/1009-t72b.jpg,2022-08-04,4681,16965,2,7-4681169652
Russia,Soviet Union,T-72B,captured,https://i.postimg.cc/L4LcxH8f/1018-t72b.jpg,2022-08-18,4681,16972,2,7-4681169722
Russia,Soviet Union,T-72B,captured,https://twitter.com/UAWeapons/status/1562002981394026498,2022-08-24,4681,16979,2,7-4681169792
Russia,Soviet Union,T-72B,captured,https://i.postimg.cc/k4fXjtCY/1008-t72b.jpg,2022-09-10,4681,16987,2,7-4681169872
Russia,Soviet Union,T-72B,captured,https://i.postimg.cc/bvPSDZfV/1009-t72b.jpg,2022-09-10,4681,16988,2,7-4681169882
Russia,Soviet Union,T-72B,captured,https://twitter.com/UAWeapons/status/1569013204541374464,2022-09-12,4681,16989,2,7-4681169892
Russia,Soviet Union,T-72B,captured,https://i.postimg.cc/xj50zPMP/4003-t72b.jpg,2022-09-14,4681,16990,2,7-4681169902
Russia,Soviet Union,T-72B,captured,https://twitter.com/UAWeapons/status/1569618856687058945,2022-09-14,4681,14974,2,7-4681149742
Russia,Soviet Union,T-72B,captured,https://i.postimg.cc/s2RyrRjc/4001-t72b.jpg,2022-09-14,4681,16991,2,7-4681169912
Russia,Soviet Union,T-72B,captured,https://twitter.com/UAWeapons/status/1570138425843408896,2022-09-15,4681,6398,2,7-468163982
Russia,Soviet Union,T-72B,captured,https://i.postimg.cc/856PbNWN/1000.jpg,2022-09-17,4681,16993,2,7-4681169932
Russia,Soviet Union,T-72B,captured,https://i.postimg.cc/GmZRmMzH/1000-t72b.jpg,2022-09-18,4681,16994,2,7-4681169942
Russia,Soviet Union,T-72B,captured,https://i.postimg.cc/kX0QbyD7/1008-t72b-capt.jpg,2022-09-30,4681,17004,2,7-4681170042
Russia,Soviet Union,T-72B,captured,https://i.postimg.cc/W4xvnYDb/1010-t72b-capt-dam.jpg,2022-10-01,4681,17007,2,7-4681170072
Russia,Soviet Union,T-72B,captured,https://i.postimg.cc/0yb7VJxh/1003-t72b-capt.jpg,2022-10-07,4681,17009,2,7-4681170092
Russia,Soviet Union,T-72B,captured,https://i.postimg.cc/hPC980F9/1004-t72bcapt.jpg,2022-10-07,4681,17010,2,7-4681170102
Russia,Soviet Union,T-72B,captured,https://twitter.com/UAWeapons/status/1578329315111944192,2022-10-08,4681,17011,2,7-4681170112
Russia,Soviet Union,T-72B,captured,https://i.postimg.cc/vZbBJZJf/1026-t72b-capt.jpg,2022-10-09,4681,17012,2,7-4681170122
Russia,Soviet Union,T-72B,captured,https://i.postimg.cc/fL1spx47/1001-t72b-capt.jpg,2022-10-16,4681,17017,2,7-4681170172
Russia,Soviet Union,T-72B,captured,https://i.postimg.cc/VsZB9600/2022-04-04-t-72b.jpg,2022-10-17,4681,17029,2,7-4681170292
Russia,Soviet Union,T-72B,captured,https://i.postimg.cc/DyvtJcVt/1013-t72b-capt.jpg,2022-10-19,4681,17030,2,7-4681170302
Russia,Soviet Union,T-72B,captured,https://i.postimg.cc/NfgnqWvB/1012-t72b-16-Sep-2022-capt.jpg,2022-10-24,4681,17031,2,7-4681170312
Russia,Soviet Union,T-72B,captured,https://i.postimg.cc/q7pDgNN0/1020-t72b-capt.jpg,2022-10-27,4681,17032,2,7-4681170322
Russia,Soviet Union,T-72B,captured,https://i.postimg.cc/yd0hn5Qc/1500.jpg,2022-10-29,4681,17033,2,7-4681170332
Russia,Soviet Union,T-72B,captured,https://i.postimg.cc/mkdwc9Fk/1022-t72b-capt.jpg,2022-11-30,4681,17043,2,7-4681170432
Russia,Soviet Union,T-72B,captured,https://i.postimg.cc/ryj9hHWN/1024-t72b-capt.jpg,2022-12-05,4681,17045,2,7-4681170452
Russia,Soviet Union,T-72B,captured,https://i.postimg.cc/FzfJxXc4/1002-t72b-capt.jpg,2022-12-11,4681,17048,2,7-4681170482
Russia,Soviet Union,T-72B,captured,https://i.postimg.cc/XXMhCdn0/1014-t72b-capt-01-01-23.jpg,2023-01-04,4681,17052,2,7-4681170522
Russia,Soviet Union,T-72B,captured,https://i.postimg.cc/FFTKfYv1/1018-t72b-capt-22-01-23.jpg,2023-01-24,4681,17060,2,7-4681170602
Russia,Soviet Union,T-72B,captured,https://i.postimg.cc/htyH1YF5/1001-t72b-capt-25-01-23.jpg,2023-01-30,4681,17061,2,7-4681170612
Russia,Soviet Union,T-72B,captured,https://i.postimg.cc/y8xd2Xr7/1027-t72b-destr-19-10-23.jpg,2023-01-30,4681,17062,2,7-4681170622
Russia,Soviet Union,T-72B,captured,https://i.postimg.cc/X7jJqvZ8/276.png,2023-09-18,4681,17136,2,7-4681171362
Russia,Soviet Union,T-72B,captured,https://i.postimg.cc/SQGHt5Bt/1014-t72b-capt-26-05-22.jpg,2024-02-21,4681,17182,2,7-4681171822
Russia,Soviet Union,T-72B,captured,https://i.postimg.cc/QMPHqZpk/1045-T-72-B-capt-13-09-22.jpg,2024-05-12,4681,17203,2,7-4681172032
Russia,Russia,T-72B Obr. 1989,captured,https://i.postimg.cc/NM8vPWBX/669.png,2022-03-19,4682,17235,2,7-4682172352
Russia,Russia,T-72B Obr. 1989,captured,https://i.postimg.cc/ncVTvBjk/d8.png,2022-03-19,4682,17236,2,7-4682172362
Russia,Russia,T-72B Obr. 1989,captured,https://i.postimg.cc/QdD8JTw6/78.png,2022-03-19,4682,17237,2,7-4682172372
Russia,Russia,T-72B Obr. 1989,captured,https://i.postimg.cc/9XgKbxBF/8.jpg,2022-03-26,4682,17240,2,7-4682172402
Russia,Russia,T-72B Obr. 1989,captured,https://i.postimg.cc/HLjXBgBt/4431.png,2022-03-26,4682,17241,2,7-4682172412
Russia,Russia,T-72B Obr. 1989,captured,https://i.postimg.cc/kGRMXTtk/dg.png,2022-03-28,4682,17243,2,7-4682172432
Russia,Russia,T-72B Obr. 1989,captured,https://i.postimg.cc/0NVQN9tX/3317.png,2022-03-30,4682,17246,2,7-4682172462
Russia,Russia,T-72B Obr. 1989,captured,https://i.postimg.cc/N06WFTB6/5422.png,2022-04-01,4682,17248,2,7-4682172482
Russia,Russia,T-72B Obr. 1989,captured,https://i.postimg.cc/6qnFN46P/776.jpg,2022-04-01,4682,17249,2,7-4682172492
Russia,Russia,T-72B Obr. 1989,captured,https://i.postimg.cc/WpCjQNyv/f433.jpg,2022-04-01,4682,17250,2,7-4682172502
Russia,Russia,T-72B Obr. 1989,captured,https://twitter.com/UAWeapons/status/1509566100366893056,2022-04-02,4682,17251,2,7-4682172512
Russia,Russia,T-72B Obr. 1989,captured,https://i.postimg.cc/KcW6QX5W/652.png,2022-04-04,4682,17257,2,7-4682172572
Russia,Russia,T-72B Obr. 1989,captured,https://i.postimg.cc/q7MgjGZ7/b31989.png,2022-04-04,4682,17258,2,7-4682172582
Russia,Russia,T-72B Obr. 1989,captured,https://i.postimg.cc/cH86SLw8/d4n.jpg,2022-04-04,4682,17259,2,7-4682172592
Russia,Russia,T-72B Obr. 1989,captured,https://i.postimg.cc/PqbfD0QX/66.jpg,2022-04-09,4682,17265,2,7-4682172652
Russia,Russia,T-72B Obr. 1989,captured,https://i.postimg.cc/K8GWjV0y/257.png,2022-04-13,4682,17270,2,7-4682172702
Russia,Russia,T-72B Obr. 1989,captured,https://i.postimg.cc/pXgFwY27/t1.jpg,2022-04-13,4682,17271,2,7-4682172712
Russia,Russia,T-72B Obr. 1989,captured,https://i.postimg.cc/Nf13wsJm/23.jpg,2022-04-21,4682,17272,2,7-4682172722
Russia,Russia,T-72B Obr. 1989,captured,https://i.postimg.cc/wMkxsvDr/658.jpg,2022-04-25,4682,17274,2,7-4682172742
Russia,Russia,T-72B Obr. 1989,captured,https://i.postimg.cc/rsY8xqYW/78.jpg,2022-05-01,4682,17278,2,7-4682172782
Russia,Russia,T-72B Obr. 1989,captured,https://i.postimg.cc/pX9C94y9/h6.jpg,2022-05-06,4682,17281,2,7-4682172812
Russia,Russia,T-72B Obr. 1989,captured,https://i.postimg.cc/qRWSgMZm/ttaank.png,2022-05-26,4682,17285,2,7-4682172852
Russia,Russia,T-72B Obr. 1989,captured,https://postimg.cc/563CSwdq,2022-05-31,4682,17288,2,7-4682172882
Russia,Russia,T-72B Obr. 1989,captured,https://postimg.cc/TpGbbtS3,2022-05-31,4682,17289,2,7-4682172892
Russia,Soviet Union,T-72B Obr. 1989,captured,https://i.postimg.cc/htZVDZjm/1002.jpg,2022-07-16,4682,17294,2,7-4682172942
Russia,Soviet Union,T-72B Obr. 1989,captured,https://twitter.com/UAWeapons/status/1566836619415527427,2022-09-05,4682,17303,2,7-4682173032
Russia,Soviet Union,T-72B Obr. 1989,captured,https://i.postimg.cc/prDXwQ40/4002-t72b1989.jpg,2022-09-14,4682,17305,2,7-4682173052
Russia,Soviet Union,T-72B Obr. 1989,captured,https://twitter.com/UAWeapons/status/1570137029349883904,2022-09-15,4682,6531,2,7-468265312
Russia,Soviet Union,T-72B Obr. 1989,captured,https://i.postimg.cc/ZnPgbsJW/6521.png,2022-09-15,4682,17306,2,7-4682173062
Russia,Russia,T-72B Obr. 2022,captured,https://i.postimg.cc/fLvbR6Jj/1103-t72b-obr2022-capt-06-04-24.jpg,2024-04-08,4683,17386,2,7-4683173862
Russia,Russia,T-72B3,captured,https://i.postimg.cc/FzSnwdhF/j77.png,2022-03-19,4684,17457,2,7-4684174572
Russia,Russia,T-72B3,captured,https://postimg.cc/BthpbCF0,2022-03-19,4684,17458,2,7-4684174582
Russia,Russia,T-72B3,captured,https://i.postimg.cc/FzMQsXTM/568.png,2022-03-19,4684,17459,2,7-4684174592
Russia,Russia,T-72B3,captured,https://i.postimg.cc/R0fgyXrv/4800.png,2022-03-19,4684,17460,2,7-4684174602
Russia,Russia,T-72B3,captured,https://i.postimg.cc/76GgXDkH/62f.png,2022-03-19,4684,17461,2,7-4684174612
Russia,Russia,T-72B3,captured,https://i.postimg.cc/W41KwNnF/890.png,2022-03-19,4684,17462,2,7-4684174622
Russia,Russia,T-72B3,captured,https://i.postimg.cc/X7MPs1gM/180.png,2022-03-26,4684,17469,2,7-4684174692
Russia,Russia,T-72B3,captured,https://i.postimg.cc/C5JhNWxL/d31.jpg,2022-03-26,4684,17456,2,7-4684174562
Russia,Russia,T-72B3,captured,https://i.postimg.cc/6qwpRtyc/38.png,2022-03-26,4684,17470,2,7-4684174702
Russia,Russia,T-72B3,captured,https://i.postimg.cc/8PJ20HTg/2240.png,2022-03-26,4684,17471,2,7-4684174712
Russia,Russia,T-72B3,captured,https://i.postimg.cc/VLDZFZSF/319.png,2022-03-26,4684,17472,2,7-4684174722
Russia,Russia,T-72B3,captured,https://i.postimg.cc/c4Vb59My/3317.png,2022-03-26,4684,17473,2,7-4684174732
Russia,Russia,T-72B3,captured,https://i.postimg.cc/ZRs4Ng7g/8873.jpg,2022-03-26,4684,17474,2,7-4684174742
Russia,Russia,T-72B3,captured,https://i.postimg.cc/RhbjnZTD/cf1.jpg,2022-03-27,4684,17477,2,7-4684174772
Russia,Russia,T-72B3,captured,https://i.postimg.cc/4yMrdXg1/d14.png,2022-03-28,4684,17479,2,7-4684174792
Russia,Russia,T-72B3,captured,https://i.postimg.cc/RZC1jkQd/3188.jpg,2022-03-29,4684,17482,2,7-4684174822
Russia,Russia,T-72B3,captured,https://i.postimg.cc/qvcg0qQH/v7.png,2022-03-29,4684,17483,2,7-4684174832
Russia,Russia,T-72B3,captured,https://i.postimg.cc/8zgBtFs2/24.png,2022-03-29,4684,17484,2,7-4684174842
Russia,Russia,T-72B3,captured,https://i.postimg.cc/Cxc5Pqjh/471.jpg,2022-04-01,4684,17493,2,7-4684174932
Russia,Russia,T-72B3,captured,https://i.postimg.cc/q7gR9vL8/470.jpg,2022-04-01,4684,17494,2,7-4684174942
Russia,Russia,T-72B3,captured,https://i.postimg.cc/BbrZm385/h65.jpg,2022-04-01,4684,17495,2,7-4684174952
Russia,Russia,T-72B3,captured,https://i.postimg.cc/3xYFKSF1/665.jpg,2022-04-01,4684,17496,2,7-4684174962
Russia,Russia,T-72B3,captured,https://i.postimg.cc/ncxJ2jmX/a1.jpg,2022-04-01,4684,17497,2,7-4684174972
Russia,Russia,T-72B3,captured,https://i.postimg.cc/Qt65X9TS/f32.jpg,2022-04-01,4684,17498,2,7-4684174982
Russia,Russia,T-72B3,captured,https://i.postimg.cc/Gt5JnwQg/554.png,2022-04-04,4684,17503,2,7-4684175032
Russia,Russia,T-72B3,captured,https://i.postimg.cc/1RMvLRRz/21f.png,2022-04-04,4684,13494,2,7-4684134942
Russia,Russia,T-72B3,captured,https://i.postimg.cc/28W4RZZr/78.jpg,2022-04-04,4684,17504,2,7-4684175042
Russia,Russia,T-72B3,captured,https://i.postimg.cc/x15PFtgJ/tankk.png,2022-04-04,4684,17505,2,7-4684175052
Russia,Russia,T-72B3,captured,https://i.postimg.cc/q7brTN8J/ad1.png,2022-04-04,4684,17506,2,7-4684175062
Russia,Russia,T-72B3,captured,https://i.postimg.cc/6qsnM5bc/g65.png,2022-04-04,4684,17507,2,7-4684175072
Russia,Russia,T-72B3,captured,https://i.postimg.cc/R0Z46Kby/tt1.jpg,2022-04-06,4684,17509,2,7-4684175092
Russia,Russia,T-72B3,captured,https://i.postimg.cc/sXK2DyVp/789.png,2022-04-07,4684,17510,2,7-4684175102
Russia,Russia,T-72B3,captured,https://i.postimg.cc/YCx3jCLb/793.png,2022-04-09,4684,17513,2,7-4684175132
Russia,Russia,T-72B3,captured,https://i.postimg.cc/DzwkcZKp/33.png,2022-04-11,4684,17517,2,7-4684175172
Russia,Russia,T-72B3,captured,https://i.postimg.cc/qRjvJYxg/799.png,2022-04-11,4684,17518,2,7-4684175182
Russia,Russia,T-72B3,captured,https://i.postimg.cc/vZgjj3Mw/t1.jpg,2022-04-11,4684,17519,2,7-4684175192
Russia,Russia,T-72B3,captured,https://i.postimg.cc/gJdTxphG/t2.jpg,2022-04-11,4684,17520,2,7-4684175202
Russia,Russia,T-72B3,captured,https://i.postimg.cc/ryrZwpzX/v1.png,2022-04-11,4684,17521,2,7-4684175212
Russia,Russia,T-72B3,captured,https://i.postimg.cc/nLWTH8Jh/v2.png,2022-04-11,4684,17522,2,7-4684175222
Russia,Russia,T-72B3,captured,https://i.postimg.cc/jSP7tw2j/t2.jpg,2022-04-13,4684,17528,2,7-4684175282
Russia,Russia,T-72B3,captured,https://i.postimg.cc/fRHGZ9qp/335.jpg,2022-04-18,4684,17533,2,7-4684175332
Russia,Russia,T-72B3,captured,https://i.postimg.cc/rFzyDDZ2/UKT4.png,2022-04-20,4684,17535,2,7-4684175352
Russia,Russia,T-72B3,captured,https://i.postimg.cc/BngV8qTL/f6.jpg,2022-04-24,4684,17540,2,7-4684175402
Russia,Russia,T-72B3,captured,https://i.postimg.cc/k581qsGF/f7.jpg,2022-05-01,4684,17543,2,7-4684175432
Russia,Russia,T-72B3,captured,https://i.postimg.cc/MKtHZDpg/779.jpg,2022-05-01,4684,17544,2,7-4684175442
Russia,Russia,T-72B3,captured,https://i.postimg.cc/fRz0NSTB/c1.jpg,2022-05-05,4684,17545,2,7-4684175452
Russia,Russia,T-72B3,captured,https://i.postimg.cc/vmhgVvCK/h5.jpg,2022-05-06,4684,17547,2,7-4684175472
Russia,Russia,T-72B3,captured,https://i.postimg.cc/8P570LWL/2d4.png,2022-05-08,4684,17552,2,7-4684175522
Russia,Russia,T-72B3,captured,https://i.postimg.cc/d1qYtmnV/6hr.jpg,2022-05-08,4684,17553,2,7-4684175532
Russia,Russia,T-72B3,captured,https://i.postimg.cc/HnfR93tH/d1d.jpg,2022-05-08,4684,17554,2,7-4684175542
Russia,Russia,T-72B3,captured,https://i.postimg.cc/0QS5P0Wt/4d.jpg,2022-05-11,4684,17556,2,7-4684175562
Russia,Russia,T-72B3,captured,https://i.postimg.cc/WzmK8KLK/2yh.jpg,2022-05-14,4684,17561,2,7-4684175612
Russia,Russia,T-72B3,captured,https://i.postimg.cc/fRPSxpLn/f330.jpg,2022-05-21,4684,17567,2,7-4684175672
Russia,Russia,T-72B3,captured,https://i.postimg.cc/JhrRczwF/65h.png,2022-05-24,4684,17570,2,7-4684175702
Russia,Russia,T-72B3,captured,https://i.postimg.cc/Qtf6spC1/4ff.png,2022-05-25,4684,17573,2,7-4684175732
Russia,Russia,T-72B3,captured,https://i.postimg.cc/1XtXSHf4/65.jpg,2022-06-03,4684,17576,2,7-4684175762
Russia,Russia,T-72B3,captured,https://twitter.com/UAWeapons/status/1554422066358648832,2022-08-04,4684,17597,2,7-4684175972
Russia,Russia,T-72B3,captured,https://twitter.com/UAWeapons/status/1567466643713921026,2022-09-08,4684,17611,2,7-4684176112
Russia,Russia,T-72B3,captured,https://i.postimg.cc/SKtXyhrB/1009-t72b3.jpg,2022-09-08,4684,17612,2,7-4684176122
Russia,Russia,T-72B3,captured,https://i.postimg.cc/FRchYQZY/1048-t72b3.jpg,2022-09-08,4684,17613,2,7-4684176132
Russia,Russia,T-72B3,captured,https://twitter.com/UAWeapons/status/1568205056956141569,2022-09-10,4684,17616,2,7-4684176162
Russia,Russia,T-72B3,captured,https://twitter.com/UAWeapons/status/1568352148102025217,2022-09-10,4684,14966,2,7-4684149662
Russia,Russia,T-72B3,captured,https://i.postimg.cc/cJ7JnbbS/1002-t72b3.jpg,2022-09-10,4684,17617,2,7-4684176172
Russia,Russia,T-72B3,captured,https://i.postimg.cc/Bb7bvPwP/1004-t72b3.jpg,2022-09-10,4684,17618,2,7-4684176182
Russia,Russia,T-72B3,captured,https://i.postimg.cc/ZRK7B0VP/1012-t72b3.jpg,2022-09-10,4684,17619,2,7-4684176192
Russia,Russia,T-72B3,captured,https://i.postimg.cc/3RFfpFjq/1014-t72b3.jpg,2022-09-11,4684,17623,2,7-4684176232
Russia,Russia,T-72B3,captured,https://twitter.com/UAWeapons/status/1568992480909205504,2022-09-12,4684,2189,2,7-468421892
Russia,Russia,T-72B3,captured,https://twitter.com/UAWeapons/status/1568899243397550080,2022-09-12,4684,7416,2,7-468474162
Russia,Russia,T-72B3,captured,https://twitter.com/UAWeapons/status/1569038512116334592,2022-09-12,4684,6295,2,7-468462952
Russia,Russia,T-72B3,captured,https://twitter.com/UAWeapons/status/1569621714346147847,2022-09-14,4684,17628,2,7-4684176282
Russia,Russia,T-72B3,captured,https://i.postimg.cc/XJMxpPXD/1025-t72b3.jpg,2022-09-14,4684,17629,2,7-4684176292
Russia,Russia,T-72B3,captured,https://twitter.com/UAWeapons/status/1570157461973401600,2022-09-15,4684,84,2,7-4684842
Russia,Russia,T-72B3,captured,https://i.postimg.cc/15jxYFDN/1029-t72b3.jpg,2022-09-15,4684,17631,2,7-4684176312
Russia,Russia,T-72B3,captured,https://i.postimg.cc/Xqf7LzV9/1004-t72b3.jpg,2022-09-16,4684,17633,2,7-4684176332
Russia,Russia,T-72B3,captured,https://twitter.com/UAWeapons/status/1570420216957440001,2022-09-16,4684,7970,2,7-468479702
Russia,Russia,T-72B3,captured,https://twitter.com/UAWeapons/status/1571071832530505728,2022-09-17,4684,12543,2,7-4684125432
Russia,Russia,T-72B3,captured,https://i.postimg.cc/SxxSvW8Z/1004-t72b3.jpg,2022-09-17,4684,17634,2,7-4684176342
Russia,Russia,T-72B3,captured,https://i.postimg.cc/mDCBHVfr/1013-t72b3.png,2022-09-17,4684,17635,2,7-4684176352
Russia,Russia,T-72B3,captured,https://i.postimg.cc/X7GCmrmW/1002-t72b3.jpg,2022-09-19,4684,17638,2,7-4684176382
Russia,Russia,T-72B3,captured,https://twitter.com/UAWeapons/status/1571508979318022144,2022-09-19,4684,17639,2,7-4684176392
Russia,Russia,T-72B3,captured,https://twitter.com/UAWeapons/status/1571546414504624129,2022-09-20,4684,17642,2,7-4684176422
Russia,Russia,T-72B3,captured,https://twitter.com/UAWeapons/status/1572154236183486467,2022-09-22,4684,554,2,7-46845542
Russia,Russia,T-72B3,captured,https://twitter.com/UAWeapons/status/1572332220697948161,2022-09-22,4684,14987,2,7-4684149872
Russia,Russia,T-72B3,captured,https://i.postimg.cc/ZKxhSKRg/1004-t72b3.jpg,2022-09-23,4684,17643,2,7-4684176432
Russia,Russia,T-72B3,captured,https://i.postimg.cc/RCY9f5m1/1007-t72b3.jpg,2022-09-25,4684,17647,2,7-4684176472
Russia,Russia,T-72B3,captured,https://i.postimg.cc/fR6gGGhk/1010-t72b3.jpg,2022-09-28,4684,17649,2,7-4684176492
Russia,Russia,T-72B3,captured,https://twitter.com/UAWeapons/status/1575875389188030464,2022-10-01,4684,17654,2,7-4684176542
Russia,Russia,T-72B3,captured,https://i.postimg.cc/zfvzpR0p/1001-t72b3-capt.jpg,2022-10-01,4684,17655,2,7-4684176552
Russia,Russia,T-72B3,captured,https://i.postimg.cc/NMRWxsqp/1015-t72b3-capt.jpg,2022-10-01,4684,17656,2,7-4684176562
Russia,Russia,T-72B3,captured,https://twitter.com/UAWeapons/status/1576481167410597890,2022-10-02,4684,17657,2,7-4684176572
Russia,Russia,T-72B3,captured,https://i.postimg.cc/xqrMwHgc/1020-t72b3-capt.jpg,2022-10-02,4684,17658,2,7-4684176582
Russia,Russia,T-72B3,captured,https://twitter.com/UAWeapons/status/1576528548160237568,2022-10-03,4684,17661,2,7-4684176612
Russia,Russia,T-72B3 Obr. 2016,captured,https://i.postimg.cc/9Mhg9B0b/4g2.png,2022-03-19,4685,17693,2,7-4685176932
Russia,Russia,T-72B3 Obr. 2016,captured,https://i.postimg.cc/Y9ZrwnNF/44334.jpg,2022-03-19,4685,17694,2,7-4685176942
Russia,Russia,T-72B3 Obr. 2016,captured,https://i.postimg.cc/cJfQLSyB/653.png,2022-03-19,4685,17695,2,7-4685176952
Russia,Russia,T-72B3 Obr. 2016,captured,https://i.postimg.cc/CLV1kbgs/335.png,2022-03-19,4685,17696,2,7-4685176962
Russia,Russia,T-72B3 Obr. 2016,captured,https://i.postimg.cc/Rhx51CZ2/7799.png,2022-03-19,4685,17697,2,7-4685176972
Russia,Russia,T-72B3 Obr. 2016,captured,https://i.postimg.cc/2SLnLCmB/659.png,2022-03-19,4685,17698,2,7-4685176982
Russia,Russia,T-72B3 Obr. 2016,captured,https://i.postimg.cc/SR1fCMXS/m3.png,2022-03-19,4685,17699,2,7-4685176992
Russia,Russia,T-72B3 Obr. 2016,captured,https://i.postimg.cc/44ryWyxp/698.png,2022-03-19,4685,17700,2,7-4685177002
Russia,Russia,T-72B3 Obr. 2016,captured,https://postimg.cc/nM5FPWSC,2022-03-19,4685,17701,2,7-4685177012
Russia,Russia,T-72B3 Obr. 2016,captured,https://i.postimg.cc/85dw1Jvb/n9.png,2022-03-19,4685,17702,2,7-4685177022
Russia,Russia,T-72B3 Obr. 2016,captured,https://i.postimg.cc/QxbX7PSj/bo.jpg,2022-03-19,4685,17703,2,7-4685177032
Russia,Russia,T-72B3 Obr. 2016,captured,https://i.postimg.cc/VsK9XjfC/d332.png,2022-03-19,4685,17704,2,7-4685177042
Russia,Russia,T-72B3 Obr. 2016,captured,https://i.postimg.cc/MG8fCYbX/3d3.png,2022-03-19,4685,17705,2,7-4685177052
Russia,Russia,T-72B3 Obr. 2016,captured,https://i.postimg.cc/DwB9FktZ/479p.png,2022-03-19,4685,17706,2,7-4685177062
Russia,Russia,T-72B3 Obr. 2016,captured,https://i.postimg.cc/3wPF3jtz/331.png,2022-03-19,4685,17707,2,7-4685177072
Russia,Russia,T-72B3 Obr. 2016,captured,https://i.postimg.cc/WpJWQz1d/ta1.png,2022-03-19,4685,17708,2,7-4685177082
Russia,Russia,T-72B3 Obr. 2016,captured,https://i.postimg.cc/RFS7hm3f/d15.png,2022-03-19,4685,17709,2,7-4685177092
Russia,Russia,T-72B3 Obr. 2016,captured,https://i.postimg.cc/rpYCXVgJ/4436.png,2022-03-19,4685,17710,2,7-4685177102
Russia,Russia,T-72B3 Obr. 2016,captured,https://i.postimg.cc/43hnyXsw/d138.png,2022-03-19,4685,17711,2,7-4685177112
Russia,Russia,T-72B3 Obr. 2016,captured,https://i.postimg.cc/4dfJWDSG/hh3.png,2022-03-19,4685,17671,2,7-4685176712
Russia,Russia,T-72B3 Obr. 2016,captured,https://i.postimg.cc/fLGLK0K6/466.png,2022-03-19,4685,17712,2,7-4685177122
Russia,Russia,T-72B3 Obr. 2016,captured,https://i.postimg.cc/Hxvw9rwC/559.jpg,2022-03-19,4685,17713,2,7-4685177132
Russia,Russia,T-72B3 Obr. 2016,captured,https://i.postimg.cc/prpmytmf/f433.png,2022-03-19,4685,17714,2,7-4685177142
Russia,Russia,T-72B3 Obr. 2016,captured,https://i.postimg.cc/Jnhs4Bys/fhj.png,2022-03-19,4685,17715,2,7-4685177152
Russia,Russia,T-72B3 Obr. 2016,captured,https://i.postimg.cc/L4CtS5dJ/52.png,2022-03-19,4685,17716,2,7-4685177162
Russia,Russia,T-72B3 Obr. 2016,captured,https://i.postimg.cc/FzV5CVy1/435.png,2022-03-19,4685,17717,2,7-4685177172
Russia,Russia,T-72B3 Obr. 2016,captured,https://i.postimg.cc/8Pz7Gmn9/4289.png,2022-03-19,4685,17718,2,7-4685177182
Russia,Russia,T-72B3 Obr. 2016,captured,https://i.postimg.cc/J0RFfQW0/4h.png,2022-03-19,4685,17719,2,7-4685177192
Russia,Russia,T-72B3 Obr. 2016,captured,https://i.postimg.cc/d34Jp1gM/4791.png,2022-03-19,4685,17720,2,7-4685177202
Russia,Russia,T-72B3 Obr. 2016,captured,https://i.postimg.cc/yNv6K4zM/468.png,2022-03-26,4685,17730,2,7-4685177302
Russia,Russia,T-72B3 Obr. 2016,captured,https://i.postimg.cc/DyJM89qR/33113.png,2022-03-26,4685,17731,2,7-4685177312
Russia,Russia,T-72B3 Obr. 2016,captured,https://i.postimg.cc/gc7TZdsd/44133.png,2022-03-26,4685,17732,2,7-4685177322
Russia,Russia,T-72B3 Obr. 2016,captured,https://i.postimg.cc/wvVb8jyG/76m.jpg,2022-03-27,4685,10008,2,7-4685100082
Russia,Russia,T-72B3 Obr. 2016,captured,https://i.postimg.cc/KzCX8xb5/f68.png,2022-03-28,4685,13365,2,7-4685133652
Russia,Russia,T-72B3 Obr. 2016,captured,https://i.postimg.cc/vTwPKBMC/5n.png,2022-03-28,4685,17733,2,7-4685177332
Russia,Russia,T-72B3 Obr. 2016,captured,https://i.postimg.cc/d0LjtDt3/5555.png,2022-03-29,4685,17735,2,7-4685177352
Russia,Russia,T-72B3 Obr. 2016,captured,https://i.postimg.cc/XqDJC4fx/r1.png,2022-03-29,4685,17736,2,7-4685177362
Russia,Russia,T-72B3 Obr. 2016,captured,https://i.postimg.cc/DzN3pCzZ/45.png,2022-03-29,4685,17737,2,7-4685177372
Russia,Russia,T-72B3 Obr. 2016,captured,https://i.postimg.cc/fRK9ddR5/b316bmp2.png,2022-03-29,4685,11951,2,7-4685119512
Russia,Russia,T-72B3 Obr. 2016,captured,https://i.postimg.cc/WbGntCGL/432.png,2022-03-30,4685,17739,2,7-4685177392
Russia,Russia,T-72B3 Obr. 2016,captured,https://i.postimg.cc/sgvr80pM/n9.jpg,2022-04-04,4685,17743,2,7-4685177432
Russia,Russia,T-72B3 Obr. 2016,captured,https://i.postimg.cc/J49SMv4v/832.png,2022-04-04,4685,17744,2,7-4685177442
Russia,Russia,T-72B3 Obr. 2016,captured,https://i.postimg.cc/QtRXGSfK/54.jpg,2022-04-09,4685,17747,2,7-4685177472
Russia,Russia,T-72B3 Obr. 2016,captured,https://i.postimg.cc/HxJnmn3k/4f.jpg,2022-04-14,4685,17750,2,7-4685177502
Russia,Russia,T-72B3 Obr. 2016,captured,https://i.postimg.cc/pr8qW036/7j.jpg,2022-04-17,4685,17752,2,7-4685177522
Russia,Russia,T-72B3 Obr. 2016,captured,https://i.postimg.cc/h4kpbwLj/388.png,2022-04-18,4685,17753,2,7-4685177532
Russia,Russia,T-72B3 Obr. 2016,captured,https://i.postimg.cc/8z4bZPg4/4431.png,2022-04-20,4685,17755,2,7-4685177552
Russia,Russia,T-72B3 Obr. 2016,captured,https://i.postimg.cc/qMT69cW0/76.jpg,2022-04-21,4685,17758,2,7-4685177582
Russia,Russia,T-72B3 Obr. 2016,captured,https://i.postimg.cc/6Qf1vBC4/6h.png,2022-04-24,4685,17759,2,7-4685177592
Russia,Russia,T-72B3 Obr. 2016,captured,https://i.postimg.cc/NjRhJ77T/55.jpg,2022-04-24,4685,17760,2,7-4685177602
Russia,Russia,T-72B3 Obr. 2016,captured,https://i.postimg.cc/xdmnzGq2/d15.jpg,2022-05-06,4685,17762,2,7-4685177622
Russia,Russia,T-72B3 Obr. 2016,captured,https://i.postimg.cc/g2BDpPHM/f4.jpg,2022-05-08,4685,17764,2,7-4685177642
Russia,Russia,T-72B3 Obr. 2016,captured,https://i.postimg.cc/D02TR7J0/43g.png,2022-05-08,4685,17765,2,7-4685177652
Russia,Russia,T-72B3 Obr. 2016,captured,https://i.postimg.cc/vBMRNW5R/3f.jpg,2022-05-08,4685,17766,2,7-4685177662
Russia,Russia,T-72B3 Obr. 2016,captured,https://i.postimg.cc/MHdnWbYQ/g422.jpg,2022-05-09,4685,17767,2,7-4685177672
Russia,Russia,T-72B3 Obr. 2016,captured,https://i.postimg.cc/C5X06fMk/985.jpg,2022-05-12,4685,17769,2,7-4685177692
Russia,Russia,T-72B3 Obr. 2016,captured,https://postimg.cc/dhZdrR3R,2022-05-21,4685,17772,2,7-4685177722
Russia,Russia,T-72B3 Obr. 2016,captured,https://i.postimg.cc/YqvL9p4F/323.png,2022-05-25,4685,17773,2,7-4685177732
Russia,Russia,T-72B3 Obr. 2016,captured,https://i.postimg.cc/BQj0PDNf/766.png,2022-06-02,4685,17774,2,7-4685177742
Russia,Russia,T-72B3 Obr. 2016,captured,https://i.postimg.cc/jdfBfJPd/d10.jpg,2022-06-26,4685,17776,2,7-4685177762
Russia,Russia,T-72B3 Obr. 2016,captured,https://i.postimg.cc/KYTL8sXS/7766.jpg,2022-06-26,4685,17777,2,7-4685177772
Russia,Russia,T-72B3 Obr. 2016,captured,https://twitter.com/UAWeapons/status/1542235728700211200,2022-06-30,4685,17779,2,7-4685177792
Russia,Russia,T-72B3 Obr. 2016,captured,https://twitter.com/UAWeapons/status/1544356465279901697,2022-07-06,4685,17780,2,7-4685177802
Russia,Russia,T-72B3 Obr. 2016,captured,https://twitter.com/UAWeapons/status/1545125402074562563,2022-07-08,4685,17781,2,7-4685177812
Russia,Russia,T-72B3 Obr. 2016,captured,https://i.postimg.cc/xTRC7Jp2/1004-t72b3-2016.png,2022-07-30,4685,17785,2,7-4685177852
Russia,Russia,T-72B3 Obr. 2016,captured,https://i.postimg.cc/44jPkfsN/1005.jpg,2022-07-31,4685,17786,2,7-4685177862
Russia,Russia,T-72B3 Obr. 2016,captured,https://i.postimg.cc/jjFPM35F/1007-t72b3-2016.jpg,2022-08-04,4685,17788,2,7-4685177882
Russia,Russia,T-72B3 Obr. 2016,captured,https://twitter.com/UAWeapons/status/1553999219156983808,2022-08-04,4685,17789,2,7-4685177892
Russia,Russia,T-72B3 Obr. 2016,captured,https://i.postimg.cc/Mpq5qdBh/1000.jpg,2022-08-09,4685,17790,2,7-4685177902
Russia,Russia,T-72B3 Obr. 2016,captured,https://i.postimg.cc/mkgd0Hyx/1000-t72b3-2016.jpg,2022-08-16,4685,17791,2,7-4685177912
Russia,Russia,T-72B3 Obr. 2016,captured,https://i.postimg.cc/CKhm2Jgk/1003-t72b3-2016.jpg,2022-09-05,4685,17805,2,7-4685178052
Russia,Russia,T-72B3 Obr. 2016,captured,https://twitter.com/UAWeapons/status/1567460860540362763,2022-09-08,4685,17806,2,7-4685178062
Russia,Russia,T-72B3 Obr. 2016,captured,https://i.postimg.cc/pT8JzRtd/1006-t72b3-2016.jpg,2022-09-10,4685,17808,2,7-4685178082
Russia,Russia,T-72B3 Obr. 2016,captured,https://twitter.com/UAWeapons/status/1568342410043826177,2022-09-10,4685,12502,2,7-4685125022
Russia,Russia,T-72B3 Obr. 2016,captured,https://twitter.com/RALee85/status/1568501530067668992,2022-09-10,4685,17809,2,7-4685178092
Russia,Russia,T-72B3 Obr. 2016,captured,https://twitter.com/UAWeapons/status/1568578522125303814,2022-09-11,4685,17810,2,7-4685178102
Russia,Russia,T-72B3 Obr. 2016,captured,https://i.postimg.cc/c1Vxfgtc/1005-t72b3m.png,2022-09-11,4685,17811,2,7-4685178112
Russia,Russia,T-72B3 Obr. 2016,captured,https://twitter.com/UAWeapons/status/1569013204541374464,2022-09-12,4685,16989,2,7-4685169892
Russia,Russia,T-72B3 Obr. 2016,captured,https://twitter.com/UAWeapons/status/1568967168473157632,2022-09-12,4685,17812,2,7-4685178122
Russia,Russia,T-72B3 Obr. 2016,captured,https://i.postimg.cc/mZ7Rt7LH/1001-t72b3m.jpg,2022-09-12,4685,17813,2,7-4685178132
Russia,Russia,T-72B3 Obr. 2016,captured,https://twitter.com/UAWeapons/status/1568899243397550080,2022-09-12,4685,7416,2,7-468574162
Russia,Russia,T-72B3 Obr. 2016,captured,https://twitter.com/UAWeapons/status/1569736199413309442,2022-09-14,4685,9806,2,7-468598062
Russia,Russia,T-72B3 Obr. 2016,captured,https://twitter.com/UAWeapons/status/1569768629696069638,2022-09-14,4685,6962,2,7-468569622
Russia,Russia,T-72B3 Obr. 2016,captured,https://twitter.com/UAWeapons/status/1569968902079238145,2022-09-15,4685,17815,2,7-4685178152
Russia,Russia,T-72B3 Obr. 2016,captured,https://i.postimg.cc/c1c0T6DQ/1023-t72n3m.jpg,2022-09-15,4685,17816,2,7-4685178162
Russia,Russia,T-72B3 Obr. 2016,captured,https://i.postimg.cc/vT0msRq8/1003-t72b3m.jpg,2022-09-20,4685,17817,2,7-4685178172
Russia,Russia,T-72B3 Obr. 2016,captured,https://i.postimg.cc/qB1BgTw4/1006-t72b3m.jpg,2022-09-20,4685,17818,2,7-4685178182
Russia,Russia,T-72B3 Obr. 2016,captured,https://i.postimg.cc/T1dFV38R/1010-t72b3m.jpg,2022-09-20,4685,17819,2,7-4685178192
Russia,Russia,T-72B3 Obr. 2016,captured,https://i.postimg.cc/CxHJ9YSH/1500-t72b3-orel.jpg,2022-09-24,4685,17821,2,7-4685178212
Russia,Russia,T-72B3 Obr. 2016,captured,https://twitter.com/UAWeapons/status/1574488865313898512,2022-09-27,4685,17824,2,7-4685178242
Russia,Russia,T-72B3 Obr. 2016,captured,https://twitter.com/UAWeapons/status/1574851468854759434,2022-09-28,4685,17826,2,7-4685178262
Russia,Russia,T-72B3 Obr. 2016,captured,https://i.postimg.cc/YCHDC99m/1001-t72b3m.jpg,2022-09-29,4685,17827,2,7-4685178272
Russia,Russia,T-72B3 Obr. 2016,captured,https://i.postimg.cc/cC1k5rNB/2022-09-14-T-72-B3-Obr-2016.jpg,2022-09-30,4685,17828,2,7-4685178282
Russia,Russia,T-72B3 Obr. 2016,captured,https://twitter.com/UAWeapons/status/1576199767675138048,2022-10-02,4685,1277,2,7-468512772
Russia,Russia,T-72B3 Obr. 2016,captured,https://i.postimg.cc/jSSsgJY7/1012-t72b3m-capt.jpg,2022-10-03,4685,17830,2,7-4685178302
Russia,Russia,T-72B3 Obr. 2016,captured,https://i.postimg.cc/fTZWdrH5/1013-t72b3m-capt.jpg,2022-10-03,4685,17831,2,7-4685178312
Russia,Russia,T-72B3 Obr. 2016,captured,https://i.postimg.cc/bNJc382x/1009-t72b3m-capt.jpg,2022-10-05,4685,17832,2,7-4685178322
Russia,Russia,T-72B3 Obr. 2016,captured,https://i.postimg.cc/BZNfTttZ/1010-t72b3m-capt.jpg,2022-10-05,4685,17833,2,7-4685178332
Russia,Russia,T-72B3 Obr. 2016,captured,https://i.postimg.cc/76vHtWDq/1011-t72b3m-capt.jpg,2022-10-06,4685,17834,2,7-4685178342
Russia,Russia,T-72B3 Obr. 2016,captured,https://i.postimg.cc/CLkGNt8y/1017-t72b3-2016.jpg,2022-10-07,4685,17836,2,7-4685178362
Russia,Russia,T-72B3 Obr. 2016,captured,https://i.postimg.cc/rwTmBNdf/1034-t72b3m-capt.jpg,2022-10-09,4685,17837,2,7-4685178372
Russia,Russia,T-72B3 Obr. 2016,captured,https://i.postimg.cc/xj6P8Lhw/1033-t72b3m-capt.jpg,2022-10-12,4685,17839,2,7-4685178392
Russia,Russia,T-72B3 Obr. 2016,captured,https://i.postimg.cc/C5D0gzY3/1042-t72b3m-capt.jpg,2022-10-16,4685,17840,2,7-4685178402
Russia,Russia,T-72B3 Obr. 2016,captured,https://i.postimg.cc/x192wfZZ/1063-t72b3m-capt.jpg,2022-10-16,4685,17841,2,7-4685178412
Russia,Russia,T-72B3 Obr. 2016,captured,https://i.postimg.cc/dQNHR7dY/1006-t72b3m-capt.png,2022-10-16,4685,17842,2,7-4685178422
Russia,Russia,T-72B3 Obr. 2016,captured,https://i.postimg.cc/qvx7wTGb/1500-t72b3m-destr.jpg,2022-10-20,4685,17847,2,7-4685178472
Russia,Russia,T-72B3 Obr. 2016,captured,https://i.postimg.cc/t4Yp4Drw/1005-t72b3m-capt.jpg,2022-10-24,4685,17850,2,7-4685178502
Russia,Russia,T-72B3 Obr. 2016,captured,https://i.postimg.cc/HnHqRR38/1007-t72b3m-dam-capt.jpg,2022-10-24,4685,17851,2,7-4685178512
Russia,Russia,T-72B3 Obr. 2016,captured,https://i.postimg.cc/Vv3pmJsM/1029-t72b3m-capt-4-11.jpg,2022-11-08,4685,17858,2,7-4685178582
Russia,Russia,T-72B3 Obr. 2016,captured,https://i.postimg.cc/d02dJ3vC/1042-t72b3m-capt.jpg,2022-11-08,4685,17859,2,7-4685178592
Russia,Russia,T-72B3 Obr. 2016,captured,https://i.postimg.cc/DfJkRJBg/1005-t72b3m-capt.jpg,2022-11-09,4685,17860,2,7-4685178602
Russia,Russia,T-72B3 Obr. 2016,captured,https://twitter.com/UAWeapons/status/1591702182629343232,2022-11-14,4685,17862,2,7-4685178622
Russia,Russia,T-72B3 Obr. 2016,captured,https://twitter.com/UAWeapons/status/1593000581966462977,2022-11-18,4685,17865,2,7-4685178652
Russia,Russia,T-72B3 Obr. 2016,captured,https://i.postimg.cc/vTKf8ZHF/1005-t72b3m-capt.jpg,2022-11-18,4685,17866,2,7-4685178662
Russia,Russia,T-72B3 Obr. 2016,captured,https://i.postimg.cc/RFBFXJJM/1001-t72b3m-capt.jpg,2022-11-19,4685,17867,2,7-4685178672
Russia,Russia,T-72B3 Obr. 2016,captured,https://twitter.com/UAWeapons/status/1599033138583244800,2022-12-05,4685,17869,2,7-4685178692
Russia,Russia,T-72B3 Obr. 2016,captured,https://i.postimg.cc/y6fPYy6y/1000-t72b3m-capt.jpg,2022-12-28,4685,17873,2,7-4685178732
Russia,Russia,T-72B3 Obr. 2016,captured,https://i.postimg.cc/8P4cdYF5/1004-T-72-B3-Obr2016-capt.jpg,2022-12-30,4685,17875,2,7-4685178752
Russia,Russia,T-72B3 Obr. 2016,captured,https://i.postimg.cc/pdmFrm2F/1019-t72b3m-capt-30-03-22.jpg,2023-01-01,4685,17876,2,7-4685178762
Russia,Russia,T-72B3 Obr. 2016,captured,https://i.postimg.cc/5jcsmnSt/1031-t72b3m-capt-03-01-23.jpg,2023-01-04,4685,17877,2,7-4685178772
Russia,Russia,T-72B3 Obr. 2016,captured,https://i.postimg.cc/R0pjkffN/1025-t72b3m-capt-09-02-23.jpg,2023-02-12,4685,17884,2,7-4685178842
Russia,Russia,T-72B3 Obr. 2016,captured,https://i.postimg.cc/vBxQvyYf/211.png,2023-03-26,4685,17892,2,7-4685178922
Russia,Russia,T-72B3 Obr. 2016,captured,https://i.postimg.cc/QdZttw9X/5g5.png,2023-03-29,4685,17893,2,7-4685178932
Russia,Russia,T-72B3 Obr. 2016,captured,https://i.postimg.cc/x8cJPqVd/4439.png,2023-04-08,4685,17901,2,7-4685179012
Russia,Russia,T-72B3 Obr. 2016,captured,https://i.postimg.cc/W37zCQfh/439.png,2023-04-12,4685,17905,2,7-4685179052
Russia,Russia,T-72B3 Obr. 2016,captured,https://i.postimg.cc/cJHYN7ns/329.png,2023-04-12,4685,17906,2,7-4685179062
Russia,Russia,T-72B3 Obr. 2016,captured,https://postlmg.cc/xNV1ffCr,2023-04-12,4685,17907,2,7-4685179072
Russia,Russia,T-72B3 Obr. 2016,captured,https://i.postimg.cc/YqDks9dS/6j.png,2023-04-16,4685,17911,2,7-4685179112
Russia,Russia,T-72B3 Obr. 2016,captured,https://postlmg.cc/CdqDcDqR,2023-04-16,4685,17912,2,7-4685179122
Russia,Russia,T-72B3 Obr. 2016,captured,https://i.postimg.cc/5y4WSsxy/1004-T-72-B3-Obr-2016-capt-01-05-23.jpg,2023-05-02,4685,17918,2,7-4685179182
Russia,Russia,T-72B3 Obr. 2016,captured,https://twitter.com/UAWeapons/status/1674330739880386561,2023-06-30,4685,17923,2,7-4685179232
Russia,Russia,T-72B3 Obr. 2016,captured,https://i.postimg.cc/YqKsdrv5/1044-T-72-B3-Obr-2016-capt-31-05-23.jpg,2023-07-14,4685,17926,2,7-4685179262
Russia,Russia,T-72B3 Obr. 2016,captured,https://i.postimg.cc/vHt6dWM4/1011-T-72-B3-Obr2016-capt-31-03-22.jpg,2024-02-09,4685,17975,2,7-4685179752
Russia,Russia,T-72B3 Obr. 2016,captured,https://i.postimg.cc/NLhSs2Q9/1029-T-72-B3-Obr-2016-capt-30-11-22.jpg,2024-04-08,4685,17983,2,7-4685179832
Russia,Russia,T-72B3 Obr. 2016,captured,https://i.postimg.cc/s20Z0hRW/1014-T-72-B3-Obr-2016-capt-30-09-22.jpg,2024-05-12,4685,17987,2,7-4685179872
Russia,Russia,T-72B3 Obr. 2016,captured,https://i.postimg.cc/fyXbjm8t/1002-T-72-B3-Obr-2016-dam-capt-04-10-22.jpg,2024-05-24,4685,17989,2,7-4685179892
Russia,Russia,T-72B3 Obr. 2016,captured,https://i.postimg.cc/DzyS183d/1011-T-72-B3-Obr-2016-capt-30-09-22.jpg,2024-08-03,4685,17997,2,7-4685179972
Russia,Russia,T-72B3 Obr. 2022,captured,https://i.postimg.cc/TPvBX3LD/1020-T-72-B3-Obr-2022-capt-10-08-24.jpg,2024-08-15,4686,18055,2,7-4686180552
Russia,Russia,T-72B3 Obr. 2022,captured,https://i.postimg.cc/1t65bLGd/1048-T-72-B3-Obr-2022-capt-05-09-24.jpg,2024-09-09,4686,18056,2,7-4686180562
Russia,Russia,T-72B3 Obr. 2022,captured,https://i.postimg.cc/ydMwbdp1/1017-T-72-B3-Obr-2022-capt-12-09-24.jpg,2024-09-16,4686,18057,2,7-4686180572
Russia,Russia,T-72B3 Obr. 2022,captured,https://i.postimg.cc/8C6rkRVF/1002-T-72-B3-Obr-2022-capt-02-11-24.jpg,2024-11-06,4686,18062,2,7-4686180622
Russia,Russia,T-72BA,captured,https://i.postimg.cc/GptKrKXD/8887.jpg,2022-04-18,4687,18065,2,7-4687180652
Russia,Russia,T-72BA,captured,https://i.postimg.cc/15GfGd3q/3328.jpg,2022-05-01,4687,18066,2,7-4687180662
Russia,Russia,T-72BA,captured,https://i.postimg.cc/mZH6y033/21.png,2022-05-03,4687,18067,2,7-4687180672
Russia,Soviet Union,T-80BV,captured,https://i.postimg.cc/63bVWQwX/470.png,2022-03-19,4688,18074,2,7-4688180742
Russia,Soviet Union,T-80BV,captured,https://i.postimg.cc/1zNj1Pjv/44355.png,2022-03-19,4688,18075,2,7-4688180752
Russia,Soviet Union,T-80BV,captured,https://i.postimg.cc/4yWGbC6D/578.png,2022-03-19,4688,18076,2,7-4688180762
Russia,Soviet Union,T-80BV,captured,https://i.postimg.cc/x1wjXw9J/3dj.png,2022-03-19,4688,18077,2,7-4688180772
Russia,Soviet Union,T-80BV,captured,https://i.postimg.cc/Y2hTRjVV/2hs.png,2022-03-26,4688,18078,2,7-4688180782
Russia,Soviet Union,T-80BV,captured,https://i.postimg.cc/dV7Y2m59/36.png,2022-03-29,4688,18080,2,7-4688180802
Russia,Soviet Union,T-80BV,captured,https://i.postimg.cc/ydxcLGC0/68.png,2022-04-10,4688,18083,2,7-4688180832
Russia,Soviet Union,T-80BV,captured,https://i.postimg.cc/bwdPNHP3/579.png,2022-04-10,4688,18084,2,7-4688180842
Russia,Soviet Union,T-80BV,captured,https://i.postimg.cc/25SzW9Xv/6h.jpg,2022-04-13,4688,18086,2,7-4688180862
Russia,Soviet Union,T-80BV,captured,https://i.postimg.cc/Ss0CNg8p/d3.jpg,2022-04-13,4688,18087,2,7-4688180872
Russia,Soviet Union,T-80BV,captured,https://i.postimg.cc/28NZTGvw/4449.png,2022-04-18,4688,18088,2,7-4688180882
Russia,Soviet Union,T-80BV,captured,https://i.postimg.cc/CxXtTwB7/g5.jpg,2022-05-08,4688,18097,2,7-4688180972
Russia,Soviet Union,T-80BV,captured,https://i.postimg.cc/m25sg2hc/37.jpg,2022-05-11,4688,18098,2,7-4688180982
Russia,Soviet Union,T-80BV,captured,https://i.postimg.cc/J7B4DXFq/665.jpg,2022-05-28,4688,18103,2,7-4688181032
Russia,Soviet Union,T-80BV,captured,https://i.postimg.cc/pL0kDz9x/f4.jpg,2022-06-03,4688,18104,2,7-4688181042
Russia,Soviet Union,T-80BV,captured,https://i.postimg.cc/TPp0Q1mb/f5.jpg,2022-06-03,4688,18105,2,7-4688181052
Russia,Soviet Union,T-80BV,captured,https://i.postimg.cc/DZndPYwd/2000-t80bv-destr-05-03-23.jpg,2024-02-11,4688,18239,2,7-4688182392
Russia,Soviet Union,T-80BV,captured,https://i.postimg.cc/281HSG7L/1107-T-80-BV-capt-and-later-destr-14-10-22.jpg,2024-04-21,4688,18301,2,7-4688183012
Russia,Soviet Union,T-80BV,captured,https://i.postimg.cc/ncN3jm3R/1108-T-80-BV-capt-and-later-destr-14-10-22.jpg,2024-04-21,4688,18302,2,7-4688183022
Russia,Soviet Union,T-80BV,captured,https://i.postimg.cc/d3ZR918G/1067-t80bv-capt-31-01-23.jpg,2024-07-30,4688,18378,2,7-4688183782
Russia,Soviet Union,T-80BV,captured,https://i.postimg.cc/SKTJdky0/1009-T-80-BV-capt-30-11-22.jpg,2024-08-03,4688,18379,2,7-4688183792
Russia,Russia,T-80BVM,captured,https://i.postimg.cc/pT8gPXns/g78.png,2022-03-19,4689,18434,2,7-4689184342
Russia,Russia,T-80BVM,captured,https://i.postimg.cc/QMpKGxyL/324.png,2022-03-19,4689,18435,2,7-4689184352
Russia,Russia,T-80BVM,captured,https://i.postimg.cc/fLpZW20x/d35.png,2022-03-19,4689,18436,2,7-4689184362
Russia,Russia,T-80BVM,captured,https://i.postimg.cc/jdKNRZQV/v6.jpg,2022-03-19,4689,18437,2,7-4689184372
Russia,Russia,T-80BVM,captured,https://i.postimg.cc/BQnQ8tqm/5799.png,2022-03-19,4689,18438,2,7-4689184382
Russia,Russia,T-80BVM,captured,https://i.postimg.cc/pLG98wSz/3h.png,2022-03-19,4689,18439,2,7-4689184392
Russia,Russia,T-80BVM,captured,https://i.postimg.cc/CxH8wwhD/3d20.png,2022-03-19,4689,18440,2,7-4689184402
Russia,Russia,T-80BVM,captured,https://i.postimg.cc/KzmrkB8F/bf.png,2022-03-19,4689,18441,2,7-4689184412
Russia,Russia,T-80BVM,captured,https://i.postimg.cc/NMNZPpZN/gl.png,2022-03-19,4689,18442,2,7-4689184422
Russia,Russia,T-80BVM,captured,https://i.postimg.cc/Y0pm2Yhh/d35.png,2022-03-19,4689,18443,2,7-4689184432
Russia,Russia,T-80BVM,captured,https://i.postimg.cc/DZqKW1G3/4gf.png,2022-03-26,4689,18444,2,7-4689184442
Russia,Russia,T-80BVM,captured,https://i.postimg.cc/zBtgdVxQ/652.png,2022-03-26,4689,18445,2,7-4689184452
Russia,Russia,T-80BVM,captured,https://i.postimg.cc/QdggKrXd/877.jpg,2022-03-26,4689,18446,2,7-4689184462
Russia,Russia,T-80BVM,captured,https://i.postimg.cc/wvn4jXwV/468.jpg,2022-04-01,4689,18447,2,7-4689184472
Russia,Russia,T-80BVM,captured,https://i.postimg.cc/TwC8D6n3/678.png,2022-04-04,4689,18448,2,7-4689184482
Russia,Russia,T-80BVM,captured,https://i.postimg.cc/7LpghV24/g2.jpg,2022-04-10,4689,18450,2,7-4689184502
Russia,Russia,T-80BVM,captured,https://i.postimg.cc/Jz3zpSPT/699.jpg,2022-04-13,4689,18451,2,7-4689184512
Russia,Russia,T-80BVM,captured,https://i.postimg.cc/tRvyG2y7/32.png,2022-05-01,4689,18452,2,7-4689184522
Russia,Russia,T-80BVM,captured,https://i.postimg.cc/zDd2qYhc/658.jpg,2022-05-11,4689,18457,2,7-4689184572
Russia,Russia,T-80BVM,captured,https://i.postimg.cc/Ls5fcmpp/332.png,2022-06-02,4689,18460,2,7-4689184602
Russia,Russia,T-80BVM,captured,https://i.postimg.cc/rFRQbXwh/h5.jpg,2022-06-26,4689,18461,2,7-4689184612
Russia,Russia,T-80BVM,captured,https://i.postimg.cc/x8NN9ZJx/1000.jpg,2022-07-21,4689,18463,2,7-4689184632
Russia,Russia,T-80BVM Obr. 2022,captured,https://i.postimg.cc/yd8vRPL1/1102-t80bvm-obr2022-dam-capt-23-06-24.jpg,2024-07-24,4690,18484,2,7-4690184842
Russia,Russia,T-80BVM Obr. 2022,captured,https://i.postimg.cc/sD8twc3K/1025-T-80-BVM-Obr-2022-capt-10-08-24.jpg,2024-08-15,4690,18485,2,7-4690184852
Russia,Russia,T-80BVM Obr. 2022,captured,https://i.postimg.cc/SsDP8LZ6/1033-T-80-BVM-Obr-2022-capt-08-08-24.jpg,2024-08-15,4690,18486,2,7-4690184862
Russia,Russia,T-80BVM Obr. 2022,captured,https://i.postimg.cc/zvYQZDwy/1000-T-80-BVM-Obr-2022-capt-31-08-24.jpg,2024-09-03,4690,18489,2,7-4690184892
Russia,Russia,T-80U,captured,https://i.postimg.cc/Pf2gzrfP/f5.png,2022-03-19,4691,18514,2,7-4691185142
Russia,Russia,T-80U,captured,https://i.postimg.cc/Zq13p4Tf/4680.png,2022-03-19,4691,18515,2,7-4691185152
Russia,Russia,T-80U,captured,https://i.postimg.cc/7LFzTNhH/5466.png,2022-03-19,4691,18516,2,7-4691185162
Russia,Russia,T-80U,captured,https://i.postimg.cc/XY9XK8Qj/f25.png,2022-03-19,4691,18517,2,7-4691185172
Russia,Russia,T-80U,captured,https://i.postimg.cc/GtdbBMjV/4f7.png,2022-03-19,4691,18518,2,7-4691185182
Russia,Russia,T-80U,captured,https://i.postimg.cc/GmVvVvpf/8k.png,2022-03-19,4691,18519,2,7-4691185192
Russia,Russia,T-80U,captured,https://i.postimg.cc/7PWhmmcg/u8.jpg,2022-03-19,4691,18520,2,7-4691185202
Russia,Russia,T-80U,captured,https://i.postimg.cc/7PgrKTDY/s1.jpg,2022-03-19,4691,18521,2,7-4691185212
Russia,Russia,T-80U,captured,https://i.postimg.cc/Ls88PXB9/74.png,2022-03-19,4691,18522,2,7-4691185222
Russia,Russia,T-80U,captured,https://i.postimg.cc/HxYDSTTS/542.png,2022-03-19,4691,18523,2,7-4691185232
Russia,Russia,T-80U,captured,https://i.postimg.cc/NFhVD8bY/659.png,2022-03-19,4691,18524,2,7-4691185242
Russia,Russia,T-80U,captured,https://i.postimg.cc/JnK0gXrB/763.png,2022-03-19,4691,18525,2,7-4691185252
Russia,Russia,T-80U,captured,https://i.postimg.cc/nrBdhrmk/3da.png,2022-03-19,4691,18526,2,7-4691185262
Russia,Russia,T-80U,captured,https://i.postimg.cc/SxpBCFNR/4433.png,2022-03-19,4691,18527,2,7-4691185272
Russia,Russia,T-80U,captured,https://i.postimg.cc/nrLk93TH/d2c.png,2022-03-19,4691,18528,2,7-4691185282
Russia,Russia,T-80U,captured,https://i.postimg.cc/Kcg5Wc8N/o1.png,2022-03-19,4691,18529,2,7-4691185292
Russia,Russia,T-80U,captured,https://i.postimg.cc/sXz38mY9/32d.png,2022-03-19,4691,18530,2,7-4691185302
Russia,Russia,T-80U,captured,https://i.postimg.cc/YCx7XJ5N/4r.png,2022-03-19,4691,18531,2,7-4691185312
Russia,Russia,T-80U,captured,https://i.postimg.cc/nc7CpXxk/4y8.png,2022-03-19,4691,18532,2,7-4691185322
Russia,Russia,T-80U,captured,https://i.postimg.cc/fbf34Qs1/331f.jpg,2022-03-26,4691,18534,2,7-4691185342
Russia,Russia,T-80U,captured,https://i.postimg.cc/tCKRDKqG/66k.jpg,2022-03-26,4691,18535,2,7-4691185352
Russia,Russia,T-80U,captured,https://i.postimg.cc/FHDVg0xB/3dd.png,2022-03-27,4691,18536,2,7-4691185362
Russia,Russia,T-80U,captured,https://i.postimg.cc/hjp2dxTq/53.png,2022-03-29,4691,18542,2,7-4691185422
Russia,Russia,T-80U,captured,https://i.postimg.cc/W1bDL7xH/787.png,2022-04-07,4691,18545,2,7-4691185452
Russia,Russia,T-80U,captured,https://i.postimg.cc/vZ0cT4bY/47j.png,2022-04-09,4691,18546,2,7-4691185462
Russia,Russia,T-80U,captured,https://i.postimg.cc/9f2LgLrM/43f.jpg,2022-04-10,4691,18549,2,7-4691185492
Russia,Russia,T-80U,captured,https://i.postimg.cc/TYjtg6w4/976.png,2022-04-13,4691,18552,2,7-4691185522
Russia,Russia,T-80U,captured,https://i.postimg.cc/5N9DjYzn/390.png,2022-04-16,4691,18553,2,7-4691185532
Russia,Russia,T-80U,captured,https://i.postimg.cc/Pf0fyjp3/77.jpg,2022-05-21,4691,18561,2,7-4691185612
Russia,Russia,T-80U,captured,https://i.postimg.cc/Gpp0CYB5/c1.jpg,2022-06-05,4691,18564,2,7-4691185642
Russia,Russia,T-80U,captured,https://i.postimg.cc/CKr3L1kL/c2.jpg,2022-06-05,4691,18565,2,7-4691185652
Russia,Russia,T-80U,captured,https://i.postimg.cc/qRzMckW1/5472.png,2022-06-06,4691,18566,2,7-4691185662
Russia,Russia,T-80U,captured,https://i.postimg.cc/FHWbsTzf/87j.jpg,2022-06-26,4691,18570,2,7-4691185702
Russia,Russia,T-80U,captured,https://i.postimg.cc/pLq1qg8p/1002.jpg,2022-07-28,4691,18573,2,7-4691185732
Russia,Russia,T-80U,captured,https://i.postimg.cc/PryFfPyC/1006.jpg,2022-07-28,4691,18574,2,7-4691185742
Russia,Russia,T-80U,captured,https://i.postimg.cc/fbG8qXzr/1007.jpg,2022-07-28,4691,18575,2,7-4691185752
Russia,Russia,T-80U,captured,https://i.postimg.cc/HkLvrdvB/1008.jpg,2022-07-28,4691,18576,2,7-4691185762
Russia,Russia,T-80U,captured,https://i.postimg.cc/1znWKMQF/1009.jpg,2022-07-28,4691,18577,2,7-4691185772
Russia,Russia,T-80U,captured,https://twitter.com/UAWeapons/status/1554544824015101952,2022-08-04,4691,18578,2,7-4691185782
Russia,Russia,T-80U,captured,https://twitter.com/Danspiun/status/1554950823968399367,2022-08-05,4691,18579,2,7-4691185792
Russia,Russia,T-80U,captured,https://i.postimg.cc/cHLyjmMB/1005-t80u.jpg,2022-08-20,4691,18582,2,7-4691185822
Russia,Russia,T-80U,captured,https://twitter.com/Blue_Sauron/status/1568895598777991169,2022-09-12,4691,4141,2,7-469141412
Russia,Russia,T-80U,captured,https://twitter.com/UAWeapons/status/1569711880675139585,2022-09-14,4691,9807,2,7-469198072
Russia,Russia,T-80UE-1,captured,https://i.postimg.cc/fb0m5nJQ/4388.jpg,2022-05-01,4692,18584,2,7-4692185842
Russia,Russia,T-80UE1,captured,https://postlmg.cc/HVYptsVc,2022-04-20,4693,18586,2,7-4693185862
Russia,Russia,T-80UK,captured,https://i.postimg.cc/RhG269gm/63.jpg,2022-03-26,4694,18588,2,7-4694185882
Russia,Russia,T-90A,captured,https://i.postimg.cc/hv56LFZ3/t5.png,2022-03-19,4696,18599,2,7-4696185992
Russia,Russia,T-90A,captured,https://i.postimg.cc/85Vs1vt5/v6.jpg,2022-03-19,4696,18600,2,7-4696186002
Russia,Russia,T-90A,captured,https://i.postimg.cc/fWVW6BwK/v8.jpg,2022-03-19,4696,18601,2,7-4696186012
Russia,Russia,T-90A,captured,https://i.postimg.cc/hPHLMRrc/65h.png,2022-03-19,4696,18602,2,7-4696186022
Russia,Russia,T-90A,captured,https://i.postimg.cc/907C3bwz/3324.png,2022-03-19,4696,18603,2,7-4696186032
Russia,Russia,T-90A,captured,https://i.postimg.cc/vTdS88R3/6h.jpg,2022-03-26,4696,18606,2,7-4696186062
Russia,Russia,T-90A,captured,https://i.postimg.cc/L6XCZSwz/3f4.png,2022-03-27,4696,18607,2,7-4696186072
Russia,Russia,T-90A,captured,https://i.postimg.cc/Nj7PbcQ4/466.png,2022-03-31,4696,18608,2,7-4696186082
Russia,Russia,T-90A,captured,https://i.postimg.cc/YCckmz5Z/4fff.jpg,2022-04-04,4696,18609,2,7-4696186092
Russia,Russia,T-90A,captured,https://i.postimg.cc/02nsRB7F/36.png,2022-04-10,4696,18610,2,7-4696186102
Russia,Russia,T-90A,captured,https://i.postimg.cc/Wbw3jKGG/4j.png,2022-05-23,4696,18614,2,7-4696186142
Russia,Russia,T-90A,captured,https://i.postimg.cc/Cdp0dM2b/1023-t90a-capt.jpg,2022-10-01,4696,18619,2,7-4696186192
Russia,Russia,T-90A,captured,https://i.postimg.cc/Z5kD2N6W/1024-t90a-capt-08-01-23.jpg,2023-01-10,4696,18623,2,7-4696186232
Russia,Russia,T-90A,captured,https://i.postimg.cc/PxykVq4W/1056-T-90-A-Obr-2006-destr-24-08-23.jpg,2024-04-08,4696,18636,2,7-4696186362
Russia,Russia,T-90A,captured,https://i.postimg.cc/pLXttYNX/1008-T-90-A-Obr-2006-capt-31-03-22.jpg,2024-04-08,4696,18638,2,7-4696186382
Russia,Russia,T-90M,captured,https://postimg.cc/NKF86nrG/c1c3d497,2024-05-26,4697,18711,2,7-4697187112
Russia,Russia,T-90M,captured,https://i.postimg.cc/LszTtVsJ/1011-t90m-capt-23-06-24.jpg,2024-06-28,4697,18717,2,7-4697187172
Russia,Russia,T-90M,captured,https://i.postimg.cc/dV2qVb4Z/1060-T-90-M-Proryv-capt-14-08-24.jpg,2024-08-16,4697,18722,2,7-4697187222
Russia,Russia,T-90M,captured,https://i.postimg.cc/bY6Q2W5x/1024-T-90-M-Proryv-capt-19-08-24.jpg,2024-08-22,4697,18723,2,7-4697187232
Russia,Russia,Takhion,captured,https://i.postimg.cc/CLCjKNKv/1034-Takhion-UAV-capt-09-10-22.jpg,2023-02-03,4698,18736,2,7-4698187362
Russia,Russia,Takhion,captured,https://i.postimg.cc/vZnpq1DY/1034-Takhion-reconnaissance-UAV-capt-15-07-22.jpg,2023-10-26,4698,18738,2,7-4698187382
Russia,Russia,Takhion,captured,https://i.postimg.cc/XYrLkX6W/1017-Takhion-UAV-capt-22-02-24.jpg,2024-02-26,4698,18739,2,7-4698187392
Russia,Russia,Takhion reconnaissance UAV,captured,https://i.postimg.cc/L8Hsjzh6/41.png,2022-04-04,4699,18741,2,7-4699187412
Russia,Russia,Takhion reconnaissance UAV,captured,https://i.postimg.cc/26dxtGgS/554.jpg,2022-05-03,4699,18742,2,7-4699187422
Russia,Soviet Union,TMM-3 bridge layer,captured,https://i.postimg.cc/FRhY7mzP/75.png,2022-03-19,4700,18747,2,7-4700187472
Russia,Soviet Union,TMM-3 bridge layer,captured,https://i.postimg.cc/X7wjb8tg/Screenshot-8214.png,2022-03-19,4700,18748,2,7-4700187482
Russia,Soviet Union,TMM-3 bridge layer,captured,https://i.postimg.cc/Y0Fpjf0M/Screenshot-8216.png,2022-03-19,4700,18749,2,7-4700187492
Russia,Soviet Union,TMM-3 bridge layer,captured,https://i.postimg.cc/FHN9sS4X/Screenshot-8217.png,2022-03-19,4700,18750,2,7-4700187502
Russia,Soviet Union,TMM-3 bridge layer,captured,https://i.postimg.cc/y8cSr8c9/3321.png,2022-03-19,4700,18751,2,7-4700187512
Russia,Soviet Union,TMM-3 bridge layer,captured,https://i.postimg.cc/bJJr8yDm/f6.png,2022-03-19,4700,18752,2,7-4700187522
Russia,Soviet Union,TMM-3 bridge layer,captured,https://i.postimg.cc/MpYMvFpy/33160.png,2022-03-26,4700,18753,2,7-4700187532
Russia,Soviet Union,TMM-3 bridge layer,captured,https://i.postimg.cc/9fkRL7G3/762.jpg,2022-04-01,4700,18755,2,7-4700187552
Russia,Soviet Union,TMM-3 bridge layer,captured,https://i.postimg.cc/bJcHhFdy/32dd.png,2022-04-04,4700,18756,2,7-4700187562
Russia,Soviet Union,TMM-3 bridge layer,captured,https://i.postimg.cc/XqyXXmYs/75.png,2022-04-06,4700,18757,2,7-4700187572
Russia,Soviet Union,TMM-3 bridge layer,captured,https://i.postimg.cc/283hr2WJ/tm1.jpg,2022-04-06,4700,18758,2,7-4700187582
Russia,Soviet Union,TMM-3 bridge layer,captured,https://i.postimg.cc/Jh3BPgwy/tm2.jpg,2022-04-06,4700,18759,2,7-4700187592
Russia,Soviet Union,TMM-3 bridge layer,captured,https://i.postimg.cc/P55BWBXd/58.png,2022-04-10,4700,18760,2,7-4700187602
Russia,Soviet Union,TMM-3 bridge layer,captured,https://i.postimg.cc/KvdwSrzj/889.jpg,2022-04-21,4700,18761,2,7-4700187612
Russia,Soviet Union,TMM-3 bridge layer,captured,https://i.postimg.cc/FHXkWBMt/699.png,2022-05-03,4700,18764,2,7-4700187642
Russia,Soviet Union,TMM-3 bridge layer,captured,https://i.postimg.cc/1Rw9WSrx/1005-tmm-3.jpg,2022-10-01,4700,18765,2,7-4700187652
Russia,Soviet Union,TMM-3 bridge layer,captured,https://i.postimg.cc/9QtNR27B/image.jpg,2022-12-21,4700,18766,2,7-4700187662
Russia,Russia,Torn(-MDM),captured,https://i.postimg.cc/Jn2VdkFf/35.png,2022-03-19,4701,18770,2,7-4701187702
Russia,Russia,TZM-T reloader vehicle (for TOS-1A),captured,https://i.postimg.cc/fRRVKD6C/g5.jpg,2022-03-27,4705,18775,2,7-4705187752
Russia,Russia,TZM-T reloader vehicle (for TOS-1A),captured,https://i.postimg.cc/vTwzgc23/4f.png,2022-03-27,4705,18776,2,7-4705187762
Russia,Russia,TZM-T reloader vehicle (for TOS-1A),captured,https://i.postimg.cc/gjSZQCQQ/468.png,2022-03-30,4705,18777,2,7-4705187772
Russia,Russia,TZM-T reloader vehicle (for TOS-1A),captured,https://i.postimg.cc/T1ZNX9Br/568.png,2022-04-01,4705,18778,2,7-4705187782
Russia,Russia,TZM-T reloader vehicle (for TOS-1A),captured,https://i.postimg.cc/289VZp85/5788.png,2022-04-01,4705,18779,2,7-4705187792
Russia,Russia,TZM-T reloader vehicle (for TOS-1A),captured,https://i.postimg.cc/BbJkL3hg/5f3.png,2022-04-06,4705,18780,2,7-4705187802
Russia,Russia,UAZ-23632,captured,https://i.postimg.cc/Hk70g9v5/f234.png,2022-03-19,4706,18783,2,7-4706187832
Russia,Russia,UAZ-23632,captured,https://postimg.cc/XrK56zCd,2022-03-19,4706,18784,2,7-4706187842
Russia,Russia,UAZ-23632,captured,https://i.postimg.cc/QCK58qpb/patriot.jpg,2022-04-04,4706,18785,2,7-4706187852
Russia,Soviet Union,UAZ-452,captured,https://i.postimg.cc/h49rZcwR/fd.png,2022-03-28,4709,18800,2,7-4709188002
Russia,Soviet Union,UAZ-452 van,captured,https://i.postimg.cc/qv8yk3c1/66555.jpg,2022-06-26,4710,18803,2,7-4710188032
Russia,Soviet Union,UAZ-469,captured,https://i.postimg.cc/CxsxqBbv/c1.png,2022-03-19,4711,18823,2,7-4711188232
Russia,Soviet Union,UAZ-469,captured,https://i.postimg.cc/bwKN66rf/668.jpg,2022-04-06,4711,18827,2,7-4711188272
Russia,Russia,Unknown AFV,captured,https://i.postimg.cc/pXJJrNhR/bj.png,2022-03-19,4713,18845,2,7-4713188452
Russia,Russia,Unknown AFV,captured,https://i.postimg.cc/6px1pGbc/f8.jpg,2022-05-15,4713,18884,2,7-4713188842
Russia,Soviet Union,Unknown BTR-D/BMD-2,captured,https://i.postimg.cc/bvJd7Wrw/3h.png,2022-03-26,4717,19240,2,7-4717192402
Russia,Russia,Unknown communications station based on the KamAZ 6x6,captured,https://i.postimg.cc/DfxxKLnD/84.png,2022-03-19,4723,19272,2,7-4723192722
Russia,Russia,Unknown tank,captured,https://i.postimg.cc/L67vXhmv/541.jpg,2022-03-26,4734,19480,2,7-4734194802
Russia,Russia,Unknown tank,captured,https://i.postimg.cc/FHnYXRgw/57j.jpg,2022-04-11,4734,19524,2,7-4734195242
Russia,Russia,Unknown tank,captured,https://i.postimg.cc/kMQsc8V5/6522.png,2022-05-05,4734,19552,2,7-4734195522
Russia,Russia,Unknown truck,captured,https://i.postimg.cc/Y994gyQF/431.png,2022-03-19,4737,13444,2,7-4737134442
Russia,Russia,Unknown truck,captured,https://i.postimg.cc/G38hB3zL/658.png,2022-03-19,4737,19679,2,7-4737196792
Russia,Russia,Unknown truck,captured,https://i.postimg.cc/prw0P3Ww/57.png,2022-03-19,4737,19680,2,7-4737196802
Russia,Russia,Unknown truck,captured,https://i.postimg.cc/kgj666Vs/23.png,2022-03-19,4737,19681,2,7-4737196812
Russia,Russia,Unknown truck,captured,https://i.postimg.cc/VNsLBfRz/c2.png,2022-03-19,4737,13651,2,7-4737136512
Russia,Russia,Unknown truck,captured,https://i.postimg.cc/c4S9qLZj/412.png,2022-03-19,4737,19682,2,7-4737196822
Russia,Russia,Unknown truck,captured,https://i.postimg.cc/vHcNtwjD/g70.png,2022-03-19,4737,19683,2,7-4737196832
Russia,Russia,Unknown truck,captured,https://i.postimg.cc/GtMVCs56/7i.jpg,2022-03-26,4737,19692,2,7-4737196922
Russia,Russia,Unknown truck,captured,https://i.postimg.cc/FHr8FfwJ/cap.jpg,2022-04-01,4737,19698,2,7-4737196982
Russia,Russia,Unknown truck,captured,https://i.postimg.cc/g2mLCHw8/d36.png,2022-04-01,4737,19699,2,7-4737196992
Russia,Russia,Unknown truck,captured,https://i.postimg.cc/wTPKF70y/y6.jpg,2022-04-06,4737,19718,2,7-4737197182
Russia,Russia,Unknown truck,captured,https://i.postimg.cc/rFrpcfY9/43.jpg,2022-04-09,4737,19724,2,7-4737197242
Russia,Soviet Union,UR-77 'Meteorit' mine clearing vehicle,captured,https://i.postimg.cc/q7kqm4Cq/1004-UR77.jpg,2022-09-11,4739,19751,2,7-4739197512
Russia,Soviet Union,UR-77 'Meteorit' mine clearing vehicle,captured,https://twitter.com/Blue_Sauron/status/1568895598777991169,2022-09-12,4739,4141,2,7-473941412
Russia,Soviet Union,UR-77 'Meteorit' mine clearing vehicle,captured,https://i.postimg.cc/4xqQS0vN/1022-ur77.jpg,2022-09-14,4739,19752,2,7-4739197522
Russia,Soviet Union,UR-77 'Meteorit' mine clearing vehicle,captured,https://twitter.com/UAWeapons/status/1570342741913268225,2022-09-16,4739,429,2,7-47394292
Russia,Soviet Union,UR-77 'Meteorit' mine clearing vehicle,captured,https://twitter.com/UAWeapons/status/1572936489314426883,2022-09-23,4739,599,2,7-47395992
Russia,Soviet Union,UR-77 'Meteorit' mine clearing vehicle,captured,https://twitter.com/UAWeapons/status/1573697820699271168,2022-09-25,4739,4754,2,7-473947542
Russia,Soviet Union,UR-77 'Meteorit' mine clearing vehicle,captured,https://i.postimg.cc/jdxfxb87/1008-ur77-capt.jpg,2022-10-21,4739,19754,2,7-4739197542
Russia,Soviet Union,UR-77 'Meteorit' mine clearing vehicle,captured,https://i.postimg.cc/NMwcbtgv/1008-ur77-capt.jpg,2022-10-24,4739,19755,2,7-4739197552
Russia,Soviet Union,UR-77 'Meteorit' mine clearing vehicle,captured,https://i.postimg.cc/2jLkDDxH/2022-04-03-UR-77-captured-Chernihiv.jpg,2022-12-09,4739,19757,2,7-4739197572
Russia,Soviet Union,UR-77 'Meteorit' mine clearing vehicle,captured,https://i.postimg.cc/26TxxR9z/7790.png,2023-04-11,4739,19762,2,7-4739197622
Russia,Soviet Union,UR-77 'Meteorit' mine clearing vehicle,captured,https://i.postimg.cc/v85hmJD4/1002-ur77-capt-31-03-22.jpg,2023-06-01,4739,19763,2,7-4739197632
Russia,Soviet Union,UR-77 'Meteorit' mine clearing vehicle,captured,https://i.postimg.cc/DyK947dR/1034-ur77-capt-30-11-22.jpg,2024-01-19,4739,19768,2,7-4739197682
Russia,Soviet Union,UR-77 'Meterorit' mine clearing vehicle,captured,https://i.postimg.cc/cCYk2x7p/3v.png,2022-03-19,4740,19775,2,7-4740197752
Russia,Soviet Union,UR-77 'Meterorit' mine clearing vehicle,captured,https://i.postimg.cc/LsvJmvb8/d23.png,2022-03-19,4740,19776,2,7-4740197762
Russia,Soviet Union,UR-77 'Meterorit' mine clearing vehicle,captured,https://i.postimg.cc/L5KQWwN3/dfg.png,2022-03-19,4740,19777,2,7-4740197772
Russia,Soviet Union,UR-77 'Meterorit' mine clearing vehicle,captured,https://i.postimg.cc/hth2jxzy/2o9.jpg,2022-03-26,4740,19779,2,7-4740197792
Russia,Soviet Union,UR-77 'Meterorit' mine clearing vehicle,captured,https://i.postimg.cc/2SKG8Qg0/4311.png,2022-03-26,4740,19780,2,7-4740197802
Russia,Soviet Union,UR-77 'Meterorit' mine clearing vehicle,captured,https://i.postimg.cc/vZ102s4z/73.jpg,2022-04-09,4740,19783,2,7-4740197832
Russia,Soviet Union,UR-77 'Meterorit' mine clearing vehicle,captured,https://i.postimg.cc/52mKQRjc/87.jpg,2022-04-17,4740,19784,2,7-4740197842
Russia,Russia,Ural-4320,captured,https://i.postimg.cc/262zKhwD/6hj.png,2022-03-19,4742,19846,2,7-4742198462
Russia,Russia,Ural-4320,captured,https://i.postimg.cc/fR5byVj2/k88.jpg,2022-03-19,4742,19864,2,7-4742198642
Russia,Russia,Ural-4320,captured,https://i.postimg.cc/vB5YMv7C/754.png,2022-03-19,4742,19865,2,7-4742198652
Russia,Russia,Ural-4320,captured,https://i.postimg.cc/Z5GKzh1D/r1.png,2022-03-19,4742,19866,2,7-4742198662
Russia,Russia,Ural-4320,captured,https://i.postimg.cc/pXL1Kn3v/5583.png,2022-03-19,4742,19867,2,7-4742198672
Russia,Russia,Ural-4320,captured,https://i.postimg.cc/dQSXZBB2/74.png,2022-03-19,4742,19868,2,7-4742198682
Russia,Russia,Ural-4320,captured,https://i.postimg.cc/Jn500txp/55799.png,2022-03-19,4742,19869,2,7-4742198692
Russia,Russia,Ural-4320,captured,https://i.postimg.cc/26Mr9sCf/667.png,2022-03-19,4742,19870,2,7-4742198702
Russia,Russia,Ural-4320,captured,https://i.postimg.cc/VNwZpLhm/663.png,2022-03-19,4742,19871,2,7-4742198712
Russia,Russia,Ural-4320,captured,https://i.postimg.cc/CxbjQs0Z/q1.png,2022-03-19,4742,19872,2,7-4742198722
Russia,Russia,Ural-4320,captured,https://i.postimg.cc/cJZQyt1F/q3.jpg,2022-03-19,4742,19873,2,7-4742198732
Russia,Russia,Ural-4320,captured,https://i.postimg.cc/R0RwMCN4/q4.jpg,2022-03-19,4742,19874,2,7-4742198742
Russia,Russia,Ural-4320,captured,https://i.postimg.cc/nzhBM8D7/q5.jpg,2022-03-19,4742,19875,2,7-4742198752
Russia,Russia,Ural-4320,captured,https://i.postimg.cc/Zn9NFrj5/q6.jpg,2022-03-19,4742,19876,2,7-4742198762
Russia,Russia,Ural-4320,captured,https://i.postimg.cc/269vZHQt/q7.png,2022-03-19,4742,19877,2,7-4742198772
Russia,Russia,Ural-4320,captured,https://i.postimg.cc/RhjHPNbQ/q8.png,2022-03-19,4742,19878,2,7-4742198782
Russia,Russia,Ural-4320,captured,https://i.postimg.cc/7Pc0PWYG/q9.jpg,2022-03-19,4742,19879,2,7-4742198792
Russia,Russia,Ural-4320,captured,https://i.postimg.cc/Tw1hHZ5d/77h.png,2022-03-19,4742,19880,2,7-4742198802
Russia,Russia,Ural-4320,captured,https://i.postimg.cc/zvFf4vcZ/Screenshot-8471.png,2022-03-19,4742,19881,2,7-4742198812
Russia,Russia,Ural-4320,captured,https://i.postimg.cc/6QcY6f4y/Screenshot-8473.png,2022-03-19,4742,19882,2,7-4742198822
Russia,Russia,Ural-4320,captured,https://postimg.cc/gryBVFjK,2022-03-19,4742,19883,2,7-4742198832
Russia,Russia,Ural-4320,captured,https://i.postimg.cc/0Qx3NNNy/bn8.png,2022-03-19,4742,19884,2,7-4742198842
Russia,Russia,Ural-4320,captured,https://i.postimg.cc/brjQ7Srg/66522.png,2022-03-19,4742,19885,2,7-4742198852
Russia,Russia,Ural-4320,captured,https://i.postimg.cc/WbY733HN/4g.png,2022-03-19,4742,19886,2,7-4742198862
Russia,Russia,Ural-4320,captured,https://i.postimg.cc/SR1yPs6s/f2.png,2022-03-19,4742,19887,2,7-4742198872
Russia,Russia,Ural-4320,captured,https://i.postimg.cc/vmPKKKjX/r1.png,2022-03-19,4742,19888,2,7-4742198882
Russia,Russia,Ural-4320,captured,https://i.postimg.cc/RZ337kgr/p2.png,2022-03-19,4742,19889,2,7-4742198892
Russia,Russia,Ural-4320,captured,https://i.postimg.cc/jSm1s8cQ/f57.png,2022-03-19,4742,19890,2,7-4742198902
Russia,Russia,Ural-4320,captured,https://i.postimg.cc/FzLk3HcB/g43.jpg,2022-03-19,4742,19891,2,7-4742198912
Russia,Russia,Ural-4320,captured,https://i.postimg.cc/3JZg39j4/u1.jpg,2022-03-19,4742,19892,2,7-4742198922
Russia,Russia,Ural-4320,captured,https://i.postimg.cc/BQ3TWRFf/u2.jpg,2022-03-19,4742,19893,2,7-4742198932
Russia,Russia,Ural-4320,captured,https://i.postimg.cc/MT3RB1JY/4f70.png,2022-03-19,4742,19894,2,7-4742198942
Russia,Russia,Ural-4320,captured,https://i.postimg.cc/mkzkbSC0/u1.jpg,2022-03-19,4742,19895,2,7-4742198952
Russia,Russia,Ural-4320,captured,https://i.postimg.cc/7Lw5g0r2/u2.jpg,2022-03-19,4742,19896,2,7-4742198962
Russia,Russia,Ural-4320,captured,https://i.postimg.cc/rmH8hcT2/y2.jpg,2022-03-19,4742,19897,2,7-4742198972
Russia,Russia,Ural-4320,captured,https://i.postimg.cc/g2cq6M8R/df.png,2022-03-19,4742,19898,2,7-4742198982
Russia,Russia,Ural-4320,captured,https://i.postimg.cc/3xzdgFbn/ug2.png,2022-03-19,4742,14394,2,7-4742143942
Russia,Russia,Ural-4320,captured,https://i.postimg.cc/HWfM0HcQ/33e.png,2022-03-19,4742,19899,2,7-4742198992
Russia,Russia,Ural-4320,captured,https://i.postimg.cc/xTvXKmS2/d335.png,2022-03-19,4742,19900,2,7-4742199002
Russia,Russia,Ural-4320,captured,https://i.postimg.cc/t4VDp20j/vv31.png,2022-03-19,4742,19901,2,7-4742199012
Russia,Russia,Ural-4320,captured,https://i.postimg.cc/sfcQf9Xq/2d3.png,2022-03-19,4742,14396,2,7-4742143962
Russia,Russia,Ural-4320,captured,https://i.postimg.cc/pdQ2SCvY/cc2.png,2022-03-19,4742,19902,2,7-4742199022
Russia,Russia,Ural-4320,captured,https://i.postimg.cc/yd0nfG2V/ff1k.png,2022-03-19,4742,19903,2,7-4742199032
Russia,Russia,Ural-4320,captured,https://i.postimg.cc/Bvk4bF7L/Screenshot-8948.png,2022-03-19,4742,19904,2,7-4742199042
Russia,Russia,Ural-4320,captured,https://i.postimg.cc/RhZ0MvwT/tr2.png,2022-03-19,4742,19905,2,7-4742199052
Russia,Russia,Ural-4320,captured,https://i.postimg.cc/HL901gqB/4431.png,2022-03-19,4742,19906,2,7-4742199062
Russia,Russia,Ural-4320,captured,https://i.postimg.cc/tJQ2f1yc/4u.png,2022-03-19,4742,19907,2,7-4742199072
Russia,Russia,Ural-4320,captured,https://i.postimg.cc/R0C7W7V9/4317.png,2022-03-19,4742,13849,2,7-4742138492
Russia,Russia,Ural-4320,captured,https://i.postimg.cc/kMQpDCyN/4689.png,2022-03-19,4742,19908,2,7-4742199082
Russia,Russia,Ural-4320,captured,https://i.postimg.cc/SRTJGKGs/417.png,2022-03-19,4742,19909,2,7-4742199092
Russia,Russia,Ural-4320,captured,https://i.postimg.cc/yxRcGjMS/c7.jpg,2022-03-19,4742,19910,2,7-4742199102
Russia,Russia,Ural-4320,captured,https://i.postimg.cc/bJ99Y3Cc/g3.png,2022-03-19,4742,19911,2,7-4742199112
Russia,Russia,Ural-4320,captured,https://i.postimg.cc/sxbfgd1x/690.png,2022-03-19,4742,19912,2,7-4742199122
Russia,Russia,Ural-4320,captured,https://i.postimg.cc/fR9PySkK/48.png,2022-03-19,4742,19913,2,7-4742199132
Russia,Russia,Ural-4320,captured,https://i.postimg.cc/268TQ1jg/51.png,2022-03-19,4742,19914,2,7-4742199142
Russia,Russia,Ural-4320,captured,https://i.postimg.cc/8PkhtK90/4h.png,2022-03-19,4742,19915,2,7-4742199152
Russia,Russia,Ural-4320,captured,https://i.postimg.cc/dtPW0zsX/31.png,2022-03-26,4742,19927,2,7-4742199272
Russia,Russia,Ural-4320,captured,https://i.postimg.cc/mDnbcYkV/428.png,2022-03-26,4742,19928,2,7-4742199282
Russia,Russia,Ural-4320,captured,https://i.postimg.cc/RZ3JXWWs/43.png,2022-03-26,4742,19929,2,7-4742199292
Russia,Russia,Ural-4320,captured,https://i.postimg.cc/9MPX43LV/554f.png,2022-03-26,4742,19930,2,7-4742199302
Russia,Russia,Ural-4320,captured,https://i.postimg.cc/Xq2HXNbD/98.jpg,2022-03-27,4742,19931,2,7-4742199312
Russia,Russia,Ural-4320,captured,https://i.postimg.cc/wTsYttbY/d32.png,2022-03-28,4742,19933,2,7-4742199332
Russia,Russia,Ural-4320,captured,https://i.postimg.cc/JzCp4tkn/g80.png,2022-03-28,4742,19934,2,7-4742199342
Russia,Russia,Ural-4320,captured,https://i.postimg.cc/h49rZcwR/fd.png,2022-03-28,4742,18800,2,7-4742188002
Russia,Russia,Ural-4320,captured,https://i.postimg.cc/kM2QckdS/f4.png,2022-03-29,4742,19935,2,7-4742199352
Russia,Russia,Ural-4320,captured,https://i.postimg.cc/j5tvNFm9/665.jpg,2022-03-29,4742,19936,2,7-4742199362
Russia,Russia,Ural-4320,captured,https://i.postimg.cc/ydFtRxsy/d1.png,2022-03-29,4742,19937,2,7-4742199372
Russia,Russia,Ural-4320,captured,https://i.postimg.cc/QMJ8sWbG/n43.png,2022-03-29,4742,1301,2,7-474213012
Russia,Russia,Ural-4320,captured,https://i.postimg.cc/Fs9dYTXf/3331.png,2022-03-30,4742,19938,2,7-4742199382
Russia,Russia,Ural-4320,captured,https://i.postimg.cc/jdLY52gL/83.jpg,2022-04-01,4742,14840,2,7-4742148402
Russia,Russia,Ural-4320,captured,https://i.postimg.cc/4dKLRgKK/47777.jpg,2022-04-01,4742,19940,2,7-4742199402
Russia,Russia,Ural-4320,captured,https://i.postimg.cc/kGGtpJDZ/2dd.jpg,2022-04-01,4742,19941,2,7-4742199412
Russia,Russia,Ural-4320,captured,https://i.postimg.cc/QtzDC1Gd/3d2.jpg,2022-04-04,4742,19942,2,7-4742199422
Russia,Russia,Ural-4320,captured,https://i.postimg.cc/3xdpQc4z/68.jpg,2022-04-04,4742,19943,2,7-4742199432
Russia,Russia,Ural-4320,captured,https://i.postimg.cc/4d04PjhS/u1.png,2022-04-17,4742,19947,2,7-4742199472
Russia,Russia,Ural-4320,captured,https://i.postimg.cc/KYNghfZy/cc1.jpg,2022-04-21,4742,19948,2,7-4742199482
Russia,Russia,Ural-4320,captured,https://i.postimg.cc/hvHX130V/cc2.jpg,2022-04-21,4742,19949,2,7-4742199492
Russia,Russia,Ural-4320,captured,https://i.postimg.cc/bwKjNfwx/cc3.jpg,2022-04-21,4742,19950,2,7-4742199502
Russia,Russia,Ural-4320,captured,https://i.postimg.cc/0yhB1dJk/t6.jpg,2022-04-21,4742,14471,2,7-4742144712
Russia,Russia,Ural-4320,captured,https://i.postimg.cc/qR1HKMFG/573.png,2022-05-03,4742,19951,2,7-4742199512
Russia,Russia,Ural-4320,captured,https://i.postimg.cc/P5MHH4Mc/887.png,2022-05-03,4742,19952,2,7-4742199522
Russia,Russia,Ural-4320,captured,https://i.postimg.cc/tgL2M0xH/58.png,2022-05-03,4742,19953,2,7-4742199532
Russia,Russia,Ural-4320,captured,https://i.postimg.cc/1XtGFbF3/2d2.png,2022-05-10,4742,19954,2,7-4742199542
Russia,Russia,Ural-4320,captured,https://i.postimg.cc/7L9pJPK8/d5.jpg,2022-05-10,4742,19955,2,7-4742199552
Russia,Russia,Ural-4320,captured,https://i.postimg.cc/QCrpmd5R/3.png,2022-05-24,4742,20029,2,7-4742200292
Russia,Russia,Ural-4320,captured,https://i.postimg.cc/RFwtWx8G/Ural43200.png,2022-05-24,4742,20030,2,7-4742200302
Russia,Russia,Ural-4320,captured,https://i.postimg.cc/cHWH5g9M/uuu.png,2022-05-24,4742,20031,2,7-4742200312
Russia,Russia,Ural-4320,captured,https://i.postimg.cc/y6Q5Vyvb/uua.jpg,2022-05-24,4742,20032,2,7-4742200322
Russia,Russia,Ural-4320,captured,https://i.postimg.cc/W4TSmd5Z/uurral4320.png,2022-05-24,4742,20033,2,7-4742200332
Russia,Russia,Ural-4320,captured,https://i.postimg.cc/bJMBRzDj/uuuuuuuuu4al4320.jpg,2022-05-24,4742,20034,2,7-4742200342
Russia,Russia,Ural-4320,captured,https://i.postimg.cc/9fVdp3sL/truck.jpg,2022-05-26,4742,20035,2,7-4742200352
Russia,Russia,Ural-4320,captured,https://i.postimg.cc/FFkvLZYn/1016.jpg,2022-07-19,4742,20063,2,7-4742200632
Russia,Russia,Ural-4320,captured,https://i.postimg.cc/mDg4qsBP/1009-ural4320-capt-03-03-22.jpg,2023-10-12,4742,20074,2,7-4742200742
Russia,Russia,Ural-4320,captured,https://i.postimg.cc/vTwHCLDC/1002-Ural-4320-capt-30-11-22.jpg,2023-11-24,4742,20096,2,7-4742200962
Russia,Russia,Ural-4320,captured,https://i.postimg.cc/SRP5sm4Z/1037-Ural-4320-capt-15-09-22.jpg,2024-04-17,4742,20214,2,7-4742202142
Russia,Russia,Ural-4320,captured,https://i.postimg.cc/VNXB2LrS/1021-Ural-4320-capt-19-03-22.jpg,2024-07-15,4742,20295,2,7-4742202952
Russia,Russia,Ural-4320,captured,https://i.postimg.cc/W3KxPNLc/1039-Ural-4320-capt-23-03-22.jpg,2024-08-03,4742,20314,2,7-4742203142
Russia,Russia,Ural-4320,captured,https://i.postimg.cc/QCDLcSd5/1005-Ural-4320-capt-17-08-24.jpg,2024-08-22,4742,20338,2,7-4742203382
Russia,Russia,Ural-4320,captured,https://i.postimg.cc/13GDDvJL/1013-Ural-4320-capt-11-08-24.jpg,2024-08-25,4742,20340,2,7-4742203402
Russia,Russia,Ural-4320,captured,https://i.postimg.cc/MpRRbr49/1067-Ural-4320-capt-07-09-24.jpg,2024-09-09,4742,20347,2,7-4742203472
Russia,Russia,Ural-4320,captured,https://i.postimg.cc/3wd3h5yK/1169-Ural-4320-capt-16-10-24.jpg,2024-10-22,4742,20393,2,7-4742203932
Russia,Russia,Ural-4320 KET-L,captured,https://i.postimg.cc/SsQHDVNQ/5579.png,2022-03-19,4743,20411,2,7-4743204112
Russia,Russia,Ural-4320 KET-L recovery vehicle,captured,https://i.postimg.cc/Gtp7CJpC/1029-Ural-4320-KET-L-recovery-vehicle-capt-08-01-23.jpg,2023-01-10,4744,20413,2,7-4744204132
Russia,Russia,Ural-4320 KET-L recovery vehicle,captured,https://i.postimg.cc/PqdGQQbh/1031-KET-L-capt-22-02-23.jpg,2023-02-23,4744,20414,2,7-4744204142
Russia,Russia,Ural-4320 KT-L,captured,https://i.postimg.cc/qRxkVf5t/113.jpg,2022-03-26,4745,20415,2,7-4745204152
Russia,Russia,Ural-4320 KT-L,captured,https://i.postimg.cc/2yPmSYZz/678.jpg,2022-03-26,4745,20416,2,7-4745204162
Russia,Russia,Ural-4320 tanker,captured,https://i.postimg.cc/3wkmWdwx/6522.png,2022-04-04,4748,20421,2,7-4748204212
Russia,Russia,Ural-4320 tanker,captured,https://i.postimg.cc/xCDjT7J8/c13.jpg,2022-04-04,4748,20422,2,7-4748204222
Russia,Russia,Ural-4320 tanker,captured,https://i.postimg.cc/hvqznQ0z/urallll4320.png,2022-04-04,4748,20423,2,7-4748204232
Russia,Russia,Ural-4320 tanker,captured,https://i.postimg.cc/q7XLjZd4/546.jpg,2022-04-13,4748,20429,2,7-4748204292
Russia,Russia,Ural-4320 tanker,captured,https://i.postimg.cc/76TRn240/47.png,2022-04-17,4748,20430,2,7-4748204302
Russia,Russia,Ural-4320 tanker,captured,https://i.postimg.cc/25B4FSsj/d8.jpg,2022-05-01,4748,20433,2,7-4748204332
Russia,Russia,Ural-4320 tanker,captured,https://i.postimg.cc/kXSVs9jv/59.png,2022-05-01,4748,20434,2,7-4748204342
Russia,Russia,Ural-4320 tanker,captured,https://i.postimg.cc/XYVqPMqy/588.png,2022-05-01,4748,20435,2,7-4748204352
Russia,Russia,Ural-4320 tanker,captured,https://postimg.cc/jWGDT456,2022-05-06,4748,20439,2,7-4748204392
Russia,Russia,Ural-4320 tanker,captured,https://i.postimg.cc/wB5xXD9C/4fg.png,2022-05-06,4748,20440,2,7-4748204402
Russia,Russia,Ural-4320 tanker,captured,https://i.postimg.cc/tJgS3W4d/8.png,2022-05-10,4748,20446,2,7-4748204462
Russia,Russia,Ural-4320 with crane,captured,https://i.postimg.cc/tJgS3W4d/8.png,2022-05-10,4749,20446,2,7-4749204462
Russia,Russia,Ural-4320 with EOV-3521 excavator,captured,https://i.postimg.cc/bJd8DmK1/1016-Ural-4320-with-EOV-3521-excavator-capt-19-03-23.jpg,2023-03-22,4750,20449,2,7-4750204492
Russia,Russia,Ural-43206,captured,https://i.postimg.cc/pdjsnMg9/c1.png,2022-03-19,4753,20480,2,7-4753204802
Russia,Russia,Ural-43206,captured,https://i.postimg.cc/1tZJGYQv/c2.png,2022-03-19,4753,20481,2,7-4753204812
Russia,Russia,Ural-43206,captured,https://i.postimg.cc/4xTDmwy5/Screenshot-8474.png,2022-03-19,4753,20482,2,7-4753204822
Russia,Russia,Ural-43206,captured,https://i.postimg.cc/D0q051ZQ/g788.png,2022-03-19,4753,20483,2,7-4753204832
Russia,Russia,Ural-43206,captured,https://i.postimg.cc/vm6DrVLL/h79.jpg,2022-03-19,4753,20484,2,7-4753204842
Russia,Russia,Ural-43206,captured,https://i.postimg.cc/LsWQyqd4/g59.png,2022-03-19,4753,20485,2,7-4753204852
Russia,Russia,Ural-43206,captured,https://i.postimg.cc/9M7vtJW2/e12.png,2022-03-19,4753,20486,2,7-4753204862
Russia,Russia,Ural-43206,captured,https://i.postimg.cc/jdJ9qN6J/f4.png,2022-03-19,4753,20487,2,7-4753204872
Russia,Russia,Ural-43206,captured,https://i.postimg.cc/52Wv0qgD/43fhj.png,2022-03-19,4753,20488,2,7-4753204882
Russia,Russia,Ural-43206,captured,https://i.postimg.cc/yxcnKznt/d32.png,2022-03-28,4753,20490,2,7-4753204902
Russia,Russia,Ural-43206,captured,https://i.postimg.cc/90LzwR41/68.jpg,2022-04-06,4753,20497,2,7-4753204972
Russia,Russia,Ural-43206,captured,https://i.postimg.cc/v8WYBHcf/665.jpg,2022-04-06,4753,20498,2,7-4753204982
Russia,Russia,Ural-43206,captured,https://i.postimg.cc/vTfzhY3Y/u7.jpg,2022-04-20,4753,20504,2,7-4753205042
Russia,Russia,Ural-43206,captured,https://i.postimg.cc/g0MJ0bQM/q.jpg,2022-05-10,4753,20508,2,7-4753205082
Russia,Russia,Ural-43206,captured,https://i.postimg.cc/x8R5wFRn/44444.jpg,2022-05-27,4753,20448,2,7-4753204482
Russia,Russia,Ural-43206,captured,https://i.postimg.cc/yYj8Bk3k/1022-Ural-43206.png,2022-07-03,4753,20510,2,7-4753205102
Russia,Russia,Ural-5323,captured,https://i.postimg.cc/tJKfr2qn/Ural88.png,2022-04-04,4754,20516,2,7-4754205162
Russia,Russia,Ural-5323,captured,https://i.postimg.cc/cL0TQby9/2vl-TLGn-jpg-medium.jpg,2022-06-10,4754,20517,2,7-4754205172
Russia,Russia,Ural-5323,captured,https://i.postimg.cc/FF0MdKkj/1013-Ural-53236-capt-15-01-23.jpg,2023-01-18,4754,20519,2,7-4754205192
Russia,Russia,Ural-542301 tank transporter,captured,https://postimg.cc/jLhDtfSK,2022-04-06,4755,20521,2,7-4755205212
Russia,Russia,Ural-63704-0010 Tornado-U,captured,https://i.postimg.cc/bYkDHVSd/f6.png,2022-03-27,4756,20523,2,7-4756205232
Russia,Russia,Ural-63704-0010 Tornado-U,captured,https://i.postimg.cc/BQgLTBWY/665.jpg,2022-04-04,4756,20524,2,7-4756205242
Russia,Russia,Ural Federal,captured,https://i.postimg.cc/kgyJBXRg/54.jpg,2022-04-10,4757,20532,2,7-4757205322
Russia,Russia,Ural Federal,captured,https://i.postimg.cc/8zRv7PLY/68.jpg,2022-05-03,4757,20534,2,7-4757205342
Russia,Russia,Ural Federal,captured,https://i.postimg.cc/yYDS2hQ2/8.png,2023-04-16,4757,20540,2,7-4757205402
Russia,Russia,Vityaz DT-30 articulated tracked carrier,captured,https://i.postimg.cc/wTZRmzx8/dt1.png,2022-04-10,4759,20547,2,7-4759205472
Russia,Russia,Vityaz DT-30 articulated tracked carrier,captured,https://i.postimg.cc/fLbGschs/46.png,2022-04-10,4759,20548,2,7-4759205482
Russia,Russia,Vityaz DT-30 articulated tracked carrier,captured,https://i.postimg.cc/xd6QYt7M/1037-D-30-Vityaz-dam-capt-03-04-23.jpg,2023-04-05,4759,20549,2,7-4759205492
Russia,Russia,ZALA 421-16Е,captured,https://i.postimg.cc/JzCSPxYg/1008-ZALA-421-16-reconnaissance-UAV-capt-20-04-23.jpg,2023-07-24,4760,20555,2,7-4760205552
Russia,Russia,ZALA 421-16Е,captured,https://i.postimg.cc/nVN58JcJ/1002-zala-uav-capt-17-08-23.jpg,2023-08-21,4760,20558,2,7-4760205582
Russia,Russia,ZALA 421-16Е,captured,https://i.postimg.cc/qvSpzmS9/52.png,2023-09-22,4760,20563,2,7-4760205632
Russia,Russia,ZALA 421-16Е,captured,https://i.postimg.cc/5yJb6Js3/1012-ZALA-421-16-reconnaissance-UAV-capt-24-02-24.jpg,2024-02-29,4760,20573,2,7-4760205732
Russia,Russia,ZALA 421-16Е,captured,https://i.postimg.cc/zvjTM7Kp/2007-ZALA-421-16-capt-10-03-24.jpg,2024-04-08,4760,20575,2,7-4760205752
Russia,Russia,ZALA 421-16Е2,captured,https://i.postimg.cc/SQdwFL0v/7769.png,2023-04-10,4761,20583,2,7-4761205832
Russia,Russia,ZALA 421-16Е2,captured,https://i.postimg.cc/3xVBQQcg/555g.png,2023-04-17,4761,20585,2,7-4761205852
Russia,Russia,ZALA 421-16Е2,captured,https://i.postimg.cc/zXxjVkzK/1016-ZALA-421-16-2-reconnaissance-UAV-capt-18-05-23.jpg,2023-05-23,4761,20589,2,7-4761205892
Russia,Russia,ZALA 421-16Е2,captured,https://i.postimg.cc/fywcbV18/1044-ZALA-421-16-E2-reconnaissance-UAV-capt-10-05-23.png,2023-05-23,4761,20590,2,7-4761205902
Russia,Russia,ZALA 421-16Е2,captured,https://i.postimg.cc/DzRKPhZn/1021-ZALA-421-16-2-capt-30-11-22.jpg,2023-06-28,4761,20593,2,7-4761205932
Russia,Russia,ZALA 421-16Е2,captured,https://i.postimg.cc/ZnLnB0Fw/1029-ZALA-421-16-E2-capt-30-06-23.jpg,2023-07-04,4761,20595,2,7-4761205952
Russia,Russia,ZALA 421-16Е2 reconnaissance UAV,captured,https://i.postimg.cc/XqR7yK79/8744.jpg,2022-05-03,4762,20597,2,7-4762205972
Russia,Russia,ZALA 421-16Е2 reconnaissance UAV,captured,https://i.postimg.cc/mZM31swq/1006.jpg,2022-07-25,4762,20600,2,7-4762206002
Russia,Russia,ZALA 421-16Е2 reconnaissance UAV,captured,https://twitter.com/UAWeapons/status/1565999784208498689,2022-09-04,4762,20601,2,7-4762206012
Russia,Soviet Union,ZiL-131,captured,https://i.postimg.cc/cCWTD2S8/54.jpg,2022-04-01,4764,20615,2,7-4764206152
Russia,Soviet Union,ZSU-23-4 'Shilka',captured,https://i.postimg.cc/qBFHTdhw/767.jpg,2022-03-31,4765,20616,2,7-4765206162
Russia,Soviet Union,ZSU-23-4 'Shilka',captured,https://i.postimg.cc/pTWpqJSL/898.jpg,2022-04-01,4765,20617,2,7-4765206172
Russia,Soviet Union,ZSU-23-4 'Shilka',captured,https://i.postimg.cc/Y0chPZXk/43.jpg,2022-04-04,4765,20618,2,7-4765206182
Russia,Soviet Union,ZSU-23-4 'Shilka',captured,https://i.postimg.cc/02wr2sCz/d9.png,2022-04-10,4765,20619,2,7-4765206192
Ukraine,Soviet Union,1 2K22M Tunguska-M,captured,https://i.postimg.cc/3rZ3ZF4j/2126-2-S6-M-for-2-K22-M-Tunguska-M-capt-02-06-22.jpg,2022-12-05,4795,20656,2,380-4795206562
Ukraine,United States,1 AeroVironment Quantix Recon UAV,captured,https://i.postimg.cc/nrBc0m5V/2007-Quantix-Recons-UAV-capt-29-04-23.jpg,2023-05-06,4803,20664,2,380-4803206642
Ukraine,United States,1 AeroVironment RQ-20 Puma UAV,captured,https://i.postimg.cc/J4PQnTF6/2002-RQ-20-Puma-capt.jpg,2022-12-15,4804,20665,2,380-4804206652
Ukraine,Soviet Union,1 ARS-14 decontamination and degassing vehicle,captured,https://i.postimg.cc/76svFsgn/2012-ARS-14-capt-17-04-22.jpg,2023-01-12,4811,20672,2,380-4811206722
Ukraine,Turkey,1 Bayraktar Mini,captured,https://i.postimg.cc/gjM4pq7C/2005-Bayraktar-Mini-capt-31-01-23.jpg,2023-02-05,4818,20679,2,380-4818206792
Ukraine,Ukraine,1 BMPT Azovets,captured,https://i.postimg.cc/mhfHLv8w/2020-BMPT-Azovets-capt-04-04-24.jpg,2024-04-08,4823,20684,2,380-4823206842
Ukraine,United Kingdom,1 Coyote tactical support vehicle,captured,https://i.postimg.cc/2jQnGTjL/2010-Coyote-tactical-support-vehicle-capt-18-03-24.jpg,2024-04-08,4832,20694,2,380-4832206942
Ukraine,Sweden,1 CV9040C,captured,https://twitter.com/UAWeapons/status/1685304986387853313,2023-07-31,4833,20696,2,380-4833206962
Ukraine,United Kingdom,1 FV104 Samaritan,captured,https://i.postimg.cc/Vk1CXcXb/2003-FV104-Samaritan-capt-12-05-24.jpg,2024-05-18,4842,20705,2,380-4842207052
Ukraine,Ukraine,1 ITEC Skif reconnaissance UAV,captured,https://twitter.com/UAWeapons/status/1598430645860048925,2022-12-05,4852,20716,2,380-4852207162
Ukraine,Soviet Union,1 KamAZ,captured,https://i.postimg.cc/JzhDxCJz/2012-kamaz-tanker-capt-16-04-22.jpg,2023-01-10,4857,20721,2,380-4857207212
Ukraine,Ukraine,1 Kozak-5,captured,https://twitter.com/UAWeapons/status/1547991723946610690,2022-07-17,4860,20724,2,380-4860207242
Ukraine,Soviet Union,1 KrAZ-6322 Master mobile workshop,captured,https://i.postimg.cc/zBnh7shQ/2008-Kr-AZ-6322-Master-mobile-workshop-capt-17-07-22.jpg,2023-02-12,4864,20728,2,380-4864207282
Ukraine,Australia,1 M113AS4,captured,https://twitter.com/UAWeapons/status/1625194061375086592,2023-02-15,4883,20747,2,380-4883207472
Ukraine,United Kingdom,1 Malloy Aeronautics T150 cargo UAV,captured,https://i.postimg.cc/ZnR7mS1s/5428.png,2022-10-13,4892,20756,2,380-4892207562
Ukraine,Soviet Union,1 Mobile field bathhouse based on MAZ-6317 chassis,captured,https://i.postimg.cc/NMBk2XZX/2006-Mobile-field-bathhouse-based-on-MAZ-6317-chassis-capt-10-07-22.jpg,2024-04-08,4907,20771,2,380-4907207712
Ukraine,Soviet Union,1 P-37 'Mech' early warning radar,captured,https://i.postimg.cc/Prswr5Nc/2006-P-37-Mech-early-warning-radar-capt-28-02-22.jpg,2024-02-12,4920,20785,2,380-4920207852
Ukraine,United Arab Emirates,1 Panthera T6,captured,https://twitter.com/UAWeapons/status/1632347517433135106,2023-03-07,4921,20786,2,380-4921207862
Ukraine,Ukraine,1 PD-1 multipurpose UAV,captured,https://twitter.com/UAWeapons/status/1572329524532072451,2022-09-22,4922,20787,2,380-4922207872
Ukraine,Latvia,1 Penguin C reconnaissance UAV,captured,https://i.postimg.cc/ZKCQ6BwT/355.png,2022-08-17,4923,20788,2,380-4923207882
Ukraine,Ukraine,1 Project 1462 hydrographic boat,captured,https://i.postimg.cc/vTJJjs57/2022-Dmytro-Chubar-project-1462-capt-15-03-22.jpg,2024-04-08,4930,20795,2,380-4930207952
Ukraine,United States,1 ScanEagle 2,captured,https://postimg.cc/1g80jZkS,2023-06-15,4952,20818,2,380-4952208182
Ukraine,Ukraine,1 Shark UAV,captured,https://i.postimg.cc/nVd8VWCg/35.png,2023-01-06,4953,20819,2,380-4953208192
Ukraine,Soviet Union,1 UMP-350 engine heater,captured,https://twitter.com/UAWeapons/status/1552699442482094083,2022-07-30,4966,20834,2,380-4966208342
Ukraine,Ukraine,1 UMS 600 patrol boat,captured,https://i.postimg.cc/zvNg5LQJ/2011-UMS-600-patrol-boat-capt-04-05-22.jpg,2023-01-10,4967,20835,2,380-4967208352
Ukraine,Ukraine,1 Unknown pickup truck,captured,https://i.postimg.cc/zvKMKtZ3/2005.jpg,2022-07-21,4975,20844,2,380-4975208442
Ukraine,Netherlands,1 YPR-765,captured,https://twitter.com/UAWeapons/status/1565775815102840832,2022-09-03,4988,20858,2,380-4988208582
Ukraine,Soviet Union,1 ZiL-4331,captured,https://i.postimg.cc/jdwPsc1f/1012.jpg,2022-06-26,4991,20861,2,380-4991208612
Ukraine,Soviet Union,10 100mm MT-12 anti-tank gun,captured,https://i.postimg.cc/65mdSZ6K/44g.png,2022-10-17,227,20862,2,380-227208622
Ukraine,United Kingdom,10 AT105A Saxon,captured,https://i.postimg.cc/9F1QhjhH/2003-Saxon.jpg,2022-07-29,4993,20865,2,380-4993208652
Ukraine,Ukraine,10 Cougar H,captured,https://i.postimg.cc/Hs879QYK/2100-Cougar-H-capt-14-09-24.jpg,2024-09-19,4995,20869,2,380-4995208692
Ukraine,Ukraine,10 MT-LB-S Ambulance,captured,https://twitter.com/UAWeapons/status/1583805930461794306,2022-10-24,5001,20878,2,380-5001208782
Ukraine,United States,10 Unknown HMMWV variant,captured,https://i.postimg.cc/gjM2gw5F/2000-hmmwv-capt-27-02-24.jpg,2024-03-02,5003,20882,2,380-5003208822
Ukraine,Ukraine,100 Leleka-100,captured,https://i.postimg.cc/d1wQ3QYQ/2021-Leleka-100-reconnaissance-UAV-capt-14-09-24.jpg,2024-09-19,5007,20889,2,380-5007208892
Ukraine,Ukraine,100 T-64BV Zr. 2017,captured,https://i.postimg.cc/mDTLTtpH/2012-T64-BV-Zr2017-dam-capt-04-05-24.jpg,2024-05-09,5009,20892,2,380-5009208922
Ukraine,Soviet Union,100mm BS-3 anti-tank gun,captured,https://i.postimg.cc/521HLsPL/b18.png,2022-05-29,5011,20895,2,380-5011208952
Ukraine,Soviet Union,100mm BS-3 anti-tank gun,captured,https://i.postimg.cc/GmqpYdTn/b19.png,2022-05-29,5011,20896,2,380-5011208962
Ukraine,Soviet Union,100mm MT-12 anti-tank gun,captured,https://i.postimg.cc/rwkdKVj0/g5d.png,2022-03-19,283,20899,2,380-283208992
Ukraine,Soviet Union,100mm MT-12 anti-tank gun,captured,https://i.postimg.cc/kX1Fgtzm/542f.png,2022-03-19,283,20900,2,380-283209002
Ukraine,Soviet Union,100mm MT-12 anti-tank gun,captured,https://i.postimg.cc/ZqBJT7JB/43.png,2022-06-04,283,20901,2,380-283209012
Ukraine,United States,102 M113,captured,https://i.postimg.cc/d1XmDh9t/2012-M113-A3-capt-24-04-24.jpg,2024-04-27,5018,20912,2,380-5018209122
Ukraine,Soviet Union,103 BMP-2(K),captured,https://i.postimg.cc/ydSxt5W6/2009-bmp2-capt-07-06-22.jpg,2023-02-21,5020,20915,2,380-5020209152
Ukraine,Ukraine,103 BTR-4,captured,https://i.postimg.cc/kGvdkdGC/2028-BTR-4-E-Butsefal-capt-12-08-24.jpg,2024-08-15,5021,20922,2,380-5021209222
Ukraine,Ukraine,103 BTR-4,captured,https://i.postimg.cc/2ScCkmw8/2000-BTR-4-E-Butsefal-capt-12-08-24.jpg,2024-08-15,5021,20923,2,380-5021209232
Ukraine,Soviet Union,103 BTR-80,captured,https://i.postimg.cc/BvXQ6Ww1/2032-BTR-80-capt-30-11-22.jpg,2023-07-24,5022,20926,2,380-5022209262
Ukraine,Ukraine,103 T-64BV Zr. 2017,captured,https://i.postimg.cc/k4pqb7HF/2014-T-64-BV-Zr2017-capt-12-03-22.jpg,2024-05-31,5024,20929,2,380-5024209292
Ukraine,Ukraine,104 Leleka-100,captured,https://i.postimg.cc/WzDWFLt2/2004-Leleka-100-reconnaissance-UAV-capt-29-09-24.jpg,2024-10-22,5028,20939,2,380-5028209392
Ukraine,Ukraine,104 Leleka-100,captured,https://i.postimg.cc/k5nTNtDY/2096-Leleka-100-reconnaissance-UAV-capt-18-10-24.jpg,2024-10-22,5028,20940,2,380-5028209402
Ukraine,Ukraine,106 Leleka-100,captured,https://i.postimg.cc/s20QXKTy/2125-Leleka-100-reconnaissance-UAV-capt-21-10-24.jpg,2024-11-06,5041,20957,2,380-5041209572
Ukraine,Soviet Union,107 BTR-80,captured,https://i.postimg.cc/HnrNbgLK/653.png,2023-09-14,5045,20963,2,380-5045209632
Ukraine,Ukraine,107 T-64BV Zr. 2017,captured,https://i.postimg.cc/rwyCcMvM/2009-T-64-BV-Zr-2017-capt-28-04-22.jpg,2024-07-09,5049,20969,2,380-5049209692
Ukraine,United States,108 International M1224 MaxxPro,captured,https://i.postimg.cc/Px1jp8y0/2009-M1224-Maxx-Pro-capt-31-07-24.jpg,2024-08-09,5055,20979,2,380-5055209792
Ukraine,Soviet Union,109 GAZ-66,captured,https://i.postimg.cc/wBSHD9mX/2012-GAZ-66-capt-29-07-22.jpg,2023-11-10,5061,20986,2,380-5061209862
Ukraine,Ukraine,11 Cougar H,captured,https://i.postimg.cc/Sxsyjp5Y/2007-Cougar-H-dam-capt-10-10-24.jpg,2024-10-22,5069,20997,2,380-5069209972
Ukraine,Soviet Union,11 MT-LB,captured,https://twitter.com/UAWeapons/status/1545899373724422151,2022-07-12,5075,21006,2,380-5075210062
Ukraine,Ukraine,113 T-64BV Zr. 2017,captured,https://i.postimg.cc/9fwj7C5h/2000-T-64-BV-Zr-2017-capt-31-03-22.jpg,2024-11-14,5097,21040,2,380-5097210402
Ukraine,United States,116 International M1224 MaxxPro,captured,https://i.postimg.cc/28ZT0cNq/2034-M1224-Maxx-Pro-capt-06-09-24.jpg,2024-09-09,5102,21056,2,380-5102210562
Ukraine,Soviet Union,119 BMP-2(K),captured,https://i.postimg.cc/K86stgL0/444.png,2023-04-08,5111,21073,2,380-5111210732
Ukraine,Soviet Union,12 100mm MT-12 anti-tank gun,captured,https://postimg.cc/QKxW9nT1,2022-10-18,5115,21081,2,380-5115210812
Ukraine,United Kingdom,12 AT105A Saxon,captured,https://i.postimg.cc/JhV5pWqf/2001-saxon-capt-10-07-22.jpg,2023-11-27,5119,21085,2,380-5119210852
Ukraine,Soviet Union,12 BRM-1K reconnaissance vehicle,captured,https://i.postimg.cc/NfT6jcpW/98.png,2022-08-08,587,21086,2,380-587210862
Ukraine,Soviet Union,12 BRM-1K reconnaissance vehicle,captured,https://i.postimg.cc/3xTgycqW/f1.png,2022-08-08,587,21087,2,380-587210872
Ukraine,Ukraine,12 MT-LB-S Ambulance,captured,https://i.postimg.cc/BQdcF64c/3267.png,2022-10-27,5126,21099,2,380-5126210992
Ukraine,Ukraine,120mm BTR-3M2,captured,https://i.postimg.cc/kgRrVZzb/41.png,2022-03-26,5137,21126,2,380-5137211262
Ukraine,Ukraine,120mm BTR-3M2,captured,https://i.postimg.cc/8z2b2q6g/44311.png,2022-05-28,5137,21127,2,380-5137211272
Ukraine,Soviet Union,122mm 2S1 Gvozdika,captured,https://i.postimg.cc/x1nDQ4cP/Screenshot-8055.png,2022-03-19,650,21142,2,380-650211422
Ukraine,Soviet Union,122mm 2S1 Gvozdika,captured,https://postimg.cc/dh3pzgQm,2022-03-19,650,21143,2,380-650211432
Ukraine,Soviet Union,122mm 2S1 Gvozdika,captured,https://i.postimg.cc/v80csqYp/f67.png,2022-03-19,650,21144,2,380-650211442
Ukraine,Soviet Union,122mm 2S1 Gvozdika,captured,https://i.postimg.cc/GhwNcjPX/4135.png,2022-03-19,650,21145,2,380-650211452
Ukraine,Soviet Union,122mm 2S1 Gvozdika,captured,https://i.postimg.cc/Pry1GzXj/49.png,2022-04-19,650,21148,2,380-650211482
Ukraine,Soviet Union,122mm 2S1 Gvozdika,captured,https://i.postimg.cc/dVSd3sZN/d6.png,2022-04-19,650,21149,2,380-650211492
Ukraine,Soviet Union,122mm 2S1 Gvozdika,captured,https://i.postimg.cc/nrk0d0M0/55.png,2022-04-25,650,21150,2,380-650211502
Ukraine,Soviet Union,122mm 2S1 Gvozdika,captured,https://i.postimg.cc/L6z1LJRS/578.png,2022-05-03,650,21151,2,380-650211512
Ukraine,Soviet Union,122mm 2S1 Gvozdika,captured,https://i.postimg.cc/rFmzzNcR/Screenshot-9591.png,2022-05-05,650,21152,2,380-650211522
Ukraine,Soviet Union,122mm 2S1 Gvozdika,captured,https://i.postimg.cc/VLVvt0LG/Screenshot-9592.png,2022-05-05,650,21153,2,380-650211532
Ukraine,Soviet Union,122mm 2S1 Gvozdika,captured,https://i.postimg.cc/Hk8x9Wrp/Screenshot-9593.png,2022-05-05,650,21154,2,380-650211542
Ukraine,Soviet Union,122mm 2S1 Gvozdika,captured,https://postimg.cc/PPLMd7mP,2022-05-30,650,21155,2,380-650211552
Ukraine,Soviet Union,122mm 2S1 Gvozdika,captured,https://twitter.com/UAWeapons/status/1545899351167352832,2022-07-12,650,21158,2,380-650211582
Ukraine,Soviet Union,122mm 2S1 Gvozdika,captured,https://i.postimg.cc/85JgL5K8/b6p.png,2022-10-17,650,21166,2,380-650211662
Ukraine,Soviet Union,122mm 2S1 Gvozdika,captured,https://i.postimg.cc/WpYJ2frh/v89.png,2022-10-17,650,21167,2,380-650211672
Ukraine,Soviet Union,122mm 2S1 Gvozdika,captured,https://i.postimg.cc/T2ggwJZ3/2017-2s1-capt-01-02-23.jpg,2023-02-13,650,21179,2,380-650211792
Ukraine,Soviet Union,122mm BM-21 'Grad',captured,https://i.postimg.cc/zfxRt8ny/m1.png,2022-03-26,652,21202,2,380-652212022
Ukraine,Soviet Union,122mm BM-21 'Grad',captured,https://i.postimg.cc/3rnRpYg6/5hj.png,2022-03-26,652,21203,2,380-652212032
Ukraine,Soviet Union,122mm BM-21 Grad,captured,https://twitter.com/UAWeapons/status/1545899367013531650,2022-07-12,653,21215,2,380-653212152
Ukraine,Soviet Union,122mm BM-21 Grad,captured,https://i.postimg.cc/3x5Tv6cL/b9.png,2022-10-17,653,21219,2,380-653212192
Ukraine,Soviet Union,122mm BM-21 Grad,captured,https://i.postimg.cc/yYq1mkJX/c4.png,2022-10-17,653,21220,2,380-653212202
Ukraine,Soviet Union,122mm BM-21 Grad,captured,https://i.postimg.cc/j5LNn9m0/2010-bm21-capt-24-02-22.jpg,2023-03-07,653,21230,2,380-653212302
Ukraine,Soviet Union,122mm BM-21 Grad,captured,https://i.postimg.cc/Yqsk5MpZ/2010-bm21-capt-24-02-22.jpg,2023-03-08,653,21231,2,380-653212312
Ukraine,Soviet Union,122mm D-30 howitzer,captured,https://i.postimg.cc/qRFHDJzm/653.png,2022-05-21,654,21263,2,380-654212632
Ukraine,United States,123 International M1224 MaxxPro,captured,https://i.postimg.cc/gjjMHRWM/2026-M1224-Maxx-Pro-dam-capt-16-09-24.jpg,2024-09-19,5146,21268,2,380-5146212682
Ukraine,United States,123 International M1224 MaxxPro,captured,https://i.postimg.cc/ydvQRjwg/2020-M1224-Maxx-Pro-capt-17-09-24.jpg,2024-09-19,5146,21269,2,380-5146212692
Ukraine,Soviet Union,124 BMP-2(K),captured,https://i.postimg.cc/QxmfVy4m/2002-bmp2-capt-30-04-23.jpg,2023-05-06,5149,21276,2,380-5149212762
Ukraine,United States,127 International M1224 MaxxPro,captured,https://i.postimg.cc/Sss0r3Cd/2000-International-M1224-Maxx-Pro-capt-25-09-24.jpg,2024-09-29,5159,21289,2,380-5159212892
Ukraine,Soviet Union,127T-64BV,captured,https://i.postimg.cc/5yBFw81P/44fs.png,2022-05-28,5161,21291,2,380-5161212912
Ukraine,Soviet Union,127T-64BV,captured,https://i.postimg.cc/76xvHkhf/f467.png,2022-05-28,5161,21292,2,380-5161212922
Ukraine,United Kingdom,13 AT105A Saxon,captured,https://postimg.cc/HJbDcNSj,2022-10-18,5171,21310,2,380-5171213102
Ukraine,United Kingdom,13 AT105A Saxon,captured,https://postimg.cc/bGZ1468Y,2022-10-18,5171,21311,2,380-5171213112
Ukraine,United Kingdom,13 AT105A Saxon,captured,https://i.postimg.cc/d0GNMHj0/8j.png,2023-04-16,5171,21312,2,380-5171213122
Ukraine,Soviet Union,13 KrAZ-255 (for PMP floating bridge system),captured,https://i.postimg.cc/jSZZZR0M/2013-Kr-AZ-255-for-PMP-floating-bridge-system-capt-07-07-22.jpg,2024-01-23,5174,21330,2,380-5174213302
Ukraine,Soviet Union,13 KrAZ-255 (for PMP floating bridge system),captured,https://i.postimg.cc/nLrTWNnp/2014-Kr-AZ-255-for-PMP-floating-bridge-system-capt-10-07-22.jpg,2024-01-23,5174,21331,2,380-5174213312
Ukraine,Ukraine,13 MT-LB-S Ambulance,captured,https://twitter.com/UAWeapons/status/1591539529852538880,2022-11-13,5179,21336,2,380-5179213362
Ukraine,Soviet Union,136 GAZ-66,captured,https://i.postimg.cc/LsnQxzpz/2022-GAZ-66-capt-01-05-24.jpg,2024-05-04,5202,21371,2,380-5202213712
Ukraine,Soviet Union,144 GAZ-66,captured,https://i.postimg.cc/nzXbQ1rM/2024-GAZ-66-capt-05-06-24.jpg,2024-06-12,5234,21421,2,380-5234214212
Ukraine,United States,145 M113,captured,https://i.postimg.cc/ryDz7mQx/2009-M113-A3-capt-17-09-24.jpg,2024-09-19,5236,21425,2,380-5236214252
Ukraine,United States,145 M113,captured,https://i.postimg.cc/QCKLmvgK/2034-M113-A3-capt-17-09-24.jpg,2024-09-19,5236,21426,2,380-5236214262
Ukraine,United States,146 International M1224 MaxxPro,captured,https://i.postimg.cc/XNmpKYMW/2001-M1224-Maxx-Pro-capt-10-10-24.jpg,2024-10-22,5239,21445,2,380-5239214452
Ukraine,United States,146 International M1224 MaxxPro,captured,https://i.postimg.cc/YCw0VDqy/2003-M1224-Maxx-Pro-dam-capt-10-10-24.jpg,2024-10-22,5239,21446,2,380-5239214462
Ukraine,United States,146 International M1224 MaxxPro,captured,https://i.postimg.cc/x8zjpLr2/2059-M1224-Maxx-Pro-capt-19-10-24.jpg,2024-10-22,5239,21447,2,380-5239214472
Ukraine,United States,146 International M1224 MaxxPro,captured,https://i.postimg.cc/L8bz5yGT/2110-M1224-Maxx-Pro-capt-21-10-24.jpg,2024-10-22,5239,21448,2,380-5239214482
Ukraine,United States,148 M113,captured,https://i.postimg.cc/wvj9WkMS/2023-M113-A3-capt-20-09-24.jpg,2024-09-23,5244,21456,2,380-5244214562
Ukraine,United Kingdom,15 AT105A Saxon,captured,https://i.postimg.cc/SN7YC9qH/2100-AT105-A-Saxon-capt-24-04-22.jpg,2022-12-05,5249,21469,2,380-5249214692
Ukraine,United Kingdom,15 Mastiff Protected Patrol,captured,https://i.postimg.cc/gjLkrmSz/2031-mastiff-capt-12-06-23.jpg,2023-06-15,5253,21476,2,380-5253214762
Ukraine,Canada,15 Roshel Senator,captured,https://i.postimg.cc/K8Z4P8zt/2012-Roshel-Senator-MRAP-capt-26-05-24.jpg,2024-05-31,5257,21484,2,380-5257214842
Ukraine,Soviet Union,152mm 2A36 Giatsint-B field-gun,captured,https://twitter.com/UAWeapons/status/1545899351167352832,2022-07-12,1043,21158,2,380-1043211582
Ukraine,Soviet Union,152mm 2A65 Msta-B howitzer,captured,https://i.postimg.cc/3Jq4jMxs/48.png,2022-04-16,1044,21517,2,380-1044215172
Ukraine,Soviet Union,152mm 2S3 Akatsiya,captured,https://postlmg.cc/56yhT3pX,2022-03-26,1046,21527,2,380-1046215272
Ukraine,Soviet Union,152mm 2S3 Akatsiya,captured,https://i.postimg.cc/5N7Np35V/4j.png,2022-04-13,1046,21528,2,380-1046215282
Ukraine,Soviet Union,152mm 2S3 Akatsiya,captured,https://twitter.com/UAWeapons/status/1519333255035686913,2022-05-01,1046,21529,2,380-1046215292
Ukraine,Soviet Union,152mm 2S3 Akatsiya,captured,https://postimg.cc/w7CDm5d7,2022-10-17,1046,21536,2,380-1046215362
Ukraine,Soviet Union,152mm 2S3 Akatsiya,captured,https://i.postimg.cc/FRFT3nD2/zs.png,2022-10-17,1046,21537,2,380-1046215372
Ukraine,Soviet Union,152mm 2S3 Akatsiya,captured,https://i.postimg.cc/tgGqqF21/bf.png,2022-10-17,1046,21538,2,380-1046215382
Ukraine,Soviet Union,152mm 2S3 Akatsiya,captured,https://i.postimg.cc/CxTDs7yx/3336.png,2022-10-17,1046,21539,2,380-1046215392
Ukraine,Soviet Union,152mm 2S3 Akatsiya,captured,https://i.postimg.cc/zXnwM6Fg/a34.png,2022-10-17,1046,21540,2,380-1046215402
Ukraine,Soviet Union,152mm 2S3 Akatsiya,captured,https://i.postimg.cc/cCDyGTwV/2137-152mm-2-S3-M-Akatsiya-capt-25-04-22.jpg,2022-12-05,1046,21544,2,380-1046215442
Ukraine,Soviet Union,152mm 2S3 Akatsiya,captured,https://i.postimg.cc/hPjR1Wqg/2138-152mm-2-S3-M-Akatsiya-capt-25-04-22.jpg,2022-12-05,1046,21545,2,380-1046215452
Ukraine,Soviet Union,152mm 2S3 Akatsiya,captured,https://i.postimg.cc/3Nx9KNtf/478j.png,2023-04-01,1046,21555,2,380-1046215552
Ukraine,Soviet Union,152mm 2S5 Giatsint-S,captured,https://i.postimg.cc/K857Hbg3/4f5.png,2022-03-26,5269,21585,2,380-5269215852
Ukraine,Soviet Union,152mm 2S5 Giatsint-S,captured,https://i.postimg.cc/FFqgXfGL/6689.png,2022-10-17,5269,21586,2,380-5269215862
Ukraine,Soviet Union,152mm 2S5 Giatsint-S,captured,https://i.postimg.cc/L5ZP8TvZ/67.png,2022-10-17,5269,21587,2,380-5269215872
Ukraine,Soviet Union,152mm 2S5 Giatsint-S,captured,https://i.postimg.cc/9fD1YYCt/2001-2s5-capt.png,2022-11-03,5269,21588,2,380-5269215882
Ukraine,Soviet Union,152mm D-20 gun-howitzer,captured,https://i.postimg.cc/CKRW7TVy/334.png,2022-05-28,1049,21589,2,380-1049215892
Ukraine,Soviet Union,152mm D-20 gun-howitzer,captured,https://i.postimg.cc/WbSVYSNM/b18.png,2022-05-29,1049,21590,2,380-1049215902
Ukraine,Soviet Union,16 100mm MT-12 anti-tank gun,captured,https://i.postimg.cc/2SgY5HMY/2131-100mm-MT-12-anti-tank-gun-capt-24-03-22.jpg,2022-12-05,1112,21796,2,380-1112217962
Ukraine,Soviet Union,16 100mm MT-12 anti-tank gun,captured,https://i.postimg.cc/VkJ1my74/2132-100mm-MT-12-anti-tank-gun-capt-24-03-22.jpg,2022-12-05,1112,21797,2,380-1112217972
Ukraine,Soviet Union,16 100mm MT-12 anti-tank gun,captured,https://i.postimg.cc/DzsT4r3X/2133-100mm-MT-12-anti-tank-gun-capt-13-04-22.jpg,2022-12-05,1112,21798,2,380-1112217982
Ukraine,Soviet Union,16 100mm MT-12 anti-tank gun,captured,https://i.postimg.cc/bJhjxZqF/2134-100mm-MT-12-anti-tank-gun-capt-03-07-22.jpg,2022-12-05,1112,21799,2,380-1112217992
Ukraine,United Kingdom,16 AT105A Saxon,captured,https://i.postimg.cc/T2CzjmpM/2000-saxon-capt-22-01-23.jpg,2023-01-24,5293,21803,2,380-5293218032
Ukraine,United States,16 M113,captured,https://i.postimg.cc/Y2b5L09m/2001-M113-capt-02-01-23.jpg,2023-01-04,5295,21805,2,380-5295218052
Ukraine,United States,16 M113,captured,https://i.postimg.cc/44p9GRYP/2000-m113-capt-08-03-23.jpg,2023-03-09,5295,21806,2,380-5295218062
Ukraine,United States,16 M1A1 SA Abrams,captured,https://i.postimg.cc/mg8X4J0N/2100-M1-A1-SA-Abrams-dam-capt-16-09-24.jpg,2024-10-09,5296,21810,2,380-5296218102
Ukraine,Ukraine,16 MT-LB-S Ambulance,captured,https://i.postimg.cc/mrFBYPDh/2003-mtlbs-capt-22-02-23.jpg,2023-02-27,5300,21815,2,380-5300218152
Ukraine,Canada,16 Roshel Senator IMV,captured,https://i.postimg.cc/76Bt9cML/2017-Roshel-Senator-APC-capt-23-09-24.jpg,2024-09-26,5302,21817,2,380-5302218172
Ukraine,United States,164 M113,captured,https://i.postimg.cc/brMYxC49/2008-M113-A3-capr-10-10-24.jpg,2024-10-22,5311,21842,2,380-5311218422
Ukraine,Soviet Union,17 KrAZ-255B,captured,https://i.postimg.cc/5tf3zRcG/225.png,2023-09-20,5319,21854,2,380-5319218542
Ukraine,United States,172 M113,captured,https://i.postimg.cc/L5QcbM71/2021-M113-A3-dam-capt-23-10-24.jpg,2024-11-06,5329,21879,2,380-5329218792
Ukraine,United States,18 M113,captured,https://i.postimg.cc/kXW4gZCd/55411.png,2023-04-02,5338,21897,2,380-5338218972
Ukraine,Soviet Union,19 MT-LB,captured,https://i.postimg.cc/0QJr82C2/9i.png,2022-10-17,5351,21930,2,380-5351219302
Ukraine,Soviet Union,192 BMP-2(K),captured,https://i.postimg.cc/1tWJxSLD/2016-bmp2-dam-capt-05-10-23.jpg,2024-01-09,5360,21948,2,380-5360219482
Ukraine,Soviet Union,197 BMP-2(K),captured,https://i.postimg.cc/Ght26kzH/2008-bmp2-dam-capt-21-02-24.jpg,2024-02-23,5363,21956,2,380-5363219562
Ukraine,Soviet Union,1L22 'Parol',captured,https://i.postimg.cc/jqHGyDrQ/390.png,2022-05-03,5365,21961,2,380-5365219612
Ukraine,Soviet Union,1L22 'Parol',captured,https://i.postimg.cc/sXxMypFn/2009-1-L22-Parol-ground-based-IFF-interrogator-capt-10-03-22.jpg,2024-04-08,5365,21963,2,380-5365219632
Ukraine,Soviet Union,1V14 battery command and forward observer vehicle,captured,https://i.postimg.cc/MHmbxn3Q/437.png,2022-04-14,1489,21965,2,380-1489219652
Ukraine,Soviet Union,1V15 battery command and forward observer vehicle,captured,https://i.postimg.cc/B6Ntjgtc/77k.jpg,2022-04-20,5367,21972,2,380-5367219722
Ukraine,Soviet Union,1V15 battery command and forward observer vehicle,captured,https://i.postimg.cc/wxQgbDjF/5y6.png,2022-10-17,5367,21973,2,380-5367219732
Ukraine,Soviet Union,1V18 'Klyon-1' artillery command and forward observer vehicle,captured,https://i.postimg.cc/15Tv1zdz/c24.png,2022-03-19,5368,21974,2,380-5368219742
Ukraine,Soviet Union,1V18 'Klyon-1' artillery command and forward observer vehicle,captured,https://i.postimg.cc/rpVBPfZt/430.png,2022-05-14,5368,21975,2,380-5368219752
Ukraine,Soviet Union,1V18 'Klyon-1' artillery command and forward observer vehicle,captured,https://i.postimg.cc/y8HfMD6P/770.png,2022-10-17,5368,21976,2,380-5368219762
Ukraine,Soviet Union,1V18 'Klyon-1' artillery command and forward observer vehicle,captured,https://i.postimg.cc/vHGv8Rfr/3558.png,2022-10-17,5368,21977,2,380-5368219772
Ukraine,Soviet Union,1V18 'Klyon-1' artillery command and forward observer vehicle,captured,https://i.postimg.cc/dQW77Mc8/ft5.png,2022-10-17,5368,21978,2,380-5368219782
Ukraine,Soviet Union,1V18 'Klyon-1' artillery command and forward observer vehicle,captured,https://i.postimg.cc/SKptzcQB/f43.png,2022-10-17,5368,21979,2,380-5368219792
Ukraine,Soviet Union,1V18 'Klyon-1' artillery command and forward observer vehicle,captured,https://i.postimg.cc/NjFGF206/2124-1-V18-Klyon-1-artillery-command-and-forward-observer-vehicle-capt-04-04-22.jpg,2022-12-05,5368,21980,2,380-5368219802
Ukraine,Soviet Union,1V18 'Klyon-1' artillery command and forward observer vehicle,captured,https://i.postimg.cc/MT1mtHYK/2003-1-V18-Klyon-1-capt-28-02-22.jpg,2023-03-22,5368,21981,2,380-5368219812
Ukraine,Ukraine,2 ASU-1 Valkyrja reconnaissance UAV,captured,https://postimg.cc/hzFGPbxh,2022-10-26,5388,22003,2,380-5388220032
Ukraine,Ukraine,2 Bogdan-2251 ambulance,captured,https://i.postimg.cc/W4dhqjpn/2007-bogdan-2251-ambulance-capt-13-04-22.jpg,2023-03-13,5394,22009,2,380-5394220092
Ukraine,Ukraine,2 Chaklun,captured,https://i.postimg.cc/TYZCvCmf/438.png,2023-08-16,5399,22014,2,380-5399220142
Ukraine,United Kingdom,2 FV432 Bulldog,captured,https://i.postimg.cc/QNBFt12J/2086-FV432-Bulldog-capt-15-10-24.jpg,2024-10-22,5405,22022,2,380-5405220222
Ukraine,Soviet Union,2 GAZ-3308,captured,https://i.postimg.cc/cCyy94XC/2017-GAZ-3308-capt-27-02-22.jpg,2023-05-02,5407,22024,2,380-5407220242
Ukraine,Soviet Union,2 GAZ-53,captured,https://i.postimg.cc/rs16vXPJ/2018-GAZ-53-capt-27-02-22.jpg,2023-05-02,5408,22025,2,380-5408220252
Ukraine,Soviet Union,2 GAZ-53,captured,https://i.postimg.cc/J7ZWyZzk/2019-GAZ-53-capt-27-02-22.jpg,2023-05-02,5408,22026,2,380-5408220262
Ukraine,Ukraine,2 KrAZ-5322,captured,https://i.postimg.cc/fLpdcCQ3/2009-kraz5322-capt-01-03-22.jpg,2023-03-07,5416,22036,2,380-5416220362
Ukraine,Ukraine,2 KrAZ-5322,captured,https://i.postimg.cc/L5yR6Mjq/2009-kraz5322-capt-01-03-22.jpg,2023-03-08,5416,22037,2,380-5416220372
Ukraine,Czech Republic,2 Orlik,captured,https://i.postimg.cc/wBLx24Rt/3.png,2023-06-23,5445,22066,2,380-5445220662
Ukraine,Latvia,2 Penguin C,captured,https://i.postimg.cc/7LfWG39Y/2025-penguin-c-capt-03-06-23.jpg,2023-06-09,5449,22070,2,380-5449220702
Ukraine,Ukraine,2 Punisher,captured,https://i.postimg.cc/VNDcKLCh/2009-Punisher-attack-UAV-capt-25-02-24.jpg,2024-02-29,5455,22076,2,380-5455220762
Ukraine,Finland,2 Sisu XA-185,captured,https://twitter.com/UAWeapons/status/1602246143030722561,2022-12-13,5459,22080,2,380-5459220802
Ukraine,Ukraine,2 SpecAero,captured,https://i.postimg.cc/VNfX44Ty/433.png,2023-07-08,5460,22082,2,380-5460220822
Ukraine,Ukraine,2 TMM-3M1 bridge layer,captured,https://twitter.com/UAWeapons/status/1545899373724422151,2022-07-12,5468,21006,2,380-5468210062
Ukraine,Soviet Union,20 BRM-1K reconnaissance vehicle,captured,https://i.postimg.cc/2yBG8fjb/433.png,2022-10-21,1624,22115,2,380-1624221152
Ukraine,Soviet Union,202 BMP-2(K),captured,https://i.postimg.cc/yx5N5snV/2009-bmp2-capt-17-02-24.jpg,2024-04-08,5499,22136,2,380-5499221362
Ukraine,Soviet Union,203mm 2S7 Pion,captured,https://i.postimg.cc/K8pQghtB/790.png,2022-03-26,5501,22138,2,380-5501221382
Ukraine,Soviet Union,203mm 2S7 Pion,captured,https://i.postimg.cc/J4s5tfKL/4376.png,2022-04-07,5501,22139,2,380-5501221392
Ukraine,Soviet Union,203mm 2S7 Pion,captured,https://i.postimg.cc/Jnv9g4BN/46680.png,2022-10-17,5501,22145,2,380-5501221452
Ukraine,Soviet Union,211 BMP-2(K),captured,https://i.postimg.cc/GtDWXhkC/2026-bmp2-capt-05-06-24.jpg,2024-06-12,5521,22183,2,380-5521221832
Ukraine,United States,22 M113,captured,https://i.postimg.cc/Kc5yNx9p/443f0.png,2023-04-17,5531,22198,2,380-5531221982
Ukraine,Soviet Union,220mm BM-27 'Uragan',captured,https://i.postimg.cc/MpZxknr7/437.png,2022-03-19,1796,22213,2,380-1796222132
Ukraine,Soviet Union,220mm BM-27 'Uragan',captured,https://i.postimg.cc/0yh6X2cL/346.png,2022-03-19,1796,22214,2,380-1796222142
Ukraine,Soviet Union,220mm BM-27 Uragan,captured,https://i.postimg.cc/N0XpN0Rg/5.png,2022-09-27,1797,22216,2,380-1797222162
Ukraine,Soviet Union,220mm BM-27 Uragan,captured,https://i.postimg.cc/MKNc3bry/2008-bm27-capt-31-03-22.jpg,2024-04-08,1797,22219,2,380-1797222192
Ukraine,Soviet Union,223 BMP-2(K),captured,https://i.postimg.cc/cJwRYZLs/2010-bmp2-capt-22-05-22.jpg,2024-07-24,5543,22222,2,380-5543222222
Ukraine,Soviet Union,227 BMP-2(K),captured,https://i.postimg.cc/MHTcck0j/2029-BMP-2-K-capt-25-08-24.jpg,2024-08-28,5547,22227,2,380-5547222272
Ukraine,Ukraine,23 KrAZ-6322,captured,https://i.postimg.cc/pVFKmp2r/2007-UA-Kr-AZ-6322-capt.jpg,2022-10-16,5553,22234,2,380-5553222342
Ukraine,Soviet Union,23mm ZU-23,captured,https://i.postimg.cc/2SDv44Hd/nm8.png,2022-03-19,1893,22254,2,380-1893222542
Ukraine,Soviet Union,23mm ZU-23,captured,https://i.postimg.cc/W1NsGMGc/480.png,2022-03-26,1893,22255,2,380-1893222552
Ukraine,Soviet Union,23mm ZU-23,captured,https://i.postimg.cc/QMmjt2Pr/21.png,2022-05-03,1893,22256,2,380-1893222562
Ukraine,Canada,25 Roshel Senator MRAP,captured,https://i.postimg.cc/YCcLnhjS/2101-Roshel-Senator-MRAP-capt-14-09-24.jpg,2024-09-19,5585,22297,2,380-5585222972
Ukraine,Soviet Union,25 T-80BV,captured,https://postimg.cc/S2VsBjb6,2022-10-17,5586,22299,2,380-5586222992
Ukraine,Soviet Union,25 T-80BV,captured,https://i.postimg.cc/26h3yR6d/4f3.png,2022-10-17,5586,22300,2,380-5586223002
Ukraine,Canada,26 Roshel Senator,captured,https://i.postimg.cc/J0NXyK7x/2006-Roshel-Senator-APC-capt-11-08-24.jpg,2024-08-15,5600,22335,2,380-5600223352
Ukraine,Canada,26 Roshel Senator,captured,https://i.postimg.cc/gkp8994T/2036-Roshel-Senator-MRAP-capt-13-08-24.jpg,2024-08-15,5600,22336,2,380-5600223362
Ukraine,Canada,26 Roshel Senator MRAP,captured,https://i.postimg.cc/V6gGMwJW/2044-Roshel-Senator-MRAP-capt-17-09-24.jpg,2024-09-20,5601,22337,2,380-5601223372
Ukraine,Canada,27 Roshel Senator MRAP,captured,https://i.postimg.cc/43crQ4dp/2001-Roshel-Senator-MRAP-capt-15-09-24.jpg,2024-10-02,5614,22368,2,380-5614223682
Ukraine,Soviet Union,27 T-80BV,captured,https://i.postimg.cc/MKC0546t/4331.png,2022-10-21,5615,22369,2,380-5615223692
Ukraine,Ukraine,28 BTR-3,captured,https://i.postimg.cc/C53P3Rwm/44317.png,2022-10-10,5620,22383,2,380-5620223832
Ukraine,United States,3 120mm М1064А3,captured,https://i.postimg.cc/prfY4GHv/2020-120-MM-1064-3-capt-24-02-24.jpg,2024-02-26,5639,22409,2,380-5639224092
Ukraine,Soviet Union,3 122mm D-30 howitzer,captured,https://i.postimg.cc/KzDhJmzc/2135-122mm-2-A18-D-30-howitzer-capt-29-05-22.jpg,2022-12-05,5640,22411,2,380-5640224112
Ukraine,Finland,3 23 ItK 61 23mm,captured,https://twitter.com/UAWeapons/status/1566053206228074496,2022-09-04,5648,22420,2,380-5648224202
Ukraine,Soviet Union,3 ARS-14 decontamination and degassing vehicle,captured,https://i.postimg.cc/hG1dJbkR/1302.png,2023-01-30,2188,22426,2,380-2188224262
Ukraine,Poland,3 FLIRT Cetus,captured,https://i.postimg.cc/bwLSVXvW/2022-FLIRT-Cetus-reconnisaince-UAV-capt-10-11-24.jpg,2024-11-14,5666,22443,2,380-5666224432
Ukraine,United Kingdom,3 FV432 Bulldog,captured,https://i.postimg.cc/W4b3z3Nf/2006-FV432-Bulldog-capt-06-11-24.jpg,2024-11-14,5667,22444,2,380-5667224442
Ukraine,Ukraine,3 Kozak-5,captured,https://i.postimg.cc/3wywS058/2114-Kozak-5-capt-24-07-22.jpg,2022-12-05,5677,22455,2,380-5677224552
Ukraine,Ukraine,3 Mara-2M,captured,https://postimg.cc/06C6nXQv,2023-06-15,5693,22477,2,380-5693224772
Ukraine,Soviet Union,3 MAZ-500 tanker,captured,https://i.postimg.cc/J4w5QC4c/2004-MAZ-500-tanker-capt-02-03-22.jpg,2024-04-08,5695,22479,2,380-5695224792
Ukraine,Soviet Union,3 PMP floating bridge,captured,https://twitter.com/UAWeapons/status/1545899373724422151,2022-07-12,5702,21006,2,380-5702210062
Ukraine,Soviet Union,3 T-72 'Ural',captured,https://postlmg.cc/Czb1v3b6,2022-10-18,2242,22494,2,380-2242224942
Ukraine,Soviet Union,30 BRM-1K reconnaissance vehicle,captured,https://i.postimg.cc/fTY3rthp/2006-BRM-1-K-capt-12-12-22.jpg,2023-01-14,5723,22509,2,380-5723225092
Ukraine,Ukraine,30 KrAZ-6322,captured,https://i.postimg.cc/rwnCQYq6/2022-03-01-UA-Kr-AZ-6322-captured-1.jpg,2022-12-05,5725,22513,2,380-5725225132
Ukraine,Soviet Union,30 River link pontoon (for PMP(-M) floating bridge system),captured,https://i.postimg.cc/SK9BY08D/2015-River-link-pontoon-for-PMP-M-floating-bridge-system-capt-10-07-22.jpg,2024-01-23,5729,22548,2,380-5729225482
Ukraine,Germany,31 Marder 1A3,captured,https://i.postimg.cc/GpW624P6/2010-Marder-1-A3-capt-15-09-24.jpg,2024-09-19,5740,22573,2,380-5740225732
Ukraine,Soviet Union,32 BRM-1(K) reconnaissance vehicle,captured,https://i.postimg.cc/QxBnrw8S/431130.png,2023-03-29,2374,22584,2,380-2374225842
Ukraine,Ukraine,32 Kozak-2,captured,https://i.postimg.cc/KcBnzr7B/35.png,2022-08-17,5747,22585,2,380-5747225852
Ukraine,Soviet Union,33 T-80BV,captured,https://i.postimg.cc/VN5wfxDD/2048-T-80-BV-capt-03-09-2022.jpg,2022-12-05,5762,22612,2,380-5762226122
Ukraine,Soviet Union,34 BRM-1 and BRM-1K reconnaissance vehicle,captured,https://i.postimg.cc/m2yfDgT6/2010-BRM-1-K-reconnaissance-vehicle-capt-02-08-22.jpg,2023-01-30,5765,22617,2,380-5765226172
Ukraine,Soviet Union,34 BRM-1 and BRM-1K reconnaissance vehicle,captured,https://i.postimg.cc/t4R0VGTR/2012-BRM-1-K-reconnaissance-vehicle-capt-22-08-22.jpg,2023-01-30,5765,22618,2,380-5765226182
Ukraine,Ukraine,34 KrAZ-6322,captured,https://i.postimg.cc/QtPKnKS6/2011-Kr-AZ-6322-capt-26-02-22.jpg,2023-01-30,5767,22620,2,380-5767226202
Ukraine,Soviet Union,34 Ural-4320,captured,https://i.postimg.cc/FR1JZVbd/2000-ural4320-capt-25-02-22.png,2023-01-30,5771,22634,2,380-5771226342
Ukraine,Soviet Union,35 BMP-2(K),captured,https://i.postimg.cc/hv878tMd/2001-bmp2.jpg,2022-09-14,5773,22636,2,380-5773226362
Ukraine,Ukraine,35 Kozak-7,captured,https://i.postimg.cc/Ls5DtxXP/2102-Kozak-2-capt-16-09-24.jpg,2024-09-19,5775,22642,2,380-5775226422
Ukraine,United States,35 M113,captured,https://i.postimg.cc/tRZxMR2P/2002-M113-A3-capt-20-06-23.jpg,2023-06-28,5776,22643,2,380-5776226432
Ukraine,Canada,35 Roshel Senator MRAP,captured,https://i.postimg.cc/wxN6TFzJ/2000-Roshel-Senator-MRAP-capt-17-10-24.jpg,2024-11-06,5778,22647,2,380-5778226472
Ukraine,Canada,35 Roshel Senator MRAP,captured,https://i.postimg.cc/gkPGwRc7/2022-Roshel-Senator-MRAP-capt-25-10-24.jpg,2024-11-06,5778,22648,2,380-5778226482
Ukraine,Ukraine,36 Kozak-2,captured,https://i.postimg.cc/qvRC1BCW/4e.png,2022-10-11,5785,22660,2,380-5785226602
Ukraine,Ukraine,38 Unknown truck,captured,https://twitter.com/UAWeapons/status/1545021775846817792,2022-07-08,5805,22719,2,380-5805227192
Ukraine,Ukraine,39 Kozak-7,captured,https://i.postimg.cc/x1hbnVTJ/2006-Kozak-7-capt-24-09-24.jpg,2024-09-29,5809,22726,2,380-5809227262
Ukraine,Ukraine,4 Mara-2M,captured,https://i.postimg.cc/kg7qmqnK/2009-Mara-2-M-UAV-capt-06-10-23.jpg,2023-10-22,5848,22775,2,380-5848227752
Ukraine,Canada,4 Roshel Senator,captured,https://i.postimg.cc/yx1pc6pc/2020-Roshel-Senator-capt-25-05-23.jpg,2023-06-04,5856,22785,2,380-5856227852
Ukraine,Ukraine,4 Tekever AR3,captured,https://i.postimg.cc/2SvpbtQH/2014-Tekever-AR3-multipurpose-UAV-capt-01-06-24.jpg,2024-06-06,5858,22787,2,380-5858227872
Ukraine,Turkey,41 BMC Kirpi,captured,https://i.postimg.cc/MKqkkCDM/2004-BMC-Kirpi-capt-01-10-24.jpg,2024-10-06,5875,22813,2,380-5875228132
Ukraine,Poland,41 T-72M/M1(R),captured,https://i.postimg.cc/0QsVFgyP/2006-T-72-M1-capt-30-11-22.jpg,2023-02-21,5877,22819,2,380-5877228192
Ukraine,Soviet Union,41 T-80BV,captured,https://twitter.com/UAWeapons/status/1636098069388206080,2023-03-16,5878,22821,2,380-5878228212
Ukraine,Ukraine,43 Kozak-7,captured,https://i.postimg.cc/ncXBTQHN/2012-Kozak-7-capt-27-09-24.jpg,2024-10-02,5884,22835,2,380-5884228352
Ukraine,Ukraine,44 Kozak-7,captured,https://i.postimg.cc/gcKmRkRY/2012-Kozak-7-dam-capt-06-10-24.jpg,2024-10-09,5889,22843,2,380-5889228432
Ukraine,Soviet Union,48 BMP-2(K),captured,https://i.postimg.cc/sDzpgMjK/2002-bmp2.jpg,2022-09-27,5908,22872,2,380-5908228722
Ukraine,Turkey,49 BMC Kirpi,captured,https://i.postimg.cc/JnptvrZy/2015-BMC-Kirpi-dam-capt-19-10-24.jpg,2024-11-06,5911,22875,2,380-5911228752
Ukraine,Turkey,49 BMC Kirpi,captured,https://i.postimg.cc/c1QvnvbQ/2004-BMC-Kirpi-dam-capt-29-10-24.jpg,2024-11-06,5911,22876,2,380-5911228762
Ukraine,Turkey,49 BMC Kirpi,captured,https://i.postimg.cc/R0GXRL23/2023-BMC-Kirpi-dam-capt-30-09-24.jpg,2024-11-06,5911,22877,2,380-5911228772
Ukraine,Ukraine,5 KrAZ Cobra,captured,https://i.postimg.cc/G3BcPS6m/2002-Kr-AZ-Cobra.jpg,2022-08-04,5938,22919,2,380-5938229192
Ukraine,United Kingdom,5 Pinzgauer Vector 718,captured,https://i.postimg.cc/vmz81KcL/2001-Pinzgauer-Vector-protected-patrol-vehicle-capt-02-03-24.jpg,2024-04-08,5946,22928,2,380-5946229282
Ukraine,Ukraine,5 UMS-1000 patrol boat (Sea Guard),captured,https://i.postimg.cc/4djNchf2/2003-UMS-1000-patrol-boat-BG-25-capt-19-04-22.jpg,2023-08-15,5952,22934,2,380-5952229342
Ukraine,Ukraine,5 UMS-1000 patrol boat (Sea Guard),captured,https://i.postimg.cc/sfhswL6V/2500-bg22-capt.jpg,2023-08-17,5952,22935,2,380-5952229352
Ukraine,United States,52 M113,captured,https://i.postimg.cc/V65Kwk43/2001-m113-capt-14-08-23.jpg,2023-08-17,5970,22963,2,380-5970229632
Ukraine,Soviet Union,55 BRM-1(K) reconnaissance vehicle,captured,https://i.postimg.cc/2ysWCzDS/2015-BRM-1-K-reconnaissance-vehicle-capt-27-10-24.jpg,2024-11-14,5979,22978,2,380-5979229782
Ukraine,Soviet Union,55 BTR-80,captured,https://i.postimg.cc/XqT3ctMG/332.png,2022-08-08,5980,22980,2,380-5980229802
Ukraine,Soviet Union,55 BTR-80,captured,https://i.postimg.cc/bN7VppHS/d332.png,2022-08-08,5980,22981,2,380-5980229812
Ukraine,Soviet Union,55 BTR-80,captured,https://i.postimg.cc/HsvH2cmD/3322.png,2022-08-08,5980,22982,2,380-5980229822
Ukraine,Soviet Union,55 BTR-80,captured,https://i.postimg.cc/KvBwK1YD/18.png,2022-08-08,5980,22983,2,380-5980229832
Ukraine,Turkey,56 BMC Kirpi,captured,https://i.postimg.cc/dVXybrmj/2023-BMC-Kirpi-capt-30-10-24.jpg,2024-11-14,5981,22990,2,380-5981229902
Ukraine,Ukraine,57 BTR-4,captured,https://i.postimg.cc/BvZW6Tsd/2002-btr4-capt.jpg,2022-10-24,5984,22998,2,380-5984229982
Ukraine,Ukraine,57 Unknown truck,captured,https://i.postimg.cc/c1Dj5KT3/3557.png,2022-10-18,5986,23001,2,380-5986230012
Ukraine,Ukraine,57 Unknown truck,captured,https://postlmg.cc/470fJLsW,2022-10-18,5986,23002,2,380-5986230022
Ukraine,Soviet Union,58 BRDM-2,captured,https://i.postimg.cc/HLz3dRwD/f455.png,2022-07-24,5988,23013,2,380-5988230132
Ukraine,Soviet Union,58 BRDM-2,captured,https://i.postimg.cc/Xq3SZTZj/d34.png,2022-07-24,5988,23014,2,380-5988230142
Ukraine,United States,59 M113,captured,https://i.postimg.cc/k43xyjsV/2004-113-APC-capt-13-10-23.jpg,2023-10-15,5994,23020,2,380-5994230202
Ukraine,Soviet Union,5N63-1 'Flap Lid' on 40V6M mast (for S-300PT),captured,https://i.postimg.cc/8kvsqvdC/d7.jpg,2022-03-30,5996,23021,2,380-5996230212
Ukraine,Soviet Union,5N66M 'Clam Shell' on 40V6M mast (for S-300PT),captured,https://i.postimg.cc/yd3VHh08/564.jpg,2022-03-30,5998,23035,2,380-5998230352
Ukraine,Soviet Union,5P85D (launcher for S-300PS),captured,https://i.postimg.cc/cJJR2T2B/58kj.png,2022-04-13,6001,23074,2,380-6001230742
Ukraine,Soviet Union,5P85S (launcher for S-300PS),captured,https://i.postimg.cc/1XTDTGhS/541.png,2022-03-30,6003,23093,2,380-6003230932
Ukraine,Poland,6 BWP-1,captured,https://i.postimg.cc/VLnB3cWJ/2015_BWP-1_capt_15_12_23.jpg,2024-04-08,6012,23117,2,380-6012231172
Ukraine,Ukraine,6 KrAZ Cougar,captured,https://i.postimg.cc/X7nY7k3H/2013-Kr-AZ-Cougar-capt-24-06-22.jpg,2024-05-09,6018,23123,2,380-6018231232
Ukraine,Ukraine,6 Mara-2M,captured,https://i.postimg.cc/FHXmR6vT/2022-Mara-2-M-UAV-capt-24-02-24.jpg,2024-02-29,6026,23135,2,380-6026231352
Ukraine,Latvia,6 Penguin C,captured,https://i.postimg.cc/jdh0D8sx/2000-Penguin-C-reconnaissance-UAV-capt-28-05-24.jpg,2024-06-11,6027,23137,2,380-6027231372
Ukraine,Ukraine,6 Project 50030 Kalkan-class patrol boat (Sea Guard),captured,https://i.postimg.cc/4xgdHCjh/2000-2x-Project-50030-Kalkan-class-patrol-boat-BG303-and-304-capt-14-03-22.jpg,2024-04-08,6028,23138,2,380-6028231382
Ukraine,Soviet Union,61 GAZ-66,captured,https://i.postimg.cc/nLBYtCrc/789.png,2022-11-30,6041,23158,2,380-6041231582
Ukraine,Soviet Union,63 BMP-2(K),captured,https://i.postimg.cc/XYZyFvKP/460.png,2022-10-20,6047,23177,2,380-6047231772
Ukraine,Soviet Union,63 BMP-2(K),captured,https://twitter.com/UAWeapons/status/1582764978376876032,2022-10-20,6047,23178,2,380-6047231782
Ukraine,Soviet Union,63 BMP-2(K),captured,https://i.postimg.cc/5NZnXyDP/4360.png,2022-10-20,6047,23179,2,380-6047231792
Ukraine,Soviet Union,63 BMP-2(K),captured,https://i.postimg.cc/258DK0TL/5589.png,2022-10-20,6047,23180,2,380-6047231802
Ukraine,Soviet Union,64 BMP-2(K),captured,https://i.postimg.cc/cJ9X87wy/2001-bmp2-capt.jpg,2022-10-22,6052,23189,2,380-6052231892
Ukraine,Ukraine,64 BTR-4,captured,https://i.postimg.cc/3Jgm16jS/2089-BTR-4-E-capt-04-04-22.jpg,2022-12-05,6053,23192,2,380-6053231922
Ukraine,Ukraine,64 BTR-4,captured,https://i.postimg.cc/7YvSgDzJ/2090-BTR-4-E-capt-09-06-22.jpg,2022-12-05,6053,23193,2,380-6053231932
Ukraine,United States,65 M113,captured,https://i.postimg.cc/nckDBffQ/2004-m113-capt-20-11-23.jpg,2023-11-24,6058,23199,2,380-6058231992
Ukraine,Soviet Union,67 GAZ-66,captured,https://i.postimg.cc/Bbst1r4s/2025-GAZ66-capt-19-04-22.jpg,2023-01-10,6066,23209,2,380-6066232092
Ukraine,Soviet Union,7 2K22M Tunguska-M,captured,https://i.postimg.cc/sgb9tqR4/2013-2-K22-M-Tunguska-M-capt-15-09-24.jpg,2024-09-19,6081,23228,2,380-6081232282
Ukraine,Ukraine,7 A1-SM Fury reconnaissance UAV,captured,https://i.postimg.cc/zXLjKRdV/2001-A1-SM-Fury.jpg,2022-08-04,6082,23229,2,380-6082232292
Ukraine,United Kingdom,7 Husky Tactical Support Vehicle,captured,https://i.postimg.cc/0y45Dr4N/3329.png,2022-10-10,6091,23239,2,380-6091232392
Ukraine,United States,7 M1165 HMMWV,captured,https://i.postimg.cc/cJL5P1kS/2016-HMMWV-M1165-A1-capt-26-10-23.jpg,2023-10-28,6096,23245,2,380-6096232452
Ukraine,Soviet Union,7 MT-LB,captured,https://twitter.com/UAWeapons/status/1543548861653843968,2022-07-04,6100,23249,2,380-6100232492
Ukraine,Latvia,7 Penguin C,captured,https://i.postimg.cc/j2kRMzJC/2024-Penguin-C-reconnaissance-UAV-capt-14-09-24.jpg,2024-09-19,6102,23251,2,380-6102232512
Ukraine,Canada,7 Roshel Senator,captured,https://i.postimg.cc/BQCDYQbC/2005-Roshel-Senator-capt-09-08-23.jpg,2023-08-12,6104,23254,2,380-6104232542
Ukraine,Canada,7 Roshel Senator,captured,https://i.postimg.cc/NfWV0k5h/244.png,2023-09-03,6104,23255,2,380-6104232552
Ukraine,Ukraine,7 Tekever AR3,captured,https://i.postimg.cc/prmp978f/2006-Tekever-AR3-multipurpose-UAV-capt-30-07-24.jpg,2024-08-03,6106,23257,2,380-6106232572
Ukraine,Soviet Union,70 ZiL-131,captured,https://i.postimg.cc/c1tQ8kcJ/2117.jpg,2022-07-21,6113,23272,2,380-6113232722
Ukraine,Soviet Union,71 BMP-2(K),captured,https://i.postimg.cc/tRwkr0jD/2001-bmp2-capt.jpg,2022-11-22,6116,23275,2,380-6116232752
Ukraine,Soviet Union,71 BRDM-2,captured,https://i.postimg.cc/jCVYXKq1/2022-09-29-UA-BRDM-2-2.jpg,2022-10-10,6117,23278,2,380-6117232782
Ukraine,Soviet Union,76 BMP-2(K),captured,https://i.postimg.cc/t4jtHyCG/2084-BMP-2-K-capt-04-07-22.jpg,2022-12-05,6143,23331,2,380-6143233312
Ukraine,Ukraine,76 BTR-4,captured,https://i.postimg.cc/L8rPZ6CH/887u.png,2023-04-22,6144,23336,2,380-6144233362
Ukraine,Ukraine,77 BTR-4,captured,https://i.postimg.cc/rsJ5qHV1/332d.png,2023-04-21,6148,23348,2,380-6148233482
Ukraine,Soviet Union,77 ZiL-131,captured,https://i.postimg.cc/ZnkH3Gwm/4f.png,2022-11-03,6150,23352,2,380-6150233522
Ukraine,Ukraine,78 BTR-4,captured,https://i.postimg.cc/GhL7wn9g/2305-btr4-capt-19-08-22.png,2023-06-11,6152,23359,2,380-6152233592
Ukraine,Soviet Union,78 GAZ-66,captured,https://i.postimg.cc/ZR7JBb8k/2016-gaz66-capt-04-03-22.jpg,2023-05-12,6153,23361,2,380-6153233612
Ukraine,Soviet Union,79 BMP-2(K),captured,https://i.postimg.cc/tgFY4ctn/5g3.png,2022-12-23,6155,23366,2,380-6155233662
Ukraine,United States,79 M113,captured,https://i.postimg.cc/FHsByVbs/2009-M113-A3-capt-20-02-24.jpg,2024-02-23,6157,23371,2,380-6157233712
Ukraine,Soviet Union,8 100mm MT-12 anti-tank gun,captured,https://twitter.com/UAWeapons/status/1543548850559926272,2022-07-04,6158,22629,2,380-6158226292
Ukraine,United Kingdom,8 AT105A Saxon,captured,https://twitter.com/UAWeapons/status/1545899359132389377,2022-07-12,6162,23375,2,380-6162233752
Ukraine,Ukraine,8 Kozak-2M1,captured,https://twitter.com/UAWeapons/status/1551672584361615371,2022-07-27,6165,23378,2,380-6165233782
Ukraine,Soviet Union,82 BMP-1(P),captured,https://i.postimg.cc/vm1vTsst/2003-bmp-1.jpg,2022-08-04,6189,23416,2,380-6189234162
Ukraine,Soviet Union,86 GAZ-66,captured,https://i.postimg.cc/Y98f1yCk/2029-GAZ-66-capt-28-07-22.jpg,2023-05-23,6211,23467,2,380-6211234672
Ukraine,Soviet Union,87 BMP-1(P),captured,https://i.postimg.cc/3wWC7D6Z/d33.png,2022-08-08,6215,23474,2,380-6215234742
Ukraine,Soviet Union,9 100mm MT-12 anti-tank gun,captured,https://twitter.com/UAWeapons/status/1561047885692780546,2022-08-21,4190,23489,2,380-4190234892
Ukraine,Ukraine,9 A1-SM Fury reconnaissance UAV,captured,https://i.postimg.cc/zvJ4w0Mp/2005-fury-uav-capt.jpg,2022-10-28,6228,23491,2,380-6228234912
Ukraine,United Kingdom,9 AT105A Saxon,captured,https://i.postimg.cc/B6JyC2gs/4f66.png,2022-07-24,6229,23492,2,380-6229234922
Ukraine,Ukraine,9 BTR-7,captured,https://i.postimg.cc/WbCRYs2v/48.png,2022-10-20,6231,23494,2,380-6231234942
Ukraine,Ukraine,9 BTR-7,captured,https://i.postimg.cc/XN9Q63cW/558.png,2022-10-20,6231,23495,2,380-6231234952
Ukraine,United States,9 HMMWV Ambulance,captured,https://i.postimg.cc/KzG3bJS5/2012-HMMWV-ambulance-capt-02-06-22.jpg,2023-01-21,6234,23500,2,380-6234235002
Ukraine,United States,9 M113A3 armored personnel carrier,captured,https://twitter.com/UAWeapons/status/1581002280522121216,2022-10-16,6238,23506,2,380-6238235062
Ukraine,Ukraine,9 Mara-2M,captured,https://i.postimg.cc/PrDhQZLk/2013-Mara-2-M-reconnaissance-UAV-capt-02-07-24.jpg,2024-07-06,6240,23508,2,380-6240235082
Ukraine,Soviet Union,92 BTR-80,captured,https://i.postimg.cc/HLpmvTQV/2017-btr80-capt-30-01-23.jpg,2023-02-05,4291,23538,2,380-4291235382
Ukraine,Ukraine,92 T-64BV Zr. 2017,captured,https://i.postimg.cc/s29Rj8Zq/2000-t64bv2017-capt-17-02-24.jpg,2024-02-21,6261,23544,2,380-6261235442
Ukraine,Soviet Union,93 GAZ-66,captured,https://i.postimg.cc/MT3cJ0K8/2013-GAZ-66-capt-13-06-22.jpg,2023-06-19,6265,23551,2,380-6265235512
Ukraine,Ukraine,94 Leleka-100,captured,https://i.postimg.cc/NGNzWk4j/2006-Leleka-100-reconnaissance-UAV-capt-24-07-24.jpg,2024-07-30,6270,23564,2,380-6270235642
Ukraine,United States,94 M113,captured,https://i.postimg.cc/fbgMBp7r/2008-m113-capt-04-03-24.jpg,2024-04-08,6271,23577,2,380-6271235772
Ukraine,United States,94 M113,captured,https://i.postimg.cc/sg1KNH0p/2017-M113-A3-capt-26-03-24.jpg,2024-04-08,6271,23578,2,380-6271235782
Ukraine,Soviet Union,94 ZiL-131,captured,https://i.postimg.cc/x1HHQSgC/1301.png,2023-01-30,6272,23581,2,380-6272235812
Ukraine,Soviet Union,96 BTR-80,captured,https://i.postimg.cc/rsbFgL7w/2016-btr80-capt-21-05-22.jpg,2023-05-02,6282,23604,2,380-6282236042
Ukraine,Soviet Union,97 BMP-2(K),captured,https://i.postimg.cc/4dwG04n0/2007-bmp2-capt-23-04-22.jpg,2023-01-30,6288,23613,2,380-6288236132
Ukraine,Soviet Union,97 BMP-2(K),captured,https://i.postimg.cc/NGJY7039/2009-bmp2-capt-30-04-22.jpg,2023-01-30,6288,23614,2,380-6288236142
Ukraine,Soviet Union,97 BMP-2(K),captured,https://i.postimg.cc/PrCH6jH6/2014-bmp2-capt-20-07-22.jpg,2023-01-30,6288,23615,2,380-6288236152
Ukraine,Soviet Union,97 BMP-2(K),captured,https://i.postimg.cc/PJRjt6Wz/2015-bmp2-capt-08-07-22.jpg,2023-01-30,6288,23616,2,380-6288236162
Ukraine,Ukraine,97 Leleka-100,captured,https://i.postimg.cc/sxfK6sys/2028-Leleka-100-reconnaissance-UAV-capt-06-09-24.jpg,2024-09-09,6291,23622,2,380-6291236222
Ukraine,United States,98 M113,captured,https://i.postimg.cc/sD3jNNt3/2100-M113-A3-capt-10-04-24.jpg,2024-04-21,6298,23632,2,380-6298236322
Ukraine,Soviet Union,99 BMP-2(K),captured,https://i.postimg.cc/VN0nrrkm/2000-mtlb-and-bmp2-capt-05-02-23.jpg,2023-02-12,6300,23639,2,380-6300236392
Ukraine,Soviet Union,9A310M1 TELAR (for Buk-M1),captured,https://i.postimg.cc/9fjq8cLK/2014-9-A310-M1-TELAR-for-Buk-M1-capt-31-08-22.jpg,2023-01-21,6306,23651,2,380-6306236512
Ukraine,Soviet Union,9K310 Igla-1,captured,https://postlmg.cc/PNLkmdpw,2022-03-19,6308,23669,2,380-6308236692
Ukraine,Soviet Union,9K310 Igla-1,captured,https://i.postimg.cc/4xhpF2Yg/5549.png,2022-03-19,6308,23670,2,380-6308236702
Ukraine,Soviet Union,9K310 Igla-1,captured,https://i.postimg.cc/WbYS8JPd/2gh.png,2022-03-19,6308,23671,2,380-6308236712
Ukraine,Soviet Union,9K310 Igla-1,captured,https://i.postimg.cc/MKdRbP30/f24.png,2022-03-19,6308,23672,2,380-6308236722
Ukraine,Soviet Union,9K310 Igla-1,captured,https://i.postimg.cc/d15B65Cj/7o.png,2022-03-19,6308,23673,2,380-6308236732
Ukraine,Soviet Union,9K33 Osa,captured,https://i.postimg.cc/D0wbscB4/y8.png,2022-03-26,4472,23682,2,380-4472236822
Ukraine,Soviet Union,9K33 Osa,captured,https://i.postimg.cc/RhV6nh8X/Screenshot-8150.png,2022-03-26,4472,23683,2,380-4472236832
Ukraine,Soviet Union,9K33 Osa,captured,https://i.postimg.cc/FsVhfCLV/245.png,2022-03-26,4472,23684,2,380-4472236842
Ukraine,Soviet Union,9K33 Osa,captured,https://i.postimg.cc/NGNHx88q/f23.png,2022-10-17,4472,23690,2,380-4472236902
Ukraine,Soviet Union,9K35 Strela-10,captured,https://postimg.cc/SYK0f1pm,2022-03-26,4474,23703,2,380-4474237032
Ukraine,Soviet Union,9K38 Igla,captured,https://i.postimg.cc/4xhpF2Yg/5549.png,2022-03-19,4475,23670,2,380-4475236702
Ukraine,Soviet Union,9K38 Igla,captured,https://i.postimg.cc/DZQBPj2h/fs.png,2022-03-19,4475,23732,2,380-4475237322
Ukraine,Soviet Union,9K38 Igla,captured,https://i.postimg.cc/d15B65Cj/7o.png,2022-03-19,4475,23673,2,380-4475236732
Ukraine,Soviet Union,9M111 Fagot,captured,https://i.postimg.cc/SKTK2DpT/164.png,2022-03-19,4476,23733,2,380-4476237332
Ukraine,Soviet Union,9M111 Fagot,captured,https://i.postimg.cc/HWbWMccm/36.png,2022-03-19,4476,23734,2,380-4476237342
Ukraine,Soviet Union,9M113 Konkurs,captured,https://postimg.cc/xqXcSYBj,2022-03-19,4477,23735,2,380-4477237352
Ukraine,Soviet Union,9M113 Konkurs,captured,https://i.postimg.cc/QCLh1zYb/457.png,2022-03-19,4477,23736,2,380-4477237362
Ukraine,Soviet Union,9P148 Konkurs ATGM carrier,captured,https://i.postimg.cc/7PV70ZVz/4366.png,2022-03-19,6309,23740,2,380-6309237402
Ukraine,Soviet Union,9P148 Konkurs ATGM carrier,captured,https://i.postimg.cc/Bbpc3Gnt/466.png,2022-04-13,6309,23742,2,380-6309237422
Ukraine,Soviet Union,9P148 Konkurs ATGM carrier,captured,https://i.postimg.cc/6ppy8PZM/975.png,2022-05-13,6309,23743,2,380-6309237432
Ukraine,Soviet Union,9P148 Konkurs ATGM carrier,captured,https://i.postimg.cc/pLQFR0zy/2113.jpg,2022-07-21,6309,23744,2,380-6309237442
Ukraine,Soviet Union,9P148 Konkurs ATGM carrier,captured,https://i.postimg.cc/j5YxjC3n/55418.png,2022-10-09,6309,23748,2,380-6309237482
Ukraine,Soviet Union,9P148 Konkurs ATGM carrier,captured,https://i.postimg.cc/ZKQvGrqk/463.png,2022-10-17,6309,23749,2,380-6309237492
Ukraine,Soviet Union,9P148 Konkurs ATGM carrier,captured,https://i.postimg.cc/fRVsPr2s/s13.png,2022-10-17,6309,23750,2,380-6309237502
Ukraine,Soviet Union,9P148 Konkurs ATGM carrier,captured,https://i.postimg.cc/rpt8C6xz/2125-9-P148-Konkurs-capt-14-03-22.jpg,2022-12-05,6309,23751,2,380-6309237512
Ukraine,Soviet Union,9P148 Konkurs ATGM carrier,captured,https://i.postimg.cc/50hp0nTH/3g.png,2023-04-18,6309,23752,2,380-6309237522
Ukraine,Soviet Union,9P149 Shturm-S ATGM carrier,captured,https://i.postimg.cc/DZ9hwS9W/49.png,2022-05-01,4482,23753,2,380-4482237532
Ukraine,Soviet Union,9P149 Shturm-S ATGM carrier,captured,https://i.postimg.cc/Ls6srs8R/680.png,2022-05-21,4482,23754,2,380-4482237542
Ukraine,Ukraine,A1-SM Fury,captured,https://i.postimg.cc/Kc9zf0HQ/4376.png,2022-11-16,6310,23760,2,380-6310237602
Ukraine,Ukraine,A1-SM Fury,captured,https://i.postimg.cc/QdQQwy4B/2001-A1-SM-Fury-UAV-capt.jpg,2022-11-28,6310,23761,2,380-6310237612
Ukraine,Ukraine,A1-SM Fury,captured,https://i.postimg.cc/TY7bG6hy/2001-A1-SM-Fury-capt.jpg,2022-12-13,6310,23762,2,380-6310237622
Ukraine,Ukraine,A1-SM Fury,captured,https://i.postimg.cc/Ss0Jw2np/2001-fury-uav-capt-05-01-23.jpg,2023-01-06,6310,23763,2,380-6310237632
Ukraine,Ukraine,A1-SM Fury,captured,https://i.postimg.cc/vTZ3nBwT/1002-Furia-capt-12-01-2023.png,2023-01-22,6310,23767,2,380-6310237672
Ukraine,Ukraine,A1-SM Fury,captured,https://i.postimg.cc/XqNxtDsK/2006-A1-SM-Fury-capt-31-01-23.jpg,2023-02-05,6310,23768,2,380-6310237682
Ukraine,Ukraine,A1-SM Fury,captured,https://i.postimg.cc/9X1LyCfL/2011-A1-SM-Fury-capt-30-01-23.jpg,2023-02-05,6310,23769,2,380-6310237692
Ukraine,Ukraine,A1-SM Fury,captured,https://i.postimg.cc/Nf4sWv8D/2002-A1-SM-Fury-UAV-capt-18-02-23.jpg,2023-02-21,6310,23770,2,380-6310237702
Ukraine,Ukraine,A1-SM Fury,captured,https://i.postimg.cc/GtSbKKxW/4.png,2023-04-08,6310,23775,2,380-6310237752
Ukraine,Ukraine,A1-SM Fury,captured,https://i.postimg.cc/yNbhhd96/33d.png,2023-06-23,6310,23782,2,380-6310237822
Ukraine,Ukraine,A1-SM Fury,captured,https://i.postimg.cc/tCBbhqJg/2026-A1-SM-Furia-capt-29-06-23.jpg,2023-07-01,6310,23783,2,380-6310237832
Ukraine,Ukraine,A1-SM Fury,captured,https://i.postimg.cc/ydS4F4mS/79.png,2023-07-04,6310,23786,2,380-6310237862
Ukraine,Ukraine,A1-SM Fury,captured,https://i.postimg.cc/Bn5LWyXw/478.png,2023-07-14,6310,23787,2,380-6310237872
Ukraine,Ukraine,A1-SM Fury,captured,https://i.postimg.cc/YqHtw7hF/2014-A1-SM-Fury-capt-14-08-23.jpg,2023-08-15,6310,23789,2,380-6310237892
Ukraine,Ukraine,A1-SM Fury,captured,https://i.postimg.cc/V6yCBPZm/54.png,2023-09-05,6310,23795,2,380-6310237952
Ukraine,Ukraine,A1-SM Fury,captured,https://i.postimg.cc/mZMJ8dK2/3770.png,2023-09-07,6310,23796,2,380-6310237962
Ukraine,Ukraine,A1-SM Fury,captured,https://i.postimg.cc/HxWKZgjB/27.png,2023-09-15,6310,23798,2,380-6310237982
Ukraine,Ukraine,A1-SM Fury,captured,https://i.postimg.cc/LsZtLdtK/2007-fury-uav-capt-06-10-23.jpg,2023-10-15,6310,23804,2,380-6310238042
Ukraine,Ukraine,A1-SM Fury,captured,https://i.postimg.cc/25ZcwfRr/2012-fury-uav-capt-30-09-23.jpg,2023-10-28,6310,23807,2,380-6310238072
Ukraine,Ukraine,A1-SM Fury,captured,https://i.postimg.cc/Y9BXDyMg/2015-fury-uav-capt-23-06-22.jpg,2023-10-28,6310,23808,2,380-6310238082
Ukraine,Ukraine,A1-SM Fury,captured,https://i.postimg.cc/VNrNKYyX/2011-fury-uav-capr-02-11-23.jpg,2023-11-06,6310,23809,2,380-6310238092
Ukraine,Ukraine,A1-SM Fury,captured,https://i.postimg.cc/8ktxHHDg/2020-fury-uav-capt-16-11-23.jpg,2023-11-27,6310,23810,2,380-6310238102
Ukraine,Ukraine,A1-SM Fury,captured,https://i.postimg.cc/Z5CfjxQw/2020-A1-SM-Fury-capt-17-11-23.jpg,2023-12-16,6310,23812,2,380-6310238122
Ukraine,Ukraine,A1-SM Fury,captured,https://i.postimg.cc/fLmhfb5F/2025-fury-uav-capt-07-12-23.jpg,2024-01-09,6310,23817,2,380-6310238172
Ukraine,Ukraine,A1-SM Fury,captured,https://i.postimg.cc/yN5ZDW4H/2007-fury-uav-capt-14-12-23.jpg,2024-01-09,6310,23818,2,380-6310238182
Ukraine,Ukraine,A1-SM Fury,captured,https://i.postimg.cc/bJPsJWn7/2003-A1-SM-Furia-uav-capt-08-01-24.jpg,2024-01-10,6310,23819,2,380-6310238192
Ukraine,Ukraine,A1-SM Fury,captured,https://i.postimg.cc/g2BsBD0S/2012-A1-SM-Fury-reconnaissance-UAV-capt-23-01-24.jpg,2024-02-09,6310,23821,2,380-6310238212
Ukraine,Ukraine,A1-SM Fury,captured,https://i.postimg.cc/rpNCGL4g/2000-A1-SM-Fury-UAV-capt-06-02-24.jpg,2024-02-12,6310,23822,2,380-6310238222
Ukraine,Ukraine,A1-SM Fury,captured,https://i.postimg.cc/9F2j76Rm/2007-A1-SM-Fury-capt-23-02-24.jpg,2024-02-26,6310,23825,2,380-6310238252
Ukraine,Ukraine,A1-SM Fury,captured,https://i.postimg.cc/sDJC9T7p/2012-A1-SM-Fury-capt-16-02-24.jpg,2024-02-26,6310,23826,2,380-6310238262
Ukraine,Ukraine,A1-SM Fury,captured,https://i.postimg.cc/x1TDsL3B/2013-A1-SM-Fury-capt-20-02-24.jpg,2024-02-26,6310,23827,2,380-6310238272
Ukraine,Ukraine,A1-SM Fury,captured,https://i.postimg.cc/269rS8jW/2025-A1-SM-Furiia-reconnaissance-UAV-capt-30-09-23.jpg,2024-02-29,6310,23828,2,380-6310238282
Ukraine,Ukraine,A1-SM Fury,captured,https://i.postimg.cc/rFrMqkBd/2026-A1-SM-Furiia-reconnaissance-UAV-capt-13-10-23.jpg,2024-02-29,6310,23829,2,380-6310238292
Ukraine,Ukraine,A1-SM Fury,captured,https://i.postimg.cc/x1GQbPTn/2027-A1-SM-Furiia-reconnaissance-UAV-capt-14-07-23.jpg,2024-02-29,6310,23830,2,380-6310238302
Ukraine,Ukraine,A1-SM Fury,captured,https://i.postimg.cc/qvWzf37p/2010-A1-SM-Furiia-reconnaissance-UAV-capt-22-09-23.jpg,2024-03-02,6310,23831,2,380-6310238312
Ukraine,Ukraine,A1-SM Fury,captured,https://i.postimg.cc/Z5RfNB79/2020-fury-uav-capt-07-08-23.jpg,2024-04-08,6310,23836,2,380-6310238362
Ukraine,Ukraine,A1-SM Fury,captured,https://i.postimg.cc/yYFYsfBD/2000-fury-auv-capt-27-02-24.jpg,2024-04-08,6310,23837,2,380-6310238372
Ukraine,Ukraine,A1-SM Fury,captured,https://i.postimg.cc/ncLQpNj8/2017-A1-SM-Furiia-reconnaissance-UAV-capt-12-04-24.jpg,2024-04-21,6310,23839,2,380-6310238392
Ukraine,Ukraine,A1-SM Fury,captured,https://i.postimg.cc/nztDxz7T/2015-A1-SM-Furiia-reconnaissance-UAV-capt-16-04-24.jpg,2024-04-21,6310,23840,2,380-6310238402
Ukraine,Ukraine,A1-SM Fury,captured,https://i.postimg.cc/G2Y9J9Cp/2013-fury-uav-capt-24-04-24.jpg,2024-04-27,6310,23841,2,380-6310238412
Ukraine,Ukraine,A1-SM Fury,captured,https://i.postimg.cc/sgPjCXg6/2026-A1-SM-Furiia-UAV-capt-17-07-23.jpg,2024-05-12,6310,23843,2,380-6310238432
Ukraine,Ukraine,A1-SM Fury,captured,https://i.postimg.cc/jSRYsTxy/2008-fury-uav-capt-10-01-24.jpg,2024-05-15,6310,23844,2,380-6310238442
Ukraine,Ukraine,A1-SM Fury,captured,https://i.postimg.cc/9XPrW9HG/2030-fury-uav-capt-05-03-24.jpg,2024-05-18,6310,23845,2,380-6310238452
Ukraine,Ukraine,A1-SM Fury,captured,https://i.postimg.cc/Dzt6kGZg/2004-A1-SM-Furiia-reconnaissance-UAV-capt-31-05-24.jpg,2024-06-16,6310,23848,2,380-6310238482
Ukraine,Ukraine,A1-SM Fury,captured,https://i.postimg.cc/cH8xKkN4/2001-A1-SM-Furiia-reconnaissance-UAV-capt-16-06-24.jpg,2024-06-20,6310,23850,2,380-6310238502
Ukraine,Ukraine,A1-SM Fury,captured,https://i.postimg.cc/5yhJM9RG/2005-A1-SM-Furiia-reconnaissance-UAV-capt-26-06-24.jpg,2024-07-06,6310,23851,2,380-6310238512
Ukraine,Ukraine,A1-SM Fury,captured,https://i.postimg.cc/zG6ChMdg/2005-A1-SM-Furiia-reconnaissance-UAV-capt-03-07-24.jpg,2024-07-09,6310,23852,2,380-6310238522
Ukraine,Ukraine,A1-SM Fury,captured,https://i.postimg.cc/9fHQmTfS/2010-A1-SM-Furiia-reconnaissance-UAV-capt-10-07-24.jpg,2024-07-15,6310,23853,2,380-6310238532
Ukraine,Ukraine,A1-SM Fury,captured,https://i.postimg.cc/1RWt6LJT/2006-A1-SM-Furiia-reconnaissance-UAV-capt-22-07-24.jpg,2024-07-27,6310,23855,2,380-6310238552
Ukraine,Ukraine,A1-SM Fury,captured,https://i.postimg.cc/65GWhTds/2016-A1-SM-Furiia-reconnaissance-UAV-capt-05-08-24.jpg,2024-08-15,6310,23856,2,380-6310238562
Ukraine,Ukraine,A1-SM Fury,captured,https://i.postimg.cc/26GkZpkQ/2023-A1-SM-Furiia-reconnaissance-UAV-capt-14-09-24.jpg,2024-09-19,6310,23860,2,380-6310238602
Ukraine,Ukraine,A1-SM Fury,captured,https://i.postimg.cc/sxv6Ncw4/2019-A1-SM-Furiia-reconnaissance-UAV-capt-20-09-24.jpg,2024-09-26,6310,23861,2,380-6310238612
Ukraine,Ukraine,A1-SM Fury,captured,https://i.postimg.cc/NFWNRJrR/2025-A1-SM-Furiia-reconnaissance-UAV-capr-04-10-24.jpg,2024-10-22,6310,23862,2,380-6310238622
Ukraine,Ukraine,A1-SM Fury,captured,https://i.postimg.cc/dVcH1fFY/2027-A1-SM-Furiia-reconnaissance-UAV-capt-02-10-24.jpg,2024-10-22,6310,23863,2,380-6310238632
Ukraine,Ukraine,A1-SM Fury,captured,https://i.postimg.cc/tRKFV6mc/2021-A1-SM-Furiia-reconnaissance-UAV-capt-24-09-24.jpg,2024-11-14,6310,23868,2,380-6310238682
Ukraine,Ukraine,A1-SM Fury reconnaissance UAV,captured,https://i.postimg.cc/wj96QDhY/317.png,2022-05-08,6311,23871,2,380-6311238712
Ukraine,Ukraine,A1-SM Fury reconnaissance UAV,captured,https://i.postimg.cc/NFtSQZQN/3d5.png,2022-05-31,6311,23873,2,380-6311238732
Ukraine,United States,AeroVironment RQ-20 Puma,captured,https://twitter.com/UAWeapons/status/1639337940907065345,2023-03-26,6312,23875,2,380-6312238752
Ukraine,United States,AeroVironment RQ-20 Puma,captured,https://i.postimg.cc/5tRpYK4b/2014-RQ-20-Puma-LE-capt-08-07-23.jpg,2023-07-14,6312,23879,2,380-6312238792
Ukraine,United States,AeroVironment RQ-20 Puma,captured,https://i.postimg.cc/y8GDZ84s/554g0.png,2023-08-30,6312,23881,2,380-6312238812
Ukraine,United States,AeroVironment RQ-20 Puma,captured,https://i.postimg.cc/bYWBw9Bx/659.png,2023-09-03,6312,23882,2,380-6312238822
Ukraine,United States,AeroVironment RQ-20 Puma,captured,https://postimg.cc/0zVjWqSp,2023-09-13,6312,23883,2,380-6312238832
Ukraine,United States,AeroVironment RQ-20 Puma,captured,https://postimg.cc/mPkBr1cH,2023-09-13,6312,23884,2,380-6312238842
Ukraine,United States,AeroVironment RQ-20 Puma,captured,https://i.postimg.cc/RhpkjYQX/38.png,2023-09-23,6312,23885,2,380-6312238852
Ukraine,United States,AeroVironment RQ-20 Puma,captured,https://i.postimg.cc/7hN8jQFn/2024-rq20-puma-capt-04-09-23.jpg,2024-01-09,6312,23890,2,380-6312238902
Ukraine,United States,AeroVironment RQ-20 Puma,captured,https://i.postimg.cc/B6Kf73kh/2006-rq20-puma-uav-capt-10-01-24.jpg,2024-01-19,6312,23891,2,380-6312238912
Ukraine,United States,AeroVironment RQ-20 Puma,captured,https://i.postimg.cc/zGtLq97q/2015-RQ-20-Puma-capt-04-04-24.jpg,2024-04-27,6312,23895,2,380-6312238952
Ukraine,United Kingdom,Alvis 4 'Mamba',captured,https://i.postimg.cc/gjNr6VZZ/6h.png,2022-08-08,6314,23902,2,380-6314239022
Ukraine,France,AMX-10 RC(R),captured,https://twitter.com/UAWeapons/status/1684659411082530816,2023-07-31,6315,23907,2,380-6315239072
Ukraine,Poland,AMZ Dzik-2,captured,https://i.postimg.cc/xdMrgvrq/2004-Dzik-dam-capt-23-05-23.jpg,2023-05-24,6316,23909,2,380-6316239092
Ukraine,United States,AN/TPQ-49 lightweight counter mortar antenna,captured,https://i.postimg.cc/fRgwnrkP/d6.png,2022-03-19,6320,23925,2,380-6320239252
Ukraine,United States,AN/TPQ-49 lightweight counter mortar radar,captured,https://i.postimg.cc/fRgwnrkP/d6.png,2022-03-26,6321,23925,2,380-6321239252
Ukraine,Ukraine,Armoured KrAZ-6322,captured,https://postimg.cc/ZW6sBKXz,2022-10-18,6325,23935,2,380-6325239352
Ukraine,Ukraine,Armoured KrAZ-6322,captured,https://postimg.cc/9zx6C0Hx,2022-10-18,6325,23936,2,380-6325239362
Ukraine,Germany,Armoured Volkswagen Amarok pickup truck,captured,https://i.postimg.cc/tgB7S9GQ/65.png,2022-05-15,6326,23937,2,380-6326239372
Ukraine,Ukraine,ASU-1 Valkyrja,captured,https://i.postimg.cc/Kzj3f087/5546.png,2022-11-16,6327,23938,2,380-6327239382
Ukraine,Ukraine,ASU-1 Valkyrja,captured,https://i.postimg.cc/DzhrkDNc/2000-ASU-1-Valkyrja-UAV-capt-22-08-22.jpg,2023-01-22,6327,23940,2,380-6327239402
Ukraine,Ukraine,ASU-1 Valkyrja,captured,https://i.postimg.cc/HWX759J4/9l.png,2023-04-17,6327,23947,2,380-6327239472
Ukraine,Ukraine,ASU-1 Valkyrja,captured,https://i.postimg.cc/QtTrTCZ0/2f.png,2023-09-20,6327,23963,2,380-6327239632
Ukraine,Ukraine,ASU-1 Valkyrja,captured,https://i.postimg.cc/1zZ3Cgz4/327.png,2023-09-23,6327,23964,2,380-6327239642
Ukraine,Ukraine,ASU-1 Valkyrja,captured,https://i.postimg.cc/8kFczgDS/4311.png,2023-09-26,6327,23966,2,380-6327239662
Ukraine,Ukraine,ASU-1 Valkyrja,captured,https://i.postimg.cc/hGhm7rtN/2005-ASU-1-Valkiria-capt-27-03-24.jpg,2024-04-08,6327,23981,2,380-6327239812
Ukraine,Ukraine,ASU-1 Valkyrja,captured,https://i.postimg.cc/NF4M06gY/2004-ASU-1-Valkiria-reconnaissance-UAV-capt-10-06-24.jpg,2024-06-15,6327,23984,2,380-6327239842
Ukraine,Ukraine,ASU-1 Valkyrja,captured,https://i.postimg.cc/mkrb3dk0/2022-ASU-1-Valkiria-reconnaissance-UAV-capt-14-09-24.jpg,2024-09-19,6327,23992,2,380-6327239922
Ukraine,United Kingdom,AT105A 'Saxon',captured,https://i.postimg.cc/Y98MS8hs/344.png,2022-03-19,6328,23993,2,380-6328239932
Ukraine,United Kingdom,AT105A 'Saxon',captured,https://i.postimg.cc/2STcBhGt/368.png,2022-03-26,6328,23994,2,380-6328239942
Ukraine,United Kingdom,AT105A 'Saxon',captured,https://i.postimg.cc/D0SW3Ftv/575.png,2022-04-09,6328,23995,2,380-6328239952
Ukraine,United Kingdom,AT105A 'Saxon',captured,https://i.postimg.cc/PqVrX1Xh/467.png,2022-04-09,6328,23996,2,380-6328239962
Ukraine,United Kingdom,AT105A 'Saxon',captured,https://i.postimg.cc/pLx47HSV/2s.jpg,2022-04-23,6328,23997,2,380-6328239972
Ukraine,United Kingdom,AT105A 'Saxon',captured,https://i.postimg.cc/mDzV6XNy/4f.png,2022-04-23,6328,23998,2,380-6328239982
Ukraine,United Kingdom,AT105A Saxon,captured,https://i.postimg.cc/YCnc6ThL/43347.png,2022-05-29,6329,23999,2,380-6329239992
Ukraine,United Kingdom,AT105A Saxon,captured,https://i.postimg.cc/tTLQ9j7F/77690.png,2022-06-26,6329,24000,2,380-6329240002
Ukraine,Soviet Union,BAT-2 heavy engineering vehicle,captured,https://i.postimg.cc/2yj5tTbn/bl.png,2022-03-19,4500,24013,2,380-4500240132
Ukraine,Soviet Union,BAT-2 heavy engineering vehicle,captured,https://postimg.cc/Vdx76RbG,2022-10-18,4500,24014,2,380-4500240142
Ukraine,Soviet Union,BAT-2 heavy engineering vehicle,captured,https://i.postimg.cc/6Q7pKjZX/f3.png,2022-12-21,4500,24015,2,380-4500240152
Ukraine,Turkey,BMC Kirpi,captured,https://twitter.com/UAWeapons/status/1577616945486221313,2022-10-06,6334,24046,2,380-6334240462
Ukraine,Turkey,BMC Kirpi,captured,https://i.postimg.cc/Kj4g44Xr/3327.png,2022-11-07,6334,24049,2,380-6334240492
Ukraine,Turkey,BMC Kirpi,captured,https://i.postimg.cc/qMCfMNkP/2024-BMC-Kirpi-dam-capt-02-02-23.png,2023-02-05,6334,24051,2,380-6334240512
Ukraine,Soviet Union,BMD-2,captured,https://i.postimg.cc/gkLq4R0v/86.png,2022-04-04,4502,24072,2,380-4502240722
Ukraine,Soviet Union,BMD-2,captured,https://i.postimg.cc/HsmnXQ3K/gg3.jpg,2022-05-14,4502,24073,2,380-4502240732
Ukraine,Soviet Union,BMD-2,captured,https://i.postimg.cc/Wbh0Nsh0/5899.png,2022-05-24,4502,24074,2,380-4502240742
Ukraine,Soviet Union,BMD-2,captured,https://i.postimg.cc/bvMh8H5n/c6.png,2022-10-17,4502,24076,2,380-4502240762
Ukraine,Soviet Union,BMD-2,captured,https://i.postimg.cc/NGV4dXYj/2001-bmd2-capt-15-06-23.jpg,2023-07-14,4502,24077,2,380-4502240772
Ukraine,Soviet Union,BMK-150 towing and motor boat,captured,https://i.postimg.cc/XYDmks9r/3f.png,2022-03-26,6335,24078,2,380-6335240782
Ukraine,Ukraine,BMM-4C Ambulance,captured,https://i.postimg.cc/qq2YGpNh/6657.png,2022-11-12,6336,24081,2,380-6336240812
Ukraine,Ukraine,BMM-4S Ambulance,captured,https://i.postimg.cc/pdVsmcw4/66554.jpg,2022-05-28,6337,24083,2,380-6337240832
Ukraine,Soviet Union,BMP-1(P),captured,https://i.postimg.cc/d1x3ZrSF/b88.png,2022-03-19,4507,24101,2,380-4507241012
Ukraine,Soviet Union,BMP-1(P),captured,https://i.postimg.cc/jqNSKcG6/332.png,2022-03-19,4507,24102,2,380-4507241022
Ukraine,Soviet Union,BMP-1(P),captured,https://i.postimg.cc/xCcRWZKG/331d.png,2022-03-26,4507,24108,2,380-4507241082
Ukraine,Soviet Union,BMP-1(P),captured,https://i.postimg.cc/yxR7rzw0/776.png,2022-03-26,4507,24109,2,380-4507241092
Ukraine,Soviet Union,BMP-1(P),captured,https://i.postimg.cc/xdQ31CLd/437.png,2022-03-26,4507,24110,2,380-4507241102
Ukraine,Soviet Union,BMP-1(P),captured,https://i.postimg.cc/dVSzT4KK/d1.jpg,2022-04-01,4507,24115,2,380-4507241152
Ukraine,Soviet Union,BMP-1(P),captured,https://i.postimg.cc/SxG3vCKt/2s1.jpg,2022-04-04,4507,24117,2,380-4507241172
Ukraine,Soviet Union,BMP-1(P),captured,https://i.postimg.cc/dt6JR8KK/366.png,2022-04-11,4507,24124,2,380-4507241242
Ukraine,Soviet Union,BMP-1(P),captured,https://i.postimg.cc/Z5TW0sSC/8877.png,2022-04-20,4507,24129,2,380-4507241292
Ukraine,Soviet Union,BMP-1(P),captured,https://i.postimg.cc/nrHwDscN/224.jpg,2022-04-25,4507,24131,2,380-4507241312
Ukraine,Soviet Union,BMP-1(P),captured,https://i.postimg.cc/SxWN91kv/379.png,2022-05-01,4507,24134,2,380-4507241342
Ukraine,Soviet Union,BMP-1(P),captured,https://i.postimg.cc/mkjw63QN/47.png,2022-05-01,4507,24135,2,380-4507241352
Ukraine,Soviet Union,BMP-1(P),captured,https://i.postimg.cc/6p7Hy3qs/d13.png,2022-05-08,4507,24136,2,380-4507241362
Ukraine,Soviet Union,BMP-1(P),captured,https://i.postimg.cc/kGwkvKqd/s1.png,2022-05-14,4507,24139,2,380-4507241392
Ukraine,Soviet Union,BMP-1(P),captured,https://i.postimg.cc/JzXgM3t5/d2.jpg,2022-05-21,4507,24140,2,380-4507241402
Ukraine,Soviet Union,BMP-1(P),captured,https://i.postimg.cc/d1JDTS9m/3378.png,2022-06-29,4507,24154,2,380-4507241542
Ukraine,Soviet Union,BMP-1(P),captured,https://i.postimg.cc/Hs0JyWbf/2005.jpg,2022-07-09,4507,24156,2,380-4507241562
Ukraine,Soviet Union,BMP-1(P),captured,https://twitter.com/UAWeapons/status/1545899337682751489,2022-07-12,4507,24157,2,380-4507241572
Ukraine,Soviet Union,BMP-1(P),captured,https://twitter.com/UAWeapons/status/1558408794018877441,2022-08-14,4507,24177,2,380-4507241772
Ukraine,Soviet Union,BMP-1(P),captured,https://i.postimg.cc/zGh7jxyq/2002-bmp1-capt.jpg,2022-10-16,4507,24211,2,380-4507242112
Ukraine,Soviet Union,BMP-1(P),captured,https://postimg.cc/qN7ZWRy0,2022-10-18,4507,24223,2,380-4507242232
Ukraine,Soviet Union,BMP-1(P),captured,https://postimg.cc/sGZN60hW,2022-10-18,4507,24224,2,380-4507242242
Ukraine,Soviet Union,BMP-1(P),captured,https://postimg.cc/B8LQgJvQ,2022-10-18,4507,24225,2,380-4507242252
Ukraine,Soviet Union,BMP-1(P),captured,https://postimg.cc/xNzxYf2C,2022-10-18,4507,24226,2,380-4507242262
Ukraine,Soviet Union,BMP-1(P),captured,https://i.postimg.cc/T13snM5z/2001-bmp-1-dam-capt.jpg,2022-11-01,4507,24239,2,380-4507242392
Ukraine,Soviet Union,BMP-1(P),captured,https://i.postimg.cc/jSPZq6mT/432.png,2022-11-12,4507,24245,2,380-4507242452
Ukraine,Soviet Union,BMP-1(P),captured,https://i.postimg.cc/W4mG4yzq/2067-BMP-1-P-capt-25-03-22.jpg,2022-12-05,4507,24287,2,380-4507242872
Ukraine,Soviet Union,BMP-1(P),captured,https://i.postimg.cc/c4Kf3C6S/2068-BMP-1-P-capt-02-04-22.jpg,2022-12-05,4507,24288,2,380-4507242882
Ukraine,Soviet Union,BMP-1(P),captured,https://i.postimg.cc/zBJnHkHt/2069-BMP-1-P-capt-05-04-22.jpg,2022-12-05,4507,24289,2,380-4507242892
Ukraine,Soviet Union,BMP-1(P),captured,https://i.postimg.cc/prS87bG4/2070-BMP-1-P-capt-05-04-22.jpg,2022-12-05,4507,24290,2,380-4507242902
Ukraine,Soviet Union,BMP-1(P),captured,https://i.postimg.cc/TYZgJxWW/2071-BMP-1-P-capt-10-04-22.jpg,2022-12-05,4507,24291,2,380-4507242912
Ukraine,Soviet Union,BMP-1(P),captured,https://i.postimg.cc/ZqmNXLHb/2072-BMP-1-P-capt-12-04-22.jpg,2022-12-05,4507,24292,2,380-4507242922
Ukraine,Soviet Union,BMP-1(P),captured,https://i.postimg.cc/s2WPQ9qC/4766.png,2022-12-21,4507,24301,2,380-4507243012
Ukraine,Soviet Union,BMP-1(P),captured,https://i.postimg.cc/cJphF4V3/2006-bmp1-capt-18-12-22.jpg,2023-01-01,4507,24310,2,380-4507243102
Ukraine,Soviet Union,BMP-1(P),captured,https://i.postimg.cc/50t1LsvD/2004-bmp1-capt-06-04-22.jpg,2023-01-10,4507,24316,2,380-4507243162
Ukraine,Soviet Union,BMP-1(P),captured,https://i.postimg.cc/pT0W6wR2/2005-bmp1-capt-14-12-22.jpg,2023-01-10,4507,24317,2,380-4507243172
Ukraine,Soviet Union,BMP-1(P),captured,https://i.postimg.cc/C1t0LnWD/2004-bmp1-capt-17-01-23.jpg,2023-01-18,4507,24319,2,380-4507243192
Ukraine,Soviet Union,BMP-1(P),captured,https://i.postimg.cc/g0gdQTsg/2005-bmp1-capt-17-01-23.jpg,2023-01-18,4507,24320,2,380-4507243202
Ukraine,Soviet Union,BMP-1(P),captured,https://i.postimg.cc/15hGxkN9/2003-bmp1-capt-31-05-22.jpg,2023-01-24,4507,24322,2,380-4507243222
Ukraine,Soviet Union,BMP-1(P),captured,https://i.postimg.cc/hGWKz3H2/2013-bmp1-capt-20-07-22.jpg,2023-01-30,4507,24325,2,380-4507243252
Ukraine,Soviet Union,BMP-1(P),captured,https://i.postimg.cc/2SXLLN1D/2012-bmp1-capt-22-06-22.jpg,2023-02-13,4507,24327,2,380-4507243272
Ukraine,Soviet Union,BMP-1(P),captured,https://i.postimg.cc/tJHxRdYn/2018-bmp1-capt-04-02-23.jpg,2023-02-13,4507,24328,2,380-4507243282
Ukraine,Soviet Union,BMP-1(P),captured,https://i.postimg.cc/LscqvkkQ/2023-bmp1-capt-08-02-23.jpg,2023-02-13,4507,24329,2,380-4507243292
Ukraine,Soviet Union,BMP-1(P),captured,https://i.postimg.cc/Ghcw1vR9/2011-bmp1-dam-aband-19-03-23.jpg,2023-03-20,4507,24338,2,380-4507243382
Ukraine,Soviet Union,BMP-1(P),captured,https://i.postimg.cc/xTLx1hhP/32d.png,2023-03-29,4507,24342,2,380-4507243422
Ukraine,Soviet Union,BMP-1(P),captured,https://i.postimg.cc/Hx4q4ZYN/2013-bmp1-capt-18-10-22.jpg,2023-04-05,4507,24351,2,380-4507243512
Ukraine,Soviet Union,BMP-1(P),captured,https://twitter.com/UAWeapons/status/1658807110367313920,2023-05-22,4507,24372,2,380-4507243722
Ukraine,Soviet Union,BMP-1(P),captured,https://i.postimg.cc/Hj1HTgvK/2031-bmp1-capt-29-05-23.jpg,2023-06-04,4507,24377,2,380-4507243772
Ukraine,Soviet Union,BMP-1(P),captured,https://i.postimg.cc/mgTZ7444/2002-bmp1-capt-31-07-23.jpg,2023-08-15,4507,24413,2,380-4507244132
Ukraine,Soviet Union,BMP-1(P),captured,https://i.postimg.cc/x1f5c41t/65r.png,2023-09-10,4507,24447,2,380-4507244472
Ukraine,Soviet Union,BMP-1(P),captured,https://i.postimg.cc/VsDv77qx/2011-bmp1-capt-17-02-24.jpg,2024-02-23,4507,24499,2,380-4507244992
Ukraine,Soviet Union,BMP-1(P),captured,https://i.postimg.cc/nV4ZsqkW/2027-BMP-1-P-capt-12-08-24.jpg,2024-08-15,4507,24531,2,380-4507245312
Ukraine,Soviet Union,BMP-1(P),captured,https://i.postimg.cc/bvkxLQ9P/2035-BMP-1-P-capt-23-08-24.jpg,2024-09-09,4507,24542,2,380-4507245422
Ukraine,Soviet Union,BMP-1PG,captured,https://twitter.com/naalsio26/status/1645079744990289928,2023-04-10,6340,24555,2,380-6340245552
Ukraine,Ukraine,BMP-1U 'Shkval',captured,https://i.postimg.cc/KcC7csQq/477.png,2022-04-09,6342,24563,2,380-6342245632
Ukraine,Ukraine,BMP-1U Shkval,captured,https://twitter.com/naalsio26/status/1700546121746067960,2023-09-11,6343,24564,2,380-6343245642
Ukraine,Soviet Union,BMP-2,captured,https://i.postimg.cc/rpTdbQ9m/29.png,2022-03-19,4511,24567,2,380-4511245672
Ukraine,Soviet Union,BMP-2,captured,https://i.postimg.cc/T3fSzzth/b3.png,2022-05-31,4511,24580,2,380-4511245802
Ukraine,Soviet Union,BMP-2,captured,https://i.postimg.cc/Y0xNYsYy/b4.png,2022-05-31,4511,24581,2,380-4511245812
Ukraine,Soviet Union,BMP-2(K),captured,https://twitter.com/UAWeapons/status/1545899337682751489,2022-07-12,4513,24157,2,380-4513241572
Ukraine,Soviet Union,BMP-2(K),captured,https://i.postimg.cc/hGH1754W/2004-bmp-2.jpg,2022-08-04,4513,24588,2,380-4513245882
Ukraine,Soviet Union,BMP-2(K),captured,https://i.postimg.cc/7ZZ9vztc/2006-bmp2.jpg,2022-08-04,4513,24589,2,380-4513245892
Ukraine,Soviet Union,BMP-2(K),captured,https://i.postimg.cc/s2NXdBd7/880.png,2022-08-08,4513,24592,2,380-4513245922
Ukraine,Soviet Union,BMP-2K,captured,https://i.postimg.cc/cC2jmrRR/gg4.jpg,2022-05-23,4514,24595,2,380-4514245952
Ukraine,Ukraine,Bogdan-2251 ambulance pickup truck,captured,https://i.postimg.cc/QxvdHbF1/334f.png,2023-04-21,6345,24600,2,380-6345246002
Ukraine,Ukraine,Bogdan-2351 ambulance pickup truck,captured,https://i.postimg.cc/8zhmj3DM/54t.png,2022-10-19,6346,24606,2,380-6346246062
Ukraine,Ukraine,Bogdan-2351 ambulance pickup truck,captured,https://i.postimg.cc/c4dR9LXB/2006-Bogdan-2251-Ambulance-capt-xx-07-22.jpg,2023-02-12,6346,24612,2,380-6346246122
Ukraine,Ukraine,Bogdan-63172,captured,https://twitter.com/naalsio26/status/1659011517675712513,2023-05-23,6348,2698,2,380-634826982
Ukraine,Ukraine,Bogdan-63172,captured,https://i.postimg.cc/mg80yFh0/442.png,2023-08-30,6348,24630,2,380-6348246302
Ukraine,Ukraine,Bogdan-63172 'Kozak',captured,https://i.postimg.cc/x8sypSG9/5g2.png,2022-05-23,6349,24641,2,380-6349246412
Ukraine,Soviet Union,BRDM-2,captured,https://i.postimg.cc/wjZZCBgG/Screenshot-8367.png,2022-03-19,4520,24653,2,380-4520246532
Ukraine,Soviet Union,BRDM-2,captured,https://i.postimg.cc/SxJH19F9/Screenshot-8366.png,2022-03-19,4520,24654,2,380-4520246542
Ukraine,Soviet Union,BRDM-2,captured,https://i.postimg.cc/1RvcMjbR/3hl.png,2022-03-19,4520,24655,2,380-4520246552
Ukraine,Soviet Union,BRDM-2,captured,https://i.postimg.cc/MKcHscPj/g544.png,2022-03-19,4520,24656,2,380-4520246562
Ukraine,Soviet Union,BRDM-2,captured,https://i.postimg.cc/XvMt3H7S/4gj.png,2022-03-19,4520,24657,2,380-4520246572
Ukraine,Soviet Union,BRDM-2,captured,https://i.postimg.cc/x8NZ9VzQ/bl.png,2022-03-19,4520,24658,2,380-4520246582
Ukraine,Soviet Union,BRDM-2,captured,https://i.postimg.cc/vBJzLg4R/bl.png,2022-03-19,4520,24659,2,380-4520246592
Ukraine,Soviet Union,BRDM-2,captured,https://i.postimg.cc/Y0pYBKNR/325.png,2022-03-19,4520,24660,2,380-4520246602
Ukraine,Soviet Union,BRDM-2,captured,https://i.postimg.cc/ry5PsgNL/d13.png,2022-03-19,4520,24661,2,380-4520246612
Ukraine,Soviet Union,BRDM-2,captured,https://i.postimg.cc/gkZczL3J/f2hp.png,2022-03-19,4520,24662,2,380-4520246622
Ukraine,Soviet Union,BRDM-2,captured,https://i.postimg.cc/TYfDBCPr/577.png,2022-03-26,4520,24099,2,380-4520240992
Ukraine,Soviet Union,BRDM-2,captured,https://i.postimg.cc/KYF1K5KZ/5547.png,2022-03-26,4520,24647,2,380-4520246472
Ukraine,Soviet Union,BRDM-2,captured,https://i.postimg.cc/x1Pz37Vk/5577.png,2022-03-26,4520,24648,2,380-4520246482
Ukraine,Soviet Union,BRDM-2,captured,https://i.postimg.cc/x1q26JWK/443o.png,2022-03-26,4520,24649,2,380-4520246492
Ukraine,Soviet Union,BRDM-2,captured,https://i.postimg.cc/7Pg0LbtM/553.png,2022-03-26,4520,24650,2,380-4520246502
Ukraine,Soviet Union,BRDM-2,captured,https://i.postimg.cc/DZ1JmY6y/4436.png,2022-03-26,4520,24651,2,380-4520246512
Ukraine,Soviet Union,BRDM-2,captured,https://i.postimg.cc/fRy80Tc8/542.png,2022-03-26,4520,24665,2,380-4520246652
Ukraine,Soviet Union,BRDM-2,captured,https://i.postimg.cc/26hQJK6t/4f1.png,2022-03-26,4520,24666,2,380-4520246662
Ukraine,Soviet Union,BRDM-2,captured,https://i.postimg.cc/ZYQhmscP/438.png,2022-03-30,4520,24668,2,380-4520246682
Ukraine,Soviet Union,BRDM-2,captured,https://i.postimg.cc/KcC7csQq/477.png,2022-04-09,4520,24563,2,380-4520245632
Ukraine,Soviet Union,BRDM-2,captured,https://i.postimg.cc/HL340vkC/27.png,2022-04-11,4520,24671,2,380-4520246712
Ukraine,Soviet Union,BRDM-2,captured,https://i.postimg.cc/htZsSH95/443.jpg,2022-04-13,4520,24672,2,380-4520246722
Ukraine,Soviet Union,BRDM-2,captured,https://i.postimg.cc/Lsmp3xYM/37.png,2022-04-17,4520,24673,2,380-4520246732
Ukraine,Soviet Union,BRDM-2,captured,https://i.postimg.cc/59GrFQT8/87.png,2022-04-20,4520,24675,2,380-4520246752
Ukraine,Soviet Union,BRDM-2,captured,https://i.postimg.cc/RZfGyS3W/4330.png,2022-04-25,4520,24678,2,380-4520246782
Ukraine,Soviet Union,BRDM-2,captured,https://i.postimg.cc/bYGkc8Kq/358.png,2022-05-14,4520,24680,2,380-4520246802
Ukraine,Soviet Union,BRDM-2,captured,https://i.postimg.cc/4NkchXtV/6650.png,2022-05-23,4520,24681,2,380-4520246812
Ukraine,Soviet Union,BRDM-2,captured,https://i.postimg.cc/Znpzq7dX/f9.png,2022-05-25,4520,24682,2,380-4520246822
Ukraine,Soviet Union,BRDM-2,captured,https://i.postimg.cc/bwB497M3/a11.png,2022-06-07,4520,24684,2,380-4520246842
Ukraine,Soviet Union,BRDM-2,captured,https://i.postimg.cc/V6jT1dNV/a22.png,2022-06-07,4520,24685,2,380-4520246852
Ukraine,Soviet Union,BRDM-2,captured,https://i.postimg.cc/QNKN2xMZ/a1.png,2022-08-08,4520,24688,2,380-4520246882
Ukraine,Soviet Union,BRDM-2,captured,https://i.postimg.cc/3JMrY5y4/a2.png,2022-08-08,4520,24689,2,380-4520246892
Ukraine,Soviet Union,BRDM-2,captured,https://i.postimg.cc/Nf1s0JTN/a3.png,2022-08-08,4520,24690,2,380-4520246902
Ukraine,Soviet Union,BRDM-2,captured,https://postimg.cc/qgxtrDB5,2022-08-13,4520,24696,2,380-4520246962
Ukraine,Soviet Union,BRDM-2,captured,https://twitter.com/UAWeapons/status/1569740914821664770,2022-09-14,4520,24698,2,380-4520246982
Ukraine,Soviet Union,BRDM-2,captured,https://postimg.cc/N5m5ZWWj,2022-10-17,4520,24702,2,380-4520247022
Ukraine,Soviet Union,BRDM-2,captured,https://postimg.cc/SY0h4WV9,2022-10-17,4520,24703,2,380-4520247032
Ukraine,Soviet Union,BRDM-2,captured,https://postimg.cc/nCXkc0fN,2022-10-17,4520,24704,2,380-4520247042
Ukraine,Soviet Union,BRDM-2,captured,https://postimg.cc/pyv7D8Rc,2022-10-17,4520,24705,2,380-4520247052
Ukraine,Soviet Union,BRDM-2,captured,https://postimg.cc/k6PnN4gN,2022-10-17,4520,24706,2,380-4520247062
Ukraine,Soviet Union,BRDM-2,captured,https://postimg.cc/XG8NLbhr,2022-10-17,4520,24707,2,380-4520247072
Ukraine,Soviet Union,BRDM-2,captured,https://postimg.cc/47D1F81D,2022-10-17,4520,24708,2,380-4520247082
Ukraine,Soviet Union,BRDM-2,captured,https://i.postimg.cc/kGvzFsT2/2053-BRDM-2-capt-23-03-22.jpg,2022-12-05,4520,24714,2,380-4520247142
Ukraine,Soviet Union,BRDM-2,captured,https://i.postimg.cc/j5VFpm9W/2054-BRDM-2-capt-06-04-22.jpg,2022-12-05,4520,24715,2,380-4520247152
Ukraine,Soviet Union,BRDM-2,captured,https://i.postimg.cc/prR1T8PR/2055-BRDM-2-capt-08-07-22.jpg,2022-12-05,4520,24716,2,380-4520247162
Ukraine,Soviet Union,BRDM-2,captured,https://i.postimg.cc/W15dZLfn/2003-brdm2-capt-11-02-23.jpg,2023-02-13,4520,24719,2,380-4520247192
Ukraine,Soviet Union,BRDM-2,captured,https://i.postimg.cc/N0NpsbGX/2015-BRDM-2-capt-25-02-22.jpg,2024-01-21,4520,24733,2,380-4520247332
Ukraine,Ukraine,BRDM-2L1,captured,https://postimg.cc/HJBwFzYS,2022-10-17,6350,24741,2,380-6350247412
Ukraine,Ukraine,BRDM-2L1,captured,https://postimg.cc/5YQxLzJ2,2022-10-17,6350,24742,2,380-6350247422
Ukraine,Ukraine,BRDM-2L1,captured,https://postimg.cc/kVfcKVcz,2022-10-17,6350,24743,2,380-6350247432
Ukraine,Ukraine,BRDM-2L1,captured,https://postimg.cc/WDk10Wxx,2022-10-17,6350,24744,2,380-6350247442
Ukraine,Ukraine,BRDM-2L1,captured,https://i.postimg.cc/SK8Fvjz3/187.png,2022-10-21,6350,24745,2,380-6350247452
Ukraine,Ukraine,BRDM-2L1,captured,https://i.postimg.cc/bwrq3zgf/321.png,2022-10-21,6350,24746,2,380-6350247462
Ukraine,Ukraine,BRDM-2L1,captured,https://i.postimg.cc/Xqx0khyv/768.png,2022-10-21,6350,24747,2,380-6350247472
Ukraine,Ukraine,BRDM-2L1,captured,https://i.postimg.cc/JhCvmb4n/2003-brdm2l-destr.jpg,2022-12-08,6350,24749,2,380-6350247492
Ukraine,Ukraine,BRDM-2L1,captured,https://i.postimg.cc/vmSxJFrB/2008-BRDM-2-L1-capt-28-02-22.jpg,2023-02-13,6350,24754,2,380-6350247542
Ukraine,Ukraine,BRDM-2L1,captured,https://i.postimg.cc/bJVvTZqm/4490.png,2023-04-11,6350,24758,2,380-6350247582
Ukraine,Ukraine,BRDM-2L1,captured,https://i.postimg.cc/YS1yrYkV/2042-BRDM-2-L1-capt-17-09-24.jpg,2024-09-20,6350,24774,2,380-6350247742
Ukraine,Ukraine,BRDM-2L1,captured,https://i.postimg.cc/bvwQgv6Q/2007-BRDM-2-L1-capt-04-09-24.jpg,2024-09-26,6350,24775,2,380-6350247752
Ukraine,Ukraine,BRDM-2L1,captured,https://i.postimg.cc/FRzrp8jk/2121-BRDM-2-L1-capt-22-10-24.jpg,2024-10-23,6350,24778,2,380-6350247782
Ukraine,Soviet Union,BRDM-2RKhb chemical reconnaissance vehicle,captured,https://i.postimg.cc/YCjxkW7g/2010-BRDM-2-RKh-B-CBRN-capt-31-03-22.jpg,2023-01-01,6351,24780,2,380-6351247802
Ukraine,Soviet Union,BREM-1 ARV,captured,https://i.postimg.cc/Prww0Ysy/133.png,2022-03-19,6352,24792,2,380-6352247922
Ukraine,Soviet Union,BRM-1K,captured,https://i.postimg.cc/tC4jmbcK/446.png,2022-03-19,4526,24794,2,380-4526247942
Ukraine,Soviet Union,BRM-1K,captured,https://i.postimg.cc/ZnMyg04W/6669.jpg,2022-03-19,4526,24795,2,380-4526247952
Ukraine,Soviet Union,BRM-1K,captured,https://i.postimg.cc/0Q71gWbb/652.png,2022-03-19,4526,24796,2,380-4526247962
Ukraine,Soviet Union,BRM-1K,captured,https://i.postimg.cc/ZKwfSH3R/t4.jpg,2022-04-10,4526,24797,2,380-4526247972
Ukraine,Soviet Union,BRM-1K,captured,https://i.postimg.cc/65pcRcw1/448.png,2022-04-20,4526,24798,2,380-4526247982
Ukraine,Soviet Union,BRM-1K,captured,https://postimg.cc/Xrdg4kJx,2022-05-06,4526,24799,2,380-4526247992
Ukraine,Soviet Union,BRM-1K reconnaissance vehicle,captured,https://i.postimg.cc/gjKDwY6L/2110.jpg,2022-07-21,6353,24802,2,380-6353248022
Ukraine,Ukraine,BTR-3,captured,https://i.postimg.cc/wv6zrZdn/Screenshot-8248.png,2022-03-19,6355,24806,2,380-6355248062
Ukraine,Ukraine,BTR-3,captured,https://i.postimg.cc/m2kRmDDP/g789.png,2022-03-19,6355,24807,2,380-6355248072
Ukraine,Ukraine,BTR-3,captured,https://i.postimg.cc/J4ghCNhL/678.jpg,2022-04-09,6355,24813,2,380-6355248132
Ukraine,Ukraine,BTR-3,captured,https://i.postimg.cc/kMzdJ1XL/18.png,2022-05-01,6355,24816,2,380-6355248162
Ukraine,Ukraine,BTR-3,captured,https://i.postimg.cc/c1B84mdp/4f.png,2022-05-06,6355,24818,2,380-6355248182
Ukraine,Ukraine,BTR-3,captured,https://i.postimg.cc/yd8JRBxc/5j.png,2022-05-08,6355,24819,2,380-6355248192
Ukraine,Ukraine,BTR-3,captured,https://i.postimg.cc/7hKWgHn8/356.png,2022-10-17,6355,24824,2,380-6355248242
Ukraine,Ukraine,BTR-3,captured,https://i.postimg.cc/FFTWCK3w/4689.png,2022-10-17,6355,24825,2,380-6355248252
Ukraine,Ukraine,BTR-3,captured,https://i.postimg.cc/QdzZ2b5G/y60.png,2022-10-17,6355,24826,2,380-6355248262
Ukraine,Ukraine,BTR-3,captured,https://i.postimg.cc/yYxVggcD/2011-btr3e-capt-28-09-22.jpg,2023-02-13,6355,24835,2,380-6355248352
Ukraine,Ukraine,BTR-4,captured,https://i.postimg.cc/tCP3NpHR/c1.png,2022-03-19,6356,24857,2,380-6356248572
Ukraine,Ukraine,BTR-4,captured,https://i.postimg.cc/htB9C6SL/c2.png,2022-03-19,6356,24858,2,380-6356248582
Ukraine,Ukraine,BTR-4,captured,https://i.postimg.cc/wBxnxNsW/5g.png,2022-03-19,6356,24859,2,380-6356248592
Ukraine,Ukraine,BTR-4,captured,https://i.postimg.cc/hvD5vnK7/c2.png,2022-03-19,6356,24860,2,380-6356248602
Ukraine,Ukraine,BTR-4,captured,https://i.postimg.cc/QCfnWzMY/c3.png,2022-03-19,6356,24861,2,380-6356248612
Ukraine,Ukraine,BTR-4,captured,https://i.postimg.cc/Nf0nwQN3/c4.png,2022-03-19,6356,24862,2,380-6356248622
Ukraine,Ukraine,BTR-4,captured,https://i.postimg.cc/tCmMq8wY/c5.png,2022-03-19,6356,24863,2,380-6356248632
Ukraine,Ukraine,BTR-4,captured,https://i.postimg.cc/XJv4gt66/Screenshot-8643.png,2022-03-19,6356,24864,2,380-6356248642
Ukraine,Ukraine,BTR-4,captured,https://i.postimg.cc/DzFNDmJb/j1.png,2022-03-19,6356,24865,2,380-6356248652
Ukraine,Ukraine,BTR-4,captured,https://i.postimg.cc/8zL3tL5S/j2.png,2022-03-19,6356,24866,2,380-6356248662
Ukraine,Ukraine,BTR-4,captured,https://i.postimg.cc/65KrHtcb/413.png,2022-03-19,6356,24867,2,380-6356248672
Ukraine,Ukraine,BTR-4,captured,https://i.postimg.cc/4x3jXzd0/4311.png,2022-03-19,6356,24868,2,380-6356248682
Ukraine,Ukraine,BTR-4,captured,https://i.postimg.cc/sx8Mcqch/47.png,2022-03-26,6356,24870,2,380-6356248702
Ukraine,Ukraine,BTR-4,captured,https://i.postimg.cc/QCRhgWpV/437.png,2022-03-31,6356,24872,2,380-6356248722
Ukraine,Ukraine,BTR-4,captured,https://i.postimg.cc/g2Gkg8C6/17.png,2022-03-31,6356,24873,2,380-6356248732
Ukraine,Ukraine,BTR-4,captured,https://i.postimg.cc/J0k2Wxhq/b5.jpg,2022-03-31,6356,24874,2,380-6356248742
Ukraine,Ukraine,BTR-4,captured,https://i.postimg.cc/TYbH7h2W/46.png,2022-04-04,6356,24876,2,380-6356248762
Ukraine,Ukraine,BTR-4,captured,https://i.postimg.cc/13p2q8Xq/46.png,2022-04-13,6356,24877,2,380-6356248772
Ukraine,Ukraine,BTR-4,captured,https://i.postimg.cc/fTkNLbqJ/36.png,2022-04-25,6356,24879,2,380-6356248792
Ukraine,Ukraine,BTR-4,captured,https://i.postimg.cc/FKcSTZZw/52.png,2022-05-01,6356,24880,2,380-6356248802
Ukraine,Ukraine,BTR-4,captured,https://i.postimg.cc/6phJCJsP/667.png,2022-05-01,6356,24881,2,380-6356248812
Ukraine,Ukraine,BTR-4,captured,https://i.postimg.cc/Twhcyb1s/43j.png,2022-05-14,6356,24884,2,380-6356248842
Ukraine,Ukraine,BTR-4,captured,https://i.postimg.cc/j53CbfRq/4433.png,2022-06-02,6356,24886,2,380-6356248862
Ukraine,Ukraine,BTR-4,captured,https://i.postimg.cc/YCHZtyn0/25.png,2022-06-02,6356,24887,2,380-6356248872
Ukraine,Ukraine,BTR-4,captured,https://i.postimg.cc/fLCqTwPR/87777.png,2022-06-02,6356,24888,2,380-6356248882
Ukraine,Ukraine,BTR-4,captured,https://i.postimg.cc/YST0Gqf1/4f69.png,2022-07-24,6356,24894,2,380-6356248942
Ukraine,Ukraine,BTR-4,captured,https://i.postimg.cc/Dww4MbR2/d16.png,2022-08-08,6356,24896,2,380-6356248962
Ukraine,Ukraine,BTR-4,captured,https://i.postimg.cc/ZYQQRrFQ/665.png,2022-08-08,6356,24897,2,380-6356248972
Ukraine,Ukraine,BTR-4,captured,https://i.postimg.cc/CLVKWfB3/87.png,2022-08-08,6356,24898,2,380-6356248982
Ukraine,Soviet Union,BTR-60,captured,https://i.postimg.cc/wv5Mw3LL/Screenshot-8388.png,2022-03-19,6357,24903,2,380-6357249032
Ukraine,Soviet Union,BTR-60,captured,https://i.postimg.cc/brZyFMTj/f4d.png,2022-03-19,6357,24904,2,380-6357249042
Ukraine,Soviet Union,BTR-60,captured,https://i.postimg.cc/mgns2vNk/a1.png,2022-03-19,6357,24905,2,380-6357249052
Ukraine,Soviet Union,BTR-60,captured,https://i.postimg.cc/X7fQsQrh/4438.png,2022-03-19,6357,24906,2,380-6357249062
Ukraine,Soviet Union,BTR-60PB,captured,https://i.postimg.cc/7L6YdXNF/2111.jpg,2022-07-21,6358,24908,2,380-6358249082
Ukraine,Soviet Union,BTR-60PB,captured,https://postimg.cc/MXSdjSqy,2022-10-17,6358,24912,2,380-6358249122
Ukraine,Soviet Union,BTR-60PB,captured,https://i.postimg.cc/W1q2Hf3r/w20.png,2022-10-17,6358,24913,2,380-6358249132
Ukraine,Soviet Union,BTR-60PU-12 air defence command vehicle,captured,https://i.postimg.cc/kX7WQKTW/4679.png,2022-10-17,6359,24933,2,380-6359249332
Ukraine,Ukraine,BTR-7,captured,https://postimg.cc/JDT8Vg0d,2022-10-17,6360,24935,2,380-6360249352
Ukraine,Ukraine,BTR-7,captured,https://postimg.cc/75mpKLY8,2022-10-17,6360,24936,2,380-6360249362
Ukraine,Ukraine,BTR-7,captured,https://i.postimg.cc/PfM2xxRx/676.png,2022-10-17,6360,24937,2,380-6360249372
Ukraine,Ukraine,BTR-7,captured,https://i.postimg.cc/DzXKks5m/5g.png,2022-10-17,6360,24938,2,380-6360249382
Ukraine,Soviet Union,BTR-70,captured,https://i.postimg.cc/9FS2wLRZ/Screenshot-8016.png,2022-03-19,4530,24941,2,380-4530249412
Ukraine,Soviet Union,BTR-70,captured,https://i.postimg.cc/hvpjqwCG/Screenshot-8389.png,2022-03-19,4530,24942,2,380-4530249422
Ukraine,Soviet Union,BTR-70,captured,https://i.postimg.cc/TYrB0g16/435.png,2022-03-19,4530,24943,2,380-4530249432
Ukraine,Soviet Union,BTR-70,captured,https://i.postimg.cc/QC4rShLH/ca2.png,2022-03-19,4530,24944,2,380-4530249442
Ukraine,Soviet Union,BTR-70,captured,https://i.postimg.cc/SxXFkBG3/31.png,2022-03-19,4530,24945,2,380-4530249452
Ukraine,Soviet Union,BTR-70,captured,https://i.postimg.cc/W4GZXHLD/311.png,2022-03-26,4530,24946,2,380-4530249462
Ukraine,Soviet Union,BTR-70,captured,https://i.postimg.cc/fTZRgryB/4678.jpg,2022-03-31,4530,24948,2,380-4530249482
Ukraine,Soviet Union,BTR-70,captured,https://i.postimg.cc/SKH9bxLg/57.png,2022-04-13,4530,24949,2,380-4530249492
Ukraine,Soviet Union,BTR-70,captured,https://i.postimg.cc/vBCcdfx0/78.png,2022-04-16,4530,24950,2,380-4530249502
Ukraine,Soviet Union,BTR-70,captured,https://i.postimg.cc/rFZ5bm4k/588.png,2022-05-01,4530,24952,2,380-4530249522
Ukraine,Soviet Union,BTR-70,captured,https://i.postimg.cc/vBr82KhS/98.png,2022-05-03,4530,24953,2,380-4530249532
Ukraine,Soviet Union,BTR-70,captured,https://i.postimg.cc/fbXdcQ6X/2d5.png,2022-08-08,4530,24956,2,380-4530249562
Ukraine,Soviet Union,BTR-70,captured,https://i.postimg.cc/xTXzP42R/5427.png,2022-10-11,4530,24964,2,380-4530249642
Ukraine,Soviet Union,BTR-70,captured,https://i.postimg.cc/x18j2CdW/a1.png,2022-10-17,4530,24968,2,380-4530249682
Ukraine,Soviet Union,BTR-70,captured,https://postimg.cc/Ln2GtPB6,2022-10-17,4530,24969,2,380-4530249692
Ukraine,Soviet Union,BTR-70,captured,https://postimg.cc/v49PCHvS,2022-10-17,4530,24970,2,380-4530249702
Ukraine,Soviet Union,BTR-70,captured,https://postimg.cc/hJBjtVt9,2022-10-17,4530,24971,2,380-4530249712
Ukraine,Soviet Union,BTR-70,captured,https://i.postimg.cc/rpRk6qmF/1300.jpg,2023-04-29,4530,24979,2,380-4530249792
Ukraine,Soviet Union,BTR-70,captured,https://i.postimg.cc/7YMcv3z3/2014-BTR-70-capt-25-02-22.jpg,2024-01-21,4530,24985,2,380-4530249852
Ukraine,Ukraine,BTR-70DI-02 'Svityaz' command and staff vehicle,captured,https://i.postimg.cc/W3nKYKXB/447p.png,2023-04-21,6361,24988,2,380-6361249882
Ukraine,Ukraine,BTR-70M,captured,https://i.postimg.cc/SxZz4P7K/55700.png,2022-10-17,4531,24989,2,380-4531249892
Ukraine,Ukraine,BTR-70M,captured,https://i.postimg.cc/668j9tjm/467k.png,2022-10-19,4531,24990,2,380-4531249902
Ukraine,Ukraine,BTR-70M,captured,https://i.postimg.cc/Qd7M04Zf/447.png,2022-10-20,4531,24991,2,380-4531249912
Ukraine,Ukraine,BTR-70M,captured,https://i.postimg.cc/DyqN5JnJ/3f67.png,2023-04-03,4531,24995,2,380-4531249952
Ukraine,Soviet Union,BTR-80,captured,https://i.postimg.cc/k4Pf76VB/v1.png,2022-03-19,4532,25000,2,380-4532250002
Ukraine,Soviet Union,BTR-80,captured,https://i.postimg.cc/NM8bFsTb/v2.png,2022-03-19,4532,25001,2,380-4532250012
Ukraine,Soviet Union,BTR-80,captured,https://i.postimg.cc/m2wPCdGj/f5.png,2022-03-19,4532,25002,2,380-4532250022
Ukraine,Soviet Union,BTR-80,captured,https://i.postimg.cc/vmfmGWrJ/f433.png,2022-03-19,4532,25003,2,380-4532250032
Ukraine,Soviet Union,BTR-80,captured,https://i.postimg.cc/xd4xBGTy/431d.png,2022-03-19,4532,25004,2,380-4532250042
Ukraine,Soviet Union,BTR-80,captured,https://i.postimg.cc/90DnYM8h/3315.png,2022-03-26,4532,25005,2,380-4532250052
Ukraine,Soviet Union,BTR-80,captured,https://i.postimg.cc/43N0bh7c/47.png,2022-03-26,4532,25006,2,380-4532250062
Ukraine,Soviet Union,BTR-80,captured,https://i.postimg.cc/HkHy452z/65.png,2022-04-08,4532,25008,2,380-4532250082
Ukraine,Soviet Union,BTR-80,captured,https://i.postimg.cc/x1Fc9pdP/c1.png,2022-04-13,4532,25010,2,380-4532250102
Ukraine,Soviet Union,BTR-80,captured,https://i.postimg.cc/kXT5yYWd/c2.png,2022-04-13,4532,25011,2,380-4532250112
Ukraine,Soviet Union,BTR-80,captured,https://i.postimg.cc/KjqNr910/399.png,2022-04-16,4532,25013,2,380-4532250132
Ukraine,Soviet Union,BTR-80,captured,https://i.postimg.cc/tT1FPh0j/456.png,2022-04-16,4532,25014,2,380-4532250142
Ukraine,Soviet Union,BTR-80,captured,https://i.postimg.cc/0jQF7XkN/87.png,2022-04-16,4532,25015,2,380-4532250152
Ukraine,Soviet Union,BTR-80,captured,https://postimg.cc/NK7P45WT,2022-04-19,4532,25016,2,380-4532250162
Ukraine,Soviet Union,BTR-80,captured,https://i.postimg.cc/dQSWMY46/b2.png,2022-04-19,4532,25017,2,380-4532250172
Ukraine,Soviet Union,BTR-80,captured,https://i.postimg.cc/kMxNG0mN/577.png,2022-04-20,4532,25018,2,380-4532250182
Ukraine,Soviet Union,BTR-80,captured,https://i.postimg.cc/G3F3YPzY/87.png,2022-04-20,4532,25019,2,380-4532250192
Ukraine,Soviet Union,BTR-80,captured,https://i.postimg.cc/k5LtNkxW/286.png,2022-05-01,4532,25021,2,380-4532250212
Ukraine,Soviet Union,BTR-80,captured,https://i.postimg.cc/kgcc9QGw/2d.png,2022-05-08,4532,25024,2,380-4532250242
Ukraine,Soviet Union,BTR-80,captured,https://i.postimg.cc/TPTZNqg8/438.png,2022-05-11,4532,25027,2,380-4532250272
Ukraine,Soviet Union,BTR-80,captured,https://i.postimg.cc/MZ0J7W2d/g59.png,2022-05-14,4532,25029,2,380-4532250292
Ukraine,Soviet Union,BTR-80,captured,https://i.postimg.cc/NF04r38N/2112.jpg,2022-07-21,4532,25035,2,380-4532250352
Ukraine,Soviet Union,BTR-80,captured,https://i.postimg.cc/MKPmRw6L/443333.png,2022-07-21,4532,25036,2,380-4532250362
Ukraine,Soviet Union,BTR-80,captured,https://postimg.cc/67NyqCSj,2022-08-09,4532,25041,2,380-4532250412
Ukraine,Soviet Union,BTR-80,captured,https://postimg.cc/YhJxSHh3,2022-08-13,4532,25042,2,380-4532250422
Ukraine,Soviet Union,BTR-80,captured,https://i.postimg.cc/V6jPBxf4/2005-btr80-capt.jpg,2022-10-08,4532,25044,2,380-4532250442
Ukraine,Soviet Union,BTR-80,captured,https://i.postimg.cc/MHmNcy9d/fg.png,2022-10-17,4532,25048,2,380-4532250482
Ukraine,Soviet Union,BTR-80,captured,https://postimg.cc/fJ887NFP,2022-10-18,4532,25051,2,380-4532250512
Ukraine,Soviet Union,BTR-80,captured,https://postimg.cc/0MfPyF4s,2022-10-18,4532,25052,2,380-4532250522
Ukraine,Soviet Union,BTR-80,captured,https://postimg.cc/WhxgRGWs,2022-10-18,4532,25053,2,380-4532250532
Ukraine,Soviet Union,BTR-80,captured,https://i.postimg.cc/vH3gZYdn/3e.png,2022-10-18,4532,25054,2,380-4532250542
Ukraine,Soviet Union,BTR-80,captured,https://i.postimg.cc/bJmW28jm/336.png,2022-10-21,4532,25055,2,380-4532250552
Ukraine,Soviet Union,BTR-80,captured,https://i.postimg.cc/SQYjCmjX/f65.png,2022-10-24,4532,25056,2,380-4532250562
Ukraine,Soviet Union,BTR-80,captured,https://i.postimg.cc/8P16SJKk/53g.png,2022-10-30,4532,25057,2,380-4532250572
Ukraine,Soviet Union,BTR-80,captured,https://i.postimg.cc/wBbm3dHv/2095-BTR-80-capt-15-03-22.jpg,2022-12-05,4532,25068,2,380-4532250682
Ukraine,Soviet Union,BTR-80,captured,https://i.postimg.cc/j5wJ7kdh/2096-BTR-80-capt-02-06-22.jpg,2022-12-05,4532,25069,2,380-4532250692
Ukraine,Soviet Union,BTR-80,captured,https://i.postimg.cc/cCq5ZrhN/57.png,2022-12-23,4532,25071,2,380-4532250712
Ukraine,Soviet Union,BTR-D,captured,https://i.postimg.cc/1zMSVqKB/46l.png,2022-04-13,4535,25077,2,380-4535250772
Ukraine,Soviet Union,BTS-4 ARV,captured,https://i.postimg.cc/BQyRX6qK/689.png,2022-04-14,6362,25079,2,380-6362250792
Ukraine,Soviet Union,BTS-4 ARV,captured,https://i.postimg.cc/3J251m83/38.png,2022-04-16,6362,25080,2,380-6362250802
Ukraine,Soviet Union,BTS-4 ARV with ZU-23 AA gun,captured,https://i.postimg.cc/5tS2GFW7/d30.jpg,2022-04-24,6363,25081,2,380-6363250812
Ukraine,Yugoslavia,BVP M-80A,captured,https://i.postimg.cc/1t0vkh27/2011-BVP-M-80-A-dam-capt-31-05-23.jpg,2024-02-21,6366,25114,2,380-6366251142
Ukraine,Poland,BWP-1,captured,https://i.postimg.cc/d3dCjFZf/5877.png,2023-04-11,6367,25121,2,380-6367251212
Ukraine,Sweden,CV9040C,captured,https://i.postimg.cc/qv2mkfw9/2100-cv90-dam-capt-24-08-24.jpg,2024-09-03,6369,25129,2,380-6369251292
Ukraine,Ukraine,Dovbush T10,captured,https://postlmg.cc/jWYhrRvL,2023-09-15,6371,25141,2,380-6371251412
Ukraine,United States,FGM-148 Javelin,captured,https://twitter.com/UAWeapons/status/1499793578591236260,2022-03-19,6375,25151,2,380-6375251512
Ukraine,United States,FGM-148 Javelin,captured,https://i.postimg.cc/s2gp1G7k/3d35.png,2022-03-19,6375,25152,2,380-6375251522
Ukraine,United States,FGM-148 Javelin,captured,https://i.postimg.cc/hjCGVymS/21d.png,2022-03-19,6375,25153,2,380-6375251532
Ukraine,United States,FGM-148 Javelin,captured,https://i.postimg.cc/Vk0cKg2s/o98.png,2022-03-19,6375,25154,2,380-6375251542
Ukraine,United States,FGM-148 Javelin,captured,https://i.postimg.cc/wMJkzgP0/7o.png,2022-03-19,6375,25155,2,380-6375251552
Ukraine,Poland,FlyEye,captured,https://i.postimg.cc/PJVKQjd4/1000-Flyeye-capt-09-01-2023.png,2023-01-22,6376,25156,2,380-6376251562
Ukraine,Poland,FlyEye,captured,https://i.postimg.cc/4yKZ7knS/2021-Fly-Eye-reconnaissance-UAV-capt-24-02-24.jpg,2024-02-29,6376,25162,2,380-6376251622
Ukraine,Poland,FlyEye,captured,https://i.postimg.cc/k522GfYK/2016-Fly-Eye-UAV-capt-04-04-24.jpg,2024-04-27,6376,25164,2,380-6376251642
Ukraine,Poland,FlyEye,captured,https://i.postimg.cc/mDfsb77d/2004-Fly-Eye-reconnaissance-UAV-capt-26-04-24.jpg,2024-05-02,6376,25165,2,380-6376251652
Ukraine,United Kingdom,FV103 Spartan,captured,https://twitter.com/UAWeapons/status/1658807110367313920,2023-05-22,6378,24372,2,380-6378243722
Ukraine,United Kingdom,FV103 Spartan,captured,https://i.postimg.cc/5yQXcfRy/2007-FV103-Spartan-capt-13-07-24.jpg,2024-07-18,6378,25185,2,380-6378251852
Ukraine,Russia,GAZ-3308,captured,https://i.postimg.cc/ZKFx1vPD/776.png,2022-03-26,4551,25190,2,380-4551251902
Ukraine,Soviet Union,GAZ-66,captured,https://i.postimg.cc/9MGPZgQM/Screenshot-8017.png,2022-03-19,4553,25202,2,380-4553252022
Ukraine,Soviet Union,GAZ-66,captured,https://i.postimg.cc/1RVZrFkD/Screenshot-8053.png,2022-03-19,4553,25203,2,380-4553252032
Ukraine,Soviet Union,GAZ-66,captured,https://i.postimg.cc/jdz0Gbd5/Screenshot-8054.png,2022-03-19,4553,25204,2,380-4553252042
Ukraine,Soviet Union,GAZ-66,captured,https://i.postimg.cc/R0vMzqRd/g544.png,2022-03-19,4553,25205,2,380-4553252052
Ukraine,Soviet Union,GAZ-66,captured,https://i.postimg.cc/qR4Nyztq/113.png,2022-03-19,4553,25206,2,380-4553252062
Ukraine,Soviet Union,GAZ-66,captured,https://i.postimg.cc/JnVmfxgG/bl.png,2022-03-19,4553,25207,2,380-4553252072
Ukraine,Soviet Union,GAZ-66,captured,https://i.postimg.cc/VLr5Xr51/542f.png,2022-03-19,4553,25208,2,380-4553252082
Ukraine,Soviet Union,GAZ-66,captured,https://i.postimg.cc/Z507F6Jx/659.png,2022-03-19,4553,25209,2,380-4553252092
Ukraine,Soviet Union,GAZ-66,captured,https://i.postimg.cc/gkG63gXS/g2.png,2022-03-26,4553,25213,2,380-4553252132
Ukraine,Soviet Union,GAZ-66,captured,https://i.postimg.cc/Y0MjfS9G/43.png,2022-03-26,4553,25214,2,380-4553252142
Ukraine,Soviet Union,GAZ-66,captured,https://i.postimg.cc/h40ThkyZ/4370.png,2022-03-26,4553,25215,2,380-4553252152
Ukraine,Soviet Union,GAZ-66,captured,https://i.postimg.cc/xdmGTg40/386.png,2022-03-26,4553,25216,2,380-4553252162
Ukraine,Soviet Union,GAZ-66,captured,https://i.postimg.cc/jSPZqkrv/776.png,2022-03-26,4553,25217,2,380-4553252172
Ukraine,Soviet Union,GAZ-66,captured,https://i.postimg.cc/2SzvZzbq/443.png,2022-03-26,4553,25218,2,380-4553252182
Ukraine,Soviet Union,GAZ-66,captured,https://i.postimg.cc/pddP8SJY/Screenshot-8138.png,2022-03-26,4553,25219,2,380-4553252192
Ukraine,Soviet Union,GAZ-66,captured,https://i.postimg.cc/Ls7FP8X2/Screenshot-8161.png,2022-03-26,4553,25220,2,380-4553252202
Ukraine,Soviet Union,GAZ-66,captured,https://i.postimg.cc/s21R1h3T/Screenshot-8160.png,2022-03-26,4553,25221,2,380-4553252212
Ukraine,Soviet Union,GAZ-66,captured,https://i.postimg.cc/6QKvXBw6/Screenshot-8148.png,2022-03-26,4553,25222,2,380-4553252222
Ukraine,Soviet Union,GAZ-66,captured,https://i.postimg.cc/6QCMtvY4/3d.jpg,2022-04-06,4553,25224,2,380-4553252242
Ukraine,Soviet Union,GAZ-66,captured,https://i.postimg.cc/tJz8byHq/46.png,2022-04-20,4553,25229,2,380-4553252292
Ukraine,Soviet Union,GAZ-66,captured,https://i.postimg.cc/Cxj4pQ45/87.png,2022-04-20,4553,25230,2,380-4553252302
Ukraine,Soviet Union,GAZ-66,captured,https://i.postimg.cc/rFZ5bm4k/588.png,2022-05-01,4553,24952,2,380-4553249522
Ukraine,Soviet Union,GAZ-66,captured,https://i.postimg.cc/NGCNSPrF/4433.png,2022-05-03,4553,25232,2,380-4553252322
Ukraine,Soviet Union,GAZ-66,captured,https://i.postimg.cc/ZKrb3H8r/14.png,2022-05-10,4553,25233,2,380-4553252332
Ukraine,Soviet Union,GAZ-66,captured,https://i.postimg.cc/prPjVJt8/688.jpg,2022-05-13,4553,25234,2,380-4553252342
Ukraine,Soviet Union,GAZ-66,captured,https://i.postimg.cc/65xFtXnZ/2004.jpg,2022-07-21,4553,25236,2,380-4553252362
Ukraine,Soviet Union,GAZ-66,captured,https://postimg.cc/JsnnQ5TW,2022-07-21,4553,25237,2,380-4553252372
Ukraine,Soviet Union,GAZ-66,captured,https://i.postimg.cc/yNymWq1g/2114.jpg,2022-07-21,4553,25238,2,380-4553252382
Ukraine,Soviet Union,GAZ-66,captured,https://i.postimg.cc/P5ksMxmY/33r56.png,2022-10-17,4553,25242,2,380-4553252422
Ukraine,Soviet Union,GMZ-3 minelayer,captured,https://postimg.cc/9wRyy6q6,2022-10-18,4557,25245,2,380-4557252452
Ukraine,Soviet Union,GMZ-3 minelayer,captured,https://i.postimg.cc/GhJBg5Fg/479.png,2022-12-21,4557,25246,2,380-4557252462
Ukraine,Soviet Union,GT-MU AFV converted to APC,captured,https://i.postimg.cc/v8C92pwN/4711.png,2022-04-21,6381,25248,2,380-6381252482
Ukraine,Ukraine,Gyurza-M class gunboat,captured,https://i.postimg.cc/hjqgGwmt/f55.jpg,2022-03-19,6382,25249,2,380-6382252492
Ukraine,Ukraine,Gyurza-M class gunboat,captured,https://i.postimg.cc/Xv5443pP/f6.jpg,2022-03-19,6382,25250,2,380-6382252502
Ukraine,Ukraine,Gyurza-M class gunboat,captured,https://i.postimg.cc/wjr3y0Lx/28.png,2022-04-15,6382,25251,2,380-6382252512
Ukraine,United States,HMMWV,captured,https://i.postimg.cc/GtQ70qYt/4fh.png,2022-03-19,6383,25255,2,380-6383252552
Ukraine,United States,HMMWV,captured,https://i.postimg.cc/zX4hRNMG/4799.png,2022-03-19,6383,25256,2,380-6383252562
Ukraine,United States,HMMWV,captured,https://i.postimg.cc/y88wjYxy/d12.png,2022-03-29,6383,25258,2,380-6383252582
Ukraine,United States,HMMWV,captured,https://i.postimg.cc/zGpRmpJ1/34.png,2022-03-29,6383,25259,2,380-6383252592
Ukraine,United States,HMMWV,captured,https://i.postimg.cc/FR7hwCq6/3255.png,2022-03-30,6383,25261,2,380-6383252612
Ukraine,United States,HMMWV,captured,https://i.postimg.cc/Fshr6p0V/5421.png,2022-03-31,6383,25263,2,380-6383252632
Ukraine,United States,HMMWV,captured,https://i.postimg.cc/zvFc1htz/d2.jpg,2022-04-06,6383,25266,2,380-6383252662
Ukraine,United States,HMMWV,captured,https://i.postimg.cc/63FnxPNL/779.png,2022-04-08,6383,25267,2,380-6383252672
Ukraine,United States,HMMWV,captured,https://i.postimg.cc/J0mpRLkX/5799.png,2022-04-11,6383,25268,2,380-6383252682
Ukraine,United States,HMMWV,captured,https://i.postimg.cc/BbMBs1sW/80.jpg,2022-04-11,6383,25269,2,380-6383252692
Ukraine,United States,HMMWV,captured,https://i.postimg.cc/R0MP7jS3/55.png,2022-04-24,6383,25270,2,380-6383252702
Ukraine,United States,HMMWV,captured,https://i.postimg.cc/7YLY6Kz4/14.png,2022-05-01,6383,25273,2,380-6383252732
Ukraine,United States,HMMWV,captured,https://i.postimg.cc/FzBFNNC6/13.png,2022-05-01,6383,25274,2,380-6383252742
Ukraine,United States,HMMWV,captured,https://i.postimg.cc/8c5k2j4W/12.png,2022-05-01,6383,25275,2,380-6383252752
Ukraine,United States,HMMWV,captured,https://i.postimg.cc/26CSxHB0/r11.png,2022-05-01,6383,25276,2,380-6383252762
Ukraine,United States,HMMWV,captured,https://i.postimg.cc/cCQ4kmGh/438.png,2022-05-01,6383,25277,2,380-6383252772
Ukraine,United States,HMMWV,captured,https://i.postimg.cc/BvCM2mjW/43fs.png,2022-05-28,6383,25279,2,380-6383252792
Ukraine,United States,HMMWV,captured,https://twitter.com/UAWeapons/status/1543548844910206976,2022-07-04,6383,25281,2,380-6383252812
Ukraine,United States,HMMWV,captured,https://i.postimg.cc/vZSvfvgd/2002-M1151-HMMWV.png,2022-08-30,6383,25283,2,380-6383252832
Ukraine,United States,HMMWV,captured,https://i.postimg.cc/jjxC3J44/4311.png,2022-10-11,6383,25289,2,380-6383252892
Ukraine,United States,HMMWV,captured,https://i.postimg.cc/pVCRVXzp/y6.png,2022-10-11,6383,25290,2,380-6383252902
Ukraine,United States,HMMWV Ambulance,captured,https://i.postimg.cc/MHHmB5bG/48800.png,2022-04-13,6384,25293,2,380-6384252932
Ukraine,United States,HMMWV Ambulance,captured,https://i.postimg.cc/XvyMfKLQ/4799.png,2022-04-13,6384,25294,2,380-6384252942
Ukraine,United States,HMMWV Ambulance,captured,https://i.postimg.cc/MK2kh9D5/669.png,2022-05-01,6384,25295,2,380-6384252952
Ukraine,United States,HMMWV Ambulance,captured,https://i.postimg.cc/5tBYFwNk/688.png,2023-04-17,6384,25296,2,380-6384252962
Ukraine,United States,HMMWV Ambulance,captured,https://i.postimg.cc/NMTJsJtb/2018-HMMWV-ambulance-capt-22-02-24.jpg,2024-02-23,6384,25300,2,380-6384253002
Ukraine,United Kingdom,Husky Tactical Support Vehicle,captured,https://i.postimg.cc/y8RKRLyP/2030-Husky-TSV-capt-12-06-23.jpg,2023-06-15,6385,25310,2,380-6385253102
Ukraine,Soviet Union,Il-76 transport aircraft,captured,https://postlmg.cc/ThyCtysH,2022-08-08,4558,25319,2,380-4558253192
Ukraine,Soviet Union,IMR-2 combat engineering vehicle,captured,https://i.postimg.cc/BQxfxYwb/446.png,2022-04-13,4559,25320,2,380-4559253202
Ukraine,United States,International M1224 MaxxPro,captured,https://i.postimg.cc/MZPmH4Lm/2045-maxxpro-capt-22-05-23.jpg,2023-05-23,6387,25351,2,380-6387253512
Ukraine,United States,International M1224 MaxxPro,captured,https://i.postimg.cc/J4y05Fhq/2001-maxxpro-capt-23-05-23.jpg,2023-05-24,6387,25352,2,380-6387253522
Ukraine,Soviet Union,IRM 'Zhuk' Engineer Reconnaissance Vehicle,captured,https://postimg.cc/4YzZfG5m,2022-10-18,6388,25410,2,380-6388254102
Ukraine,Ukraine,K1Sh1 command and staff vehicle,captured,https://i.postimg.cc/qB5M9TWT/776.jpg,2022-04-24,6394,25424,2,380-6394254242
Ukraine,Soviet Union,KamAZ,captured,https://i.postimg.cc/yx42BBdm/u1.png,2022-03-26,6395,25427,2,380-6395254272
Ukraine,Soviet Union,KamAZ,captured,https://postimg.cc/zLGjfVk0,2022-04-17,6395,25428,2,380-6395254282
Ukraine,Soviet Union,KamAZ,captured,https://i.postimg.cc/2yMp268K/tt1.png,2022-04-18,6395,25429,2,380-6395254292
Ukraine,Soviet Union,KamAZ,captured,https://i.postimg.cc/cLZWjvBp/tt2.png,2022-04-18,6395,25430,2,380-6395254302
Ukraine,Soviet Union,KamAZ,captured,https://postimg.cc/yD5fb39R,2022-10-18,6395,25431,2,380-6395254312
Ukraine,Soviet Union,KamAZ,captured,https://i.postimg.cc/Lsc0nTNL/2003-kamaz6x6-dam-capt-28-03-22.jpg,2023-02-05,6395,25437,2,380-6395254372
Ukraine,Soviet Union,KamAZ 6x6,captured,https://i.postimg.cc/bNGwntVm/2012-kamaz6x6-capt-04-03-22.jpg,2023-05-12,4581,25440,2,380-4581254402
Ukraine,Soviet Union,KamAZ 6x6,captured,https://i.postimg.cc/KYP5YYX1/2027-kamaz6x6-capt-25-07-22.jpg,2023-05-23,4581,25441,2,380-4581254412
Ukraine,Ukraine,Kozak-2,captured,https://i.postimg.cc/1XzJ7nhW/d2g.png,2022-03-19,6396,25459,2,380-6396254592
Ukraine,Ukraine,Kozak-2,captured,https://i.postimg.cc/kMcBVF09/f4.png,2022-03-19,6396,25460,2,380-6396254602
Ukraine,Ukraine,Kozak-2,captured,https://i.postimg.cc/SK6qfZwB/42g.png,2022-03-19,6396,25461,2,380-6396254612
Ukraine,Ukraine,Kozak-2,captured,https://i.postimg.cc/3JFW2v5Y/13.png,2022-03-19,6396,25462,2,380-6396254622
Ukraine,Ukraine,Kozak-2,captured,https://i.postimg.cc/m2ysRLJL/4313.png,2022-03-26,6396,25463,2,380-6396254632
Ukraine,Ukraine,Kozak-2,captured,https://i.postimg.cc/hjg9rx5h/3d14.png,2022-03-30,6396,25464,2,380-6396254642
Ukraine,Ukraine,Kozak-2,captured,https://i.postimg.cc/Sx36XxJL/431.png,2022-04-06,6396,25466,2,380-6396254662
Ukraine,Ukraine,Kozak-2,captured,https://i.postimg.cc/T2tH9nND/47.png,2022-04-13,6396,25469,2,380-6396254692
Ukraine,Ukraine,Kozak-2,captured,https://i.postimg.cc/KjvxRVmz/77.png,2022-04-13,6396,25470,2,380-6396254702
Ukraine,Ukraine,Kozak-2,captured,https://i.postimg.cc/Ls6bb8HD/4387.png,2022-04-18,6396,25472,2,380-6396254722
Ukraine,Ukraine,Kozak-2,captured,https://i.postimg.cc/05BPGh0h/299.png,2022-04-18,6396,25473,2,380-6396254732
Ukraine,Ukraine,Kozak-2,captured,https://i.postimg.cc/TPgVhKdx/652.jpg,2022-04-25,6396,25476,2,380-6396254762
Ukraine,Ukraine,Kozak-2,captured,https://i.postimg.cc/6QgvmvjC/875.png,2022-05-14,6396,25481,2,380-6396254812
Ukraine,Ukraine,Kozak-2,captured,https://i.postimg.cc/rzXgXHfC/439.png,2022-05-14,6396,25482,2,380-6396254822
Ukraine,Ukraine,Kozak-2,captured,https://i.postimg.cc/xjFvMRPp/477.png,2022-05-29,6396,25485,2,380-6396254852
Ukraine,Ukraine,Kozak-2,captured,https://i.postimg.cc/HkPLj9c0/h7.png,2022-05-31,6396,25486,2,380-6396254862
Ukraine,Ukraine,Kozak-2,captured,https://i.postimg.cc/wB2FBc1t/58.png,2022-06-10,6396,25487,2,380-6396254872
Ukraine,Ukraine,Kozak-2,captured,https://i.postimg.cc/vBGg4Q47/367.png,2022-10-18,6396,25490,2,380-6396254902
Ukraine,Ukraine,Kozak-2,captured,https://postimg.cc/jWZ3mCbb,2022-10-18,6396,25491,2,380-6396254912
Ukraine,Ukraine,Kozak-2,captured,https://postimg.cc/Y4LdPw6C,2022-10-18,6396,25492,2,380-6396254922
Ukraine,Ukraine,Kozak-2,captured,https://postimg.cc/470fJLsW,2022-10-18,6396,25493,2,380-6396254932
Ukraine,Ukraine,Kozak-2,captured,https://i.postimg.cc/0N3zPddK/2105-Kozak-2-capt-27-04-22.jpg,2022-12-05,6396,25503,2,380-6396255032
Ukraine,Ukraine,Kozak-2,captured,https://i.postimg.cc/XJCpJGQH/2106-Kozak-2-capt-27-04-22.jpg,2022-12-05,6396,25504,2,380-6396255042
Ukraine,Ukraine,Kozak-2,captured,https://i.postimg.cc/L6Rn9sfD/2107-Kozak-2-capt-22-07-22.jpg,2022-12-05,6396,25505,2,380-6396255052
Ukraine,Ukraine,Kozak-2,captured,https://i.postimg.cc/2yTDYrFb/762.png,2023-03-27,6396,25516,2,380-6396255162
Ukraine,Ukraine,Kozak-2,captured,https://i.postimg.cc/rFc2Qn20/763.png,2023-03-27,6396,25517,2,380-6396255172
Ukraine,Ukraine,Kozak-2,captured,https://i.postimg.cc/7LRKd6Ct/585.png,2023-03-27,6396,25518,2,380-6396255182
Ukraine,Ukraine,Kozak-2,captured,https://i.postimg.cc/3xB6SYCz/4776.png,2023-03-27,6396,25519,2,380-6396255192
Ukraine,Ukraine,Kozak-2,captured,https://i.postimg.cc/xC6W8zKw/544.png,2023-04-17,6396,25523,2,380-6396255232
Ukraine,Ukraine,Kozak-2,captured,https://i.postimg.cc/3r6pKVX7/2000-Kozak-2-capt-01-03-22.jpg,2024-01-21,6396,25536,2,380-6396255362
Ukraine,Ukraine,Kozak-2,captured,https://i.postimg.cc/JnXKN7g7/2018-Kozak-2-capt-01-03-22.jpg,2024-04-27,6396,25537,2,380-6396255372
Ukraine,Ukraine,Kozak-2M1,captured,https://i.postimg.cc/26hQJK6t/4f1.png,2022-03-26,6397,24666,2,380-6397246662
Ukraine,Ukraine,Kozak-2M1,captured,https://i.postimg.cc/Y9QmHJ7T/5549.png,2022-05-06,6397,25542,2,380-6397255422
Ukraine,Ukraine,Kozak-2M1,captured,https://i.postimg.cc/Zq7phhQw/4r44.png,2022-10-17,6397,25546,2,380-6397255462
Ukraine,Ukraine,Kozak-2M1,captured,https://i.postimg.cc/pTRxW7kb/3435.png,2022-10-27,6397,25548,2,380-6397255482
Ukraine,Ukraine,Kozak-2M1,captured,https://i.postimg.cc/tghjjRhd/4360.png,2023-03-28,6397,25562,2,380-6397255622
Ukraine,Ukraine,Kozak-2M1,captured,https://i.postimg.cc/KY2n71xR/5542.png,2023-04-02,6397,25563,2,380-6397255632
Ukraine,Ukraine,Kozak-2M1,captured,https://i.postimg.cc/1zdHVd19/7j.png,2023-04-17,6397,25564,2,380-6397255642
Ukraine,Ukraine,Kozak-2M1,captured,https://i.postimg.cc/rmqtbBG2/2003-Kozak-2-M1-capt-28-08-24.jpg,2024-09-05,6397,25579,2,380-6397255792
Ukraine,Ukraine,Kozak-5,captured,https://i.postimg.cc/W4Nk0gJQ/2010-Kozak-5-capt-26-07-24.jpg,2024-07-30,6398,25588,2,380-6398255882
Ukraine,Soviet Union,KrAZ-255B,captured,https://i.postimg.cc/G2jDGvM1/Screenshot-9319.png,2022-03-19,4587,25592,2,380-4587255922
Ukraine,Soviet Union,KrAZ-255B,captured,https://i.postimg.cc/g2gTpp0b/415.png,2022-03-26,4587,25593,2,380-4587255932
Ukraine,Soviet Union,KrAZ-255B,captured,https://i.postimg.cc/1tRY7xj4/Screenshot-8169.png,2022-03-26,4587,25594,2,380-4587255942
Ukraine,Soviet Union,KrAZ-255B,captured,https://i.postimg.cc/cHZMXQ6m/Screenshot-8149.png,2022-03-26,4587,25595,2,380-4587255952
Ukraine,Soviet Union,KrAZ-255B with excavator,captured,https://i.postimg.cc/zBhLwYQk/678.png,2022-03-31,4589,25599,2,380-4589255992
Ukraine,Soviet Union,KrAZ-260,captured,https://i.postimg.cc/C5r6DZvN/776.png,2022-03-26,6401,25603,2,380-6401256032
Ukraine,Soviet Union,KrAZ-260,captured,https://i.postimg.cc/NjFSSs6g/43i.jpg,2022-03-30,6401,25604,2,380-6401256042
Ukraine,Soviet Union,KrAZ-260,captured,https://postimg.cc/0zycVdBZ,2022-10-18,6401,25606,2,380-6401256062
Ukraine,Ukraine,KrAZ-5233,captured,https://i.postimg.cc/fR5HJv28/dd11.png,2022-03-19,6402,25608,2,380-6402256082
Ukraine,Ukraine,KrAZ-5233,captured,https://i.postimg.cc/sfJzxw3j/776.png,2022-03-26,6402,25609,2,380-6402256092
Ukraine,Ukraine,KrAZ-5233,captured,https://i.postimg.cc/vmpRN9VB/480.png,2022-03-26,6402,25610,2,380-6402256102
Ukraine,Ukraine,KrAZ-5233,captured,https://i.postimg.cc/jq49zBZC/480.png,2022-03-26,6402,25611,2,380-6402256112
Ukraine,Ukraine,KrAZ-5233,captured,https://i.postimg.cc/265Nhxbz/393.png,2022-04-18,6402,25612,2,380-6402256122
Ukraine,Ukraine,KrAZ-5233,captured,https://i.postimg.cc/kgbQvfh1/d16.png,2022-05-28,6402,25616,2,380-6402256162
Ukraine,Ukraine,KrAZ-5233,captured,https://postimg.cc/kB31MsSj,2022-10-18,6402,25617,2,380-6402256172
Ukraine,Ukraine,KrAZ-5233,captured,https://i.postimg.cc/2ymcx5p5/2018-Kr-AZ-5233-capt-04-06-22.jpg,2023-02-05,6402,25623,2,380-6402256232
Ukraine,Ukraine,KrAZ-5233,captured,https://i.postimg.cc/CK34jkkQ/2004-Kr-AZ-5233-capt-28-02-22.jpg,2023-03-22,6402,25624,2,380-6402256242
Ukraine,Ukraine,KrAZ-5233,captured,https://i.postimg.cc/mkZZN7gr/2003-Kr-AZ-5233-capt-20-06-22.jpg,2023-06-15,6402,25630,2,380-6402256302
Ukraine,Ukraine,KrAZ-5233,captured,https://i.postimg.cc/fWxRgjt0/555g.png,2023-08-30,6402,25631,2,380-6402256312
Ukraine,Ukraine,KrAZ-6322,captured,https://i.postimg.cc/wM4RWy5K/r3.png,2022-03-19,6403,25643,2,380-6403256432
Ukraine,Ukraine,KrAZ-6322,captured,https://postimg.cc/0zzW9YYS,2022-03-19,6403,25644,2,380-6403256442
Ukraine,Ukraine,KrAZ-6322,captured,https://postimg.cc/G9jSKh34,2022-03-19,6403,25645,2,380-6403256452
Ukraine,Ukraine,KrAZ-6322,captured,https://postimg.cc/v4CPT4hN,2022-03-19,6403,25646,2,380-6403256462
Ukraine,Ukraine,KrAZ-6322,captured,https://postimg.cc/dLpRmzC7,2022-03-19,6403,25647,2,380-6403256472
Ukraine,Ukraine,KrAZ-6322,captured,https://postimg.cc/jC9nGySm,2022-03-19,6403,25648,2,380-6403256482
Ukraine,Ukraine,KrAZ-6322,captured,https://i.postimg.cc/m2sVjnKd/44311.png,2022-03-19,6403,25649,2,380-6403256492
Ukraine,Ukraine,KrAZ-6322,captured,https://i.postimg.cc/QMb9yCQx/447.png,2022-03-19,6403,25650,2,380-6403256502
Ukraine,Ukraine,KrAZ-6322,captured,https://i.postimg.cc/MT0QM4sL/33311.png,2022-03-30,6403,25651,2,380-6403256512
Ukraine,Ukraine,KrAZ-6322,captured,https://i.postimg.cc/50CwqJ19/5444.png,2022-03-30,6403,25652,2,380-6403256522
Ukraine,Ukraine,KrAZ-6322,captured,https://i.postimg.cc/hvdD2hLs/479.png,2022-05-01,6403,25653,2,380-6403256532
Ukraine,Ukraine,KrAZ-6322,captured,https://i.postimg.cc/8c7GjB1r/31.png,2022-05-10,6403,25654,2,380-6403256542
Ukraine,Ukraine,KrAZ-6322,captured,https://i.postimg.cc/5NWBD7d7/1007.png,2022-06-26,6403,25657,2,380-6403256572
Ukraine,Ukraine,KrAZ-6322,captured,https://i.postimg.cc/fTv9pMvy/1008.png,2022-06-26,6403,25658,2,380-6403256582
Ukraine,Ukraine,KrAZ-6322,captured,https://i.postimg.cc/BvCS3ctn/2003-Kr-AZ6322-capt-04-03-22.jpg,2023-05-12,6403,25661,2,380-6403256612
Ukraine,Ukraine,KrAZ-6322,captured,https://i.postimg.cc/CxJcYL9Z/2002-Kr-AZ-6322-capt-11-06-22.jpg,2023-07-14,6403,25663,2,380-6403256632
Ukraine,Ukraine,KrAZ-MPV Shrek One,captured,https://i.postimg.cc/cJ11cr66/431h.png,2022-05-06,6404,25689,2,380-6404256892
Ukraine,Ukraine,KrAZ-MPV Shrek One,captured,https://i.postimg.cc/d0Rrf1C1/5472.png,2022-05-14,6404,25690,2,380-6404256902
Ukraine,Ukraine,KrAZ Cobra,captured,https://i.postimg.cc/W1qPQGGZ/34.png,2022-03-26,6405,25693,2,380-6405256932
Ukraine,Ukraine,KrAZ Cobra,captured,https://i.postimg.cc/d30jkjsf/28.jpg,2022-05-01,6405,25695,2,380-6405256952
Ukraine,Ukraine,KrAZ Cobra,captured,https://i.postimg.cc/t4L7dCLQ/d360.png,2022-10-18,6405,25696,2,380-6405256962
Ukraine,Ukraine,KrAZ Cobra,captured,https://i.postimg.cc/bvZNyBwy/bo.png,2022-10-18,6405,25697,2,380-6405256972
Ukraine,Ukraine,KrAZ Cobra,captured,https://postimg.cc/DSSzRC8z,2022-10-18,6405,25698,2,380-6405256982
Ukraine,Ukraine,KrAZ Cobra,captured,https://i.postimg.cc/8cGg52b8/1359.png,2023-03-28,6405,25701,2,380-6405257012
Ukraine,Ukraine,KrAZ Cobra,captured,https://i.postimg.cc/htY0YYyH/48j.png,2023-04-17,6405,25702,2,380-6405257022
Ukraine,Ukraine,KrAZ Cougar,captured,https://i.postimg.cc/t4WXZNqX/487.png,2022-05-01,6406,25709,2,380-6406257092
Ukraine,Ukraine,KrAZ Cougar,captured,https://i.postimg.cc/dVmfKMQL/5488.png,2022-05-12,6406,25710,2,380-6406257102
Ukraine,Ukraine,KrAZ Cougar,captured,https://i.postimg.cc/85MjB0Wp/457.png,2022-10-18,6406,25711,2,380-6406257112
Ukraine,Ukraine,KrAZ Cougar,captured,https://i.postimg.cc/ZKMHy31F/35570.png,2022-10-19,6406,25712,2,380-6406257122
Ukraine,Ukraine,KrAZ Cougar,captured,https://i.postimg.cc/QxSz28RF/652.png,2023-03-31,6406,25714,2,380-6406257142
Ukraine,Ukraine,KrAZ Spartan,captured,https://i.postimg.cc/2587D8gN/2013-Kr-AZ-Spartan-capt-07-05-22.jpg,2023-07-10,6407,25730,2,380-6407257302
Ukraine,Ukraine,Leleka-100,captured,https://i.postimg.cc/SNqzgSD3/2000-Leleka-uav-dam-capt.jpg,2022-11-24,6415,25751,2,380-6415257512
Ukraine,Ukraine,Leleka-100,captured,https://i.postimg.cc/FRVDWQVs/2002-Leleka-100-capt-31-01-23.jpg,2023-02-05,6415,25753,2,380-6415257532
Ukraine,Ukraine,Leleka-100,captured,https://i.postimg.cc/cJ6LRknm/2010-Leleka-100-reconnaissance-UAV-capt-27-09-22.jpg,2023-02-21,6415,25755,2,380-6415257552
Ukraine,Ukraine,Leleka-100,captured,https://i.postimg.cc/fLHQR4t7/g7.png,2023-04-03,6415,25758,2,380-6415257582
Ukraine,Ukraine,Leleka-100,captured,https://i.postimg.cc/Kzdtp6Db/446.png,2023-04-08,6415,25760,2,380-6415257602
Ukraine,Ukraine,Leleka-100,captured,https://i.postimg.cc/qRtfThq9/2013-leleka100-capt-31-05-23.jpg,2023-06-01,6415,25768,2,380-6415257682
Ukraine,Ukraine,Leleka-100,captured,https://i.postimg.cc/KvxprSfW/2024-leleka100-capt-04-06-23.jpg,2023-06-09,6415,25771,2,380-6415257712
Ukraine,Ukraine,Leleka-100,captured,https://i.postimg.cc/BQ9Jm2kh/2005-leleka-100-uav-05-07-22.jpg,2023-10-22,6415,25779,2,380-6415257792
Ukraine,Ukraine,Leleka-100,captured,https://i.postimg.cc/xCxQ5VSb/2006-leleka100-capt-16-01-23.jpg,2023-11-01,6415,25780,2,380-6415257802
Ukraine,Ukraine,Leleka-100,captured,https://i.postimg.cc/J0B2JD2V/2009-Leleka-100-UAV-capt-29-01-24.jpg,2024-02-09,6415,25789,2,380-6415257892
Ukraine,Ukraine,Leleka-100,captured,https://i.postimg.cc/NfHwymxt/2002-leleka100-capt-11-02-24.jpg,2024-02-18,6415,25792,2,380-6415257922
Ukraine,Ukraine,Leleka-100,captured,https://i.postimg.cc/mD50kgzh/2007-leleka100-capt-12-02-24.jpg,2024-02-18,6415,25793,2,380-6415257932
Ukraine,Ukraine,Leleka-100,captured,https://i.postimg.cc/QCRDc4Tx/2024-Leleka-100-reconnaissance-UAV-capt-23-02-24.jpg,2024-02-29,6415,25796,2,380-6415257962
Ukraine,Ukraine,Leleka-100,captured,https://i.postimg.cc/pd2HQnp8/2010-Leleka-100-reconnaissance-UAV-capt-25-02-24.jpg,2024-02-29,6415,25797,2,380-6415257972
Ukraine,Ukraine,Leleka-100,captured,https://i.postimg.cc/X7xHXc8S/2005-leleka100-capt-24-02-24.jpg,2024-04-08,6415,25803,2,380-6415258032
Ukraine,Ukraine,Leleka-100,captured,https://i.postimg.cc/mr18XxGB/2021-leleka100-capt-02-03-24.jpg,2024-04-08,6415,25804,2,380-6415258042
Ukraine,Ukraine,Leleka-100,captured,https://i.postimg.cc/fTzXnfmy/2006-leleka100-capt-16-03-24.jpg,2024-04-08,6415,25805,2,380-6415258052
Ukraine,Ukraine,Leleka-100,captured,https://i.postimg.cc/kX10H7YK/2011-leleka100-capt-05-04-24.jpg,2024-04-08,6415,25806,2,380-6415258062
Ukraine,Ukraine,Leleka-100,captured,https://i.postimg.cc/CL9TK0qB/2012-Leleka-100-reconnaissance-UAV-capt-31-05-24.jpg,2024-06-06,6415,25823,2,380-6415258232
Ukraine,Ukraine,Leleka-100,captured,https://i.postimg.cc/nhKkfzYg/2005-leleka100-capt-21-06-24.jpg,2024-06-28,6415,25829,2,380-6415258292
Ukraine,Ukraine,Leleka-100,captured,https://i.postimg.cc/d13mC9Pc/2007-leleka100-capt-21-06-24.jpg,2024-06-28,6415,25830,2,380-6415258302
Ukraine,Ukraine,Leleka-100,captured,https://i.postimg.cc/yxgK53vc/2006-Leleka-100-reconnaissance-UAV-capt-26-06-24.jpg,2024-07-06,6415,25831,2,380-6415258312
Ukraine,Ukraine,Leleka-100 reconnaissance UAV,captured,https://i.postimg.cc/Nj2txW1y/d4.png,2022-03-19,6416,25832,2,380-6416258322
Ukraine,Ukraine,Leleka-100 reconnaissance UAV,captured,https://i.postimg.cc/J7NmcVwY/6653.jpg,2022-03-19,6416,25833,2,380-6416258332
Ukraine,Ukraine,Leleka-100 reconnaissance UAV,captured,https://i.postimg.cc/zXvjPkVf/3333.png,2022-10-26,6416,25836,2,380-6416258362
Ukraine,Ukraine,Leleka-100 reconnaissance UAV,captured,https://i.postimg.cc/90K79qWy/4436.png,2022-10-27,6416,25837,2,380-6416258372
Ukraine,United States,M1114 and M1151 HMMWV,captured,https://i.postimg.cc/Bn1zcrNP/vc.png,2022-10-18,6421,25880,2,380-6421258802
Ukraine,United States,M1114 and M1151 HMMWV,captured,https://i.postimg.cc/d3MkgBV5/fg5.png,2022-10-18,6421,25881,2,380-6421258812
Ukraine,United States,M1114 and M1151 HMMWV,captured,https://i.postimg.cc/YS0H3R5j/f4y.png,2022-10-18,6421,25882,2,380-6421258822
Ukraine,United States,M1114 and M1151 HMMWV,captured,https://i.postimg.cc/T3GgjbB5/554.png,2022-11-03,6421,25884,2,380-6421258842
Ukraine,United States,M1114 and M1151 HMMWV,captured,https://i.postimg.cc/d1n69jtJ/2011-M1114-M1151-HMMWV-capt.png,2022-11-14,6421,25887,2,380-6421258872
Ukraine,United States,M1114 and M1151 HMMWV,captured,https://i.postimg.cc/bJfxGKCs/2001-humwee-capt.jpg,2022-11-21,6421,25889,2,380-6421258892
Ukraine,United States,M1114 and M1151 HMMWV,captured,https://i.postimg.cc/sxsBbfYn/431140.png,2023-04-02,6421,25919,2,380-6421259192
Ukraine,United States,M1114 and M1151 HMMWV,captured,https://i.postimg.cc/65VbG2k1/6980.png,2023-04-02,6421,25920,2,380-6421259202
Ukraine,United States,M1114 and M1151 HMMWV,captured,https://i.postimg.cc/RFshjzFL/7643.png,2023-05-24,6421,25937,2,380-6421259372
Ukraine,United States,M1114 and M1151 HMMWV,captured,https://i.postimg.cc/j2cBVvB8/2002-M1151-HMMWV-capt-15-08-24.jpg,2024-08-18,6421,25980,2,380-6421259802
Ukraine,United States,M1114 and M1151 HMMWV,captured,https://i.postimg.cc/Y9kNK99D/2029-M1151-HMMWV-capt-23-09-24.jpg,2024-09-26,6421,25992,2,380-6421259922
Ukraine,United States,M1126 Stryker,captured,https://i.postimg.cc/zvyT5Gc9/2009-M1126-Stryker-Infantry-Carrier-Vehicle-capt-13-08-24.jpg,2024-08-18,6422,26019,2,380-6422260192
Ukraine,United States,M1126 Stryker,captured,https://i.postimg.cc/Y2FGPsD8/2004-M1126-Stryker-infantry-carrier-vehicle-capt-11-09-24.jpg,2024-09-16,6422,26022,2,380-6422260222
Ukraine,United States,M1126 Stryker,captured,https://i.postimg.cc/D0b3T2Y1/2012-M1126-Stryker-infantry-carrier-vehicle-capt-10-10-24.jpg,2024-10-22,6422,26030,2,380-6422260302
Ukraine,Denmark,M113G3DK/G4DK,captured,https://i.postimg.cc/RFkyNkvG/2104-M113-G4-DK-capt-11-08-24.jpg,2024-09-19,6423,26037,2,380-6423260372
Ukraine,United States,M1152 HMMWV,captured,https://i.postimg.cc/N0Tjb8wq/2007-M1152-HMMWV-capt-11-07-24.jpg,2024-07-15,6424,26058,2,380-6424260582
Ukraine,United States,M2A2 Bradley ODS-SA,captured,https://i.postimg.cc/L839gqyv/2007-bradley-capt-22-11-23.jpg,2023-12-04,6425,26120,2,380-6425261202
Ukraine,United States,M2A2 Bradley ODS-SA,captured,https://i.postimg.cc/tgDjtfFg/2020-bradley-dam-capt-20-02-24.jpg,2024-02-28,6425,26130,2,380-6425261302
Ukraine,United States,M2A2 Bradley ODS-SA,captured,https://i.postimg.cc/nr3258gR/2005-bradley-dam-capt-30-03-24.jpg,2024-04-08,6425,26137,2,380-6425261372
Ukraine,United States,M2A2 Bradley ODS-SA,captured,https://i.postimg.cc/1XGfd4Kt/2100-M2-A2-Bradley-ODS-SA-dam-capt-08-04-24.jpg,2024-04-11,6425,26138,2,380-6425261382
Ukraine,United States,M2A2 Bradley ODS-SA,captured,https://i.postimg.cc/ncCmrSgz/2600-M2-A2-Bradley-ODS-SA-capt-22-10-24.jpg,2024-10-23,6425,26175,2,380-6425261752
Ukraine,United States,M88A1 armoured recovery vehicle,captured,https://i.postimg.cc/cCTzy30b/2100-M88-A1-arv-capt-25-04-24.jpg,2024-04-26,6426,26181,2,380-6426261812
Ukraine,United States,M998 HMMWV,captured,https://i.postimg.cc/SNh21KcF/4t60.png,2022-10-19,6427,26182,2,380-6427261822
Ukraine,United States,M998 HMMWV,captured,https://i.postimg.cc/XNhQ6CWh/4f.png,2022-11-03,6427,26183,2,380-6427261832
Ukraine,United States,M998 HMMWV,captured,https://i.postimg.cc/zXpQRT8R/2023-HMMWV-M998-capt-19-04-22.jpg,2023-01-10,6427,26185,2,380-6427261852
Ukraine,United States,M998 HMMWV,captured,https://i.postimg.cc/KvmVz0S2/2024-HMMWV-M998-capt-19-04-22.jpg,2023-01-10,6427,26186,2,380-6427261862
Ukraine,United States,M998 HMMWV,captured,https://i.postimg.cc/76ffwygM/5g2.png,2023-04-01,6427,26188,2,380-6427261882
Ukraine,United States,M998 HMMWV,captured,https://i.postimg.cc/rmNbC9kq/225.png,2023-04-08,6427,26189,2,380-6427261892
Ukraine,United States,M998 HMMWV,captured,https://i.postimg.cc/2ySQSFm6/2028-HMMWV-M998-capt-16-05-22.jpg,2023-05-23,6427,26190,2,380-6427261902
Ukraine,United Kingdom,Malloy Aeronautics T150 cargo UAV,captured,https://i.postimg.cc/zGkfJxZB/2033-Malloy-Aeronautics-capt-31-05-23.jpg,2023-06-04,6428,26194,2,380-6428261942
Ukraine,United Kingdom,Malloy Aeronautics T150 cargo UAV,captured,https://i.postimg.cc/rynQDw0S/38.png,2023-09-03,6428,26195,2,380-6428261952
Ukraine,Estonia,Mamba,captured,https://i.postimg.cc/ncYNtbtQ/659.png,2022-06-26,6429,26196,2,380-6429261962
Ukraine,Germany,Marder 1A3,captured,https://i.postimg.cc/fRGK1fqN/2019-Marder-1-A3-capt-24-03-24.jpg,2024-04-08,6430,26210,2,380-6430262102
Ukraine,Germany,Marder 1A3,captured,https://i.postimg.cc/rmWTN4LK/2019-Marder-1-A3-capt-22-07-24.jpg,2024-08-15,6430,26220,2,380-6430262202
Ukraine,Germany,Marder 1A3,captured,https://i.postimg.cc/qMPWJsw1/2012-Marder-1-A3-capt-08-09-24.jpg,2024-09-13,6430,26225,2,380-6430262252
Ukraine,Belarus,MAZ,captured,https://i.postimg.cc/7LSW8dKp/35.png,2022-03-19,6431,26237,2,380-6431262372
Ukraine,Belarus,MAZ,captured,https://i.postimg.cc/SRCTJyXT/68.png,2022-03-26,6431,26238,2,380-6431262382
Ukraine,Soviet Union,MAZ-537,captured,https://i.postimg.cc/7LSW8dKp/35.png,2022-03-19,6434,26237,2,380-6434262372
Ukraine,United Kingdom,MBT LAW 'NLAW',captured,https://twitter.com/Caucasuswar/status/1497165090835083293,2022-03-19,6435,26248,2,380-6435262482
Ukraine,United Kingdom,MBT LAW 'NLAW',captured,https://i.postimg.cc/RCdVxFvX/772.png,2022-03-19,6435,26249,2,380-6435262492
Ukraine,United Kingdom,MBT LAW 'NLAW',captured,https://i.postimg.cc/4xhpF2Yg/5549.png,2022-03-19,6435,23670,2,380-6435236702
Ukraine,United Kingdom,MBT LAW 'NLAW',captured,https://i.postimg.cc/MKdRbP30/f24.png,2022-03-19,6435,23672,2,380-6435236722
Ukraine,United Kingdom,MBT LAW 'NLAW',captured,https://i.postimg.cc/pVq0Pj4t/31.png,2022-03-19,6435,26250,2,380-6435262502
Ukraine,United Kingdom,MBT LAW 'NLAW',captured,https://i.postimg.cc/J4ZQZ9nR/43f1.png,2022-03-19,6435,26251,2,380-6435262512
Ukraine,United Kingdom,MBT LAW 'NLAW',captured,https://i.postimg.cc/xdCxvthg/4fsh.png,2022-03-19,6435,26252,2,380-6435262522
Ukraine,United Kingdom,MBT LAW 'NLAW',captured,https://i.postimg.cc/9X481jx4/7o.png,2022-03-19,6435,26253,2,380-6435262532
Ukraine,United Kingdom,MBT LAW 'NLAW',captured,https://i.postimg.cc/V68k0WHZ/554.png,2022-03-30,6435,26254,2,380-6435262542
Ukraine,Soviet Union,MDK-3 trench-digging vehicle,captured,https://i.postimg.cc/ZYVS4vtw/3321.png,2022-03-26,4594,26255,2,380-4594262552
Ukraine,Soviet Union,Mi-2 training helicopter,captured,https://i.postimg.cc/htNmVbzn/887.png,2022-05-31,6439,26260,2,380-6439262602
Ukraine,Soviet Union,Mi-2 transport helicopter,captured,https://i.postimg.cc/m2BKmr6b/877.png,2022-04-06,6440,26264,2,380-6440262642
Ukraine,Soviet Union,MT-LB,captured,https://i.postimg.cc/fTkR5p00/12.png,2022-03-19,4608,26313,2,380-4608263132
Ukraine,Soviet Union,MT-LB,captured,https://i.postimg.cc/66vbq3wB/776.png,2022-03-26,4608,26314,2,380-4608263142
Ukraine,Soviet Union,MT-LB,captured,https://i.postimg.cc/VN0nrrkm/2000-mtlb-and-bmp2-capt-05-02-23.jpg,2023-02-12,4608,23639,2,380-4608236392
Ukraine,Soviet Union,MT-LB,captured,https://i.postimg.cc/br0JNKt1/2004-mtlb-capt-11-02-23.jpg,2023-02-13,4608,26332,2,380-4608263322
Ukraine,Soviet Union,MT-LB,captured,https://i.postimg.cc/hGNgSyJz/2014-mtlb-capt-04-03-22.jpg,2023-05-12,4608,26343,2,380-4608263432
Ukraine,Ukraine,MT-LB Ambulance,captured,https://i.postimg.cc/hPb8k9Qw/8744.png,2022-06-29,4609,26393,2,380-4609263932
Ukraine,Ukraine,MT-LB Ambulance,captured,https://i.postimg.cc/m2tfxBb9/d1.png,2022-06-29,4609,26394,2,380-4609263942
Ukraine,Soviet Union,MT-LB with ZU-23 AA gun,captured,https://i.postimg.cc/kMw23yTN/37h.png,2022-03-19,4612,26395,2,380-4612263952
Ukraine,Soviet Union,MT-LB with ZU-23 AA gun,captured,https://i.postimg.cc/wxrq7CY2/4f4.png,2022-04-04,4612,26396,2,380-4612263962
Ukraine,Soviet Union,MT-LBu,captured,https://i.postimg.cc/qqpf540b/a1.png,2022-03-19,4614,26410,2,380-4614264102
Ukraine,Soviet Union,MT-LBu,captured,https://i.postimg.cc/RhB7NvQ0/776.png,2022-03-26,4614,26411,2,380-4614264112
Ukraine,Soviet Union,MT-LBu,captured,https://i.postimg.cc/J0LLXs5R/2010-mtlbu-capt-04-05-23.jpg,2023-05-12,4614,26412,2,380-4614264122
Ukraine,Ukraine,NOTA,captured,https://i.postimg.cc/PxMv7FNc/4437.png,2022-06-06,6445,26416,2,380-6445264162
Ukraine,Ukraine,Novator,captured,https://i.postimg.cc/9XsNHnMW/ad4.png,2022-03-19,6446,26418,2,380-6446264182
Ukraine,Ukraine,Novator,captured,https://i.postimg.cc/pT6yB3Vt/43133.png,2022-03-26,6446,26421,2,380-6446264212
Ukraine,Ukraine,Novator,captured,https://i.postimg.cc/0NjZLhGD/3189.png,2022-03-30,6446,26423,2,380-6446264232
Ukraine,Ukraine,Novator,captured,https://i.postimg.cc/Ls6bb8HD/4387.png,2022-04-18,6446,25472,2,380-6446254722
Ukraine,Ukraine,Novator,captured,https://i.postimg.cc/tC4JjR5z/2007-novator-capt-09-10-22.jpg,2023-02-13,6446,26429,2,380-6446264292
Ukraine,Ukraine,Novator,captured,https://i.postimg.cc/L5HXhmM2/2013-novator-capt-18-05-22.jpg,2023-02-13,6446,26430,2,380-6446264302
Ukraine,United States,Oshkosh M-ATV,captured,https://twitter.com/UAWeapons/status/1671476846855110657,2023-06-23,6447,26442,2,380-6447264422
Ukraine,United States,Oshkosh M-ATV,captured,https://i.postimg.cc/x821Xgp4/2064-Oshkosh-M-ATV-capt-17-10-24.jpg,2024-10-22,6447,26459,2,380-6447264592
Ukraine,Ukraine,P-18 'Malakhit',captured,https://i.postimg.cc/0yLgprHM/470.png,2022-04-18,6449,26462,2,380-6449264622
Ukraine,Soviet Union,P-18 'Spoon Rest D',captured,https://i.postimg.cc/05C9PWrs/3270.png,2022-05-03,6450,26476,2,380-6450264762
Ukraine,Sweden,Pbv 501A,captured,https://i.postimg.cc/GmGykGXt/2005-Pb-V-501-capt-05-03-23.jpg,2023-03-07,6454,26495,2,380-6454264952
Ukraine,Sweden,Pbv 501A,captured,https://i.postimg.cc/BQYQJ2Ch/2005-Pb-V-501-capt-05-03-23.jpg,2023-03-08,6454,26496,2,380-6454264962
Ukraine,Sweden,Pbv 501A,captured,https://i.postimg.cc/VLnB3cWJ/2015-BWP-1-capt-15-12-23.jpg,2024-04-08,6454,26502,2,380-6454265022
Ukraine,Soviet Union,PRV-11 'Side Net',captured,https://i.postimg.cc/kG7k6sVR/47.png,2022-05-03,6461,26521,2,380-6461265212
Ukraine,Soviet Union,PRV-13 'Odd Pair',captured,https://i.postimg.cc/K8PQrnB2/360.png,2022-10-18,6462,26523,2,380-6462265232
Ukraine,Soviet Union,PTS-3 tracked amphibious transport,captured,https://postimg.cc/bsfZ6SXD,2022-10-18,4643,26528,2,380-4643265282
Ukraine,Soviet Union,R-145BM1 command vehicle,captured,https://i.postimg.cc/nVsmGbjV/32.png,2022-05-01,4644,26533,2,380-4644265332
Ukraine,Soviet Union,R-145BM1 command vehicle,captured,https://i.postimg.cc/3xZhwSqy/446.png,2022-06-26,4644,26534,2,380-4644265342
Ukraine,Ukraine,RK-3 Corsar,captured,https://i.postimg.cc/h4sVF71y/c56.png,2022-03-19,6468,26536,2,380-6468265362
Ukraine,Ukraine,RK-3 Corsar,captured,https://i.postimg.cc/Y9CBgSvz/1g.png,2022-03-19,6468,26537,2,380-6468265372
Ukraine,Ukraine,RK-3 Corsar,captured,https://i.postimg.cc/MKcWmvF5/329.png,2022-03-27,6468,26538,2,380-6468265382
Ukraine,Ukraine,RK-3 Corsar,captured,https://i.postimg.cc/V68k0WHZ/554.png,2022-03-30,6468,26254,2,380-6468262542
Ukraine,Soviet Union,RKhM 'Kashalot',captured,https://i.postimg.cc/FK0113Pj/776.png,2022-03-26,6469,26539,2,380-6469265392
Ukraine,Soviet Union,RKhM 'Kashalot',captured,https://i.postimg.cc/J7FjSqDK/2045-RKh-M-Kashalot-capt-04-03-22.jpg,2023-05-10,6469,26541,2,380-6469265412
Ukraine,Soviet Union,Sapphire search and rescue vessel (Operated by the Maritime Search and Rescue Service of Ukraine),captured,https://i.postimg.cc/gk6YR94J/7766.png,2022-03-30,6470,26543,2,380-6470265432
Ukraine,Ukraine,Shark,captured,https://i.postimg.cc/pTBKbq8f/54.png,2023-09-03,6471,26548,2,380-6471265482
Ukraine,Ukraine,Shark,captured,https://i.postimg.cc/QMx6Sm3k/2033-Shark-reconnaissance-UAV-capt-24-08-24.jpg,2024-08-28,6471,26563,2,380-6471265632
Ukraine,Ukraine,Small patrol boats (Sea Guard),captured,https://i.postimg.cc/15KK7NBC/v7.jpg,2022-03-19,6473,26573,2,380-6473265732
Ukraine,Ukraine,Small patrol boats (Sea Guard),captured,https://i.postimg.cc/J4hymDmd/c0.jpg,2022-03-19,6473,26574,2,380-6473265742
Ukraine,Ukraine,Small patrol boats (Sea Guard),captured,https://i.postimg.cc/kMQZ9Gw8/d9.jpg,2022-03-19,6473,26575,2,380-6473265752
Ukraine,Ukraine,Small patrol boats (Sea Guard),captured,https://i.postimg.cc/HxQSpv0H/d2.jpg,2022-03-19,6473,26576,2,380-6473265762
Ukraine,Ukraine,Small patrol boats (Sea Guard),captured,https://i.postimg.cc/9QK1yHJC/dg.jpg,2022-03-19,6473,26577,2,380-6473265772
Ukraine,Ukraine,Small patrol boats (Sea Guard),captured,https://i.postimg.cc/7LS17G5n/g9.jpg,2022-03-19,6473,26578,2,380-6473265782
Ukraine,Ukraine,Small patrol boats (Sea Guard),captured,https://i.postimg.cc/rpyDgH04/32.png,2022-04-20,6473,26579,2,380-6473265792
Ukraine,Ukraine,Small patrol boats (Sea Guard),captured,https://i.postimg.cc/R0pnx9T5/578.png,2022-04-23,6473,26580,2,380-6473265802
Ukraine,Ukraine,Small patrol boats (Sea Guard),captured,https://i.postimg.cc/fRS41cLr/2141-Small-sea-guard-patrol-boats-capt-01-05-22.jpg,2022-12-05,6473,26581,2,380-6473265812
Ukraine,Ukraine,Small patrol boats (Sea Guard),captured,https://i.postimg.cc/xdWmxpyN/2002-Sea-Guard-BG23-capt-14-03-22.jpg,2023-01-10,6473,26582,2,380-6473265822
Ukraine,Soviet Union,SNAR-10 battlefield surveillance radar,captured,https://i.postimg.cc/c4DVgZbq/224.png,2022-03-19,6474,26583,2,380-6474265832
Ukraine,Soviet Union,SNAR-10 battlefield surveillance radar,captured,https://i.postimg.cc/T1D2X7fy/jm.png,2022-10-17,6474,26584,2,380-6474265842
Ukraine,Soviet Union,Sorum-class seagoing tugboat 'Korets' ''A830 or P186'',captured,https://i.postimg.cc/rw5PwbFs/64.jpg,2022-03-19,6475,26586,2,380-6475265862
Ukraine,Soviet Union,Sorum class seagoing tugboat 'Korets' ''A830 or P186'',captured,https://i.postimg.cc/rw5PwbFs/64.jpg,2022-03-26,6476,26586,2,380-6476265862
Ukraine,Ukraine,Spaitech Sparrow,captured,https://i.postimg.cc/qBDxh1tk/2001-Spaitech-Sparrow-UAV-capt-28-10-22.jpg,2023-01-22,6477,26587,2,380-6477265872
Ukraine,Ukraine,Spaitech Sparrow,captured,https://i.postimg.cc/3rvkZSxF/2012-Spaitech-Sparrow-UAV-capt-19-06-23.jpg,2023-06-28,6477,26588,2,380-6477265882
Ukraine,Ukraine,Spaitech Sparrow reconnaissance UAV,captured,https://i.postimg.cc/D090Ds6d/d138.jpg,2022-05-08,6478,26590,2,380-6478265902
Ukraine,Ukraine,Spectator-M1,captured,https://i.postimg.cc/mk5GB7Ff/5.png,2023-06-23,6479,26592,2,380-6479265922
Ukraine,Ukraine,Spectator-M1 reconnaissance UAV,captured,https://i.postimg.cc/TwfHPPLT/55.png,2022-06-26,6480,26594,2,380-6480265942
Ukraine,Ukraine,T-64 mine clearing roller tank,captured,https://i.postimg.cc/4d5f8ptm/image.jpg,2022-10-19,6490,26656,2,380-6490266562
Ukraine,Soviet Union,T-64A,captured,https://i.postimg.cc/kXYMFPXM/39.jpg,2022-05-03,6491,26657,2,380-6491266572
Ukraine,Soviet Union,T-64B,captured,https://i.postimg.cc/9fH0rFwJ/2000-t64b-capt-04-03-22.jpg,2022-12-05,6492,26660,2,380-6492266602
Ukraine,Ukraine,T-64B1M,captured,https://i.postimg.cc/yYvXnZnp/489.png,2022-04-20,6493,26663,2,380-6493266632
Ukraine,Ukraine,T-64B1M,captured,https://i.postimg.cc/XJSkJxHf/58.png,2022-05-23,6493,26664,2,380-6493266642
Ukraine,Ukraine,T-64B1M,captured,https://i.postimg.cc/VvdVvL8L/d3.png,2022-05-28,6493,26665,2,380-6493266652
Ukraine,Ukraine,T-64B1M,captured,https://i.postimg.cc/76RdfgGd/11d.png,2022-05-29,6493,26666,2,380-6493266662
Ukraine,Ukraine,T-64B1M,captured,https://twitter.com/Militarylandnet/status/1549028799949508610,2022-07-19,6493,26667,2,380-6493266672
Ukraine,Ukraine,T-64B1M,captured,https://i.postimg.cc/SsBBNR2Q/2000.jpg,2022-07-25,6493,26668,2,380-6493266682
Ukraine,Ukraine,T-64B1M,captured,https://i.postimg.cc/vH3Kk4z9/678.png,2022-10-17,6493,26669,2,380-6493266692
Ukraine,Ukraine,T-64B1M,captured,https://i.postimg.cc/FHz64hW6/43779.png,2022-10-17,6493,26670,2,380-6493266702
Ukraine,Ukraine,T-64B1M,captured,https://i.postimg.cc/SNXxdzWg/2001-T-64-B1-M-capt-17-07-22.jpg,2022-12-05,6493,26672,2,380-6493266722
Ukraine,Ukraine,T-64BM 'Bulat',captured,https://i.postimg.cc/zfM54XwB/41.png,2022-05-03,6494,26677,2,380-6494266772
Ukraine,Ukraine,T-64BM 'Bulat',captured,https://i.postimg.cc/q7x0jxG7/85.png,2022-05-20,6494,26678,2,380-6494266782
Ukraine,Ukraine,T-64BM 'Bulat',captured,https://i.postimg.cc/zD2fTkRL/2002-T-64-BM-capt-Bulat-22-04-22.jpg,2022-12-05,6494,26683,2,380-6494266832
Ukraine,Soviet Union,T-64BV,captured,https://i.postimg.cc/6QWhgDnj/j8.png,2022-03-19,4678,26732,2,380-4678267322
Ukraine,Soviet Union,T-64BV,captured,https://i.postimg.cc/1Xj69nby/316.png,2022-03-19,4678,26733,2,380-4678267332
Ukraine,Soviet Union,T-64BV,captured,https://i.postimg.cc/9fjZRhmN/t2.png,2022-03-19,4678,26734,2,380-4678267342
Ukraine,Soviet Union,T-64BV,captured,https://i.postimg.cc/6pZCp3Xv/t1.png,2022-03-19,4678,26735,2,380-4678267352
Ukraine,Soviet Union,T-64BV,captured,https://i.postimg.cc/280btFGT/d3.png,2022-03-19,4678,26736,2,380-4678267362
Ukraine,Soviet Union,T-64BV,captured,https://i.postimg.cc/VLvLJy9B/f33.png,2022-03-19,4678,26737,2,380-4678267372
Ukraine,Soviet Union,T-64BV,captured,https://i.postimg.cc/nhxjsB2y/f565.png,2022-03-19,4678,26738,2,380-4678267382
Ukraine,Soviet Union,T-64BV,captured,https://i.postimg.cc/hjy9hdTX/24.png,2022-03-19,4678,26739,2,380-4678267392
Ukraine,Soviet Union,T-64BV,captured,https://i.postimg.cc/L88FZp4R/d135.png,2022-03-19,4678,26740,2,380-4678267402
Ukraine,Soviet Union,T-64BV,captured,https://i.postimg.cc/Qdn1WwKw/fgj.png,2022-03-19,4678,26741,2,380-4678267412
Ukraine,Soviet Union,T-64BV,captured,https://i.postimg.cc/hhF2509S/270.png,2022-03-19,4678,26742,2,380-4678267422
Ukraine,Soviet Union,T-64BV,captured,https://i.postimg.cc/XNRTR2Dw/ff23.jpg,2022-03-19,4678,26743,2,380-4678267432
Ukraine,Soviet Union,T-64BV,captured,https://i.postimg.cc/fTY6Dx61/ff24.jpg,2022-03-19,4678,26744,2,380-4678267442
Ukraine,Soviet Union,T-64BV,captured,https://i.postimg.cc/nrZLNHw2/ca1.png,2022-03-19,4678,26745,2,380-4678267452
Ukraine,Soviet Union,T-64BV,captured,https://i.postimg.cc/qR73wNL8/31d.png,2022-03-19,4678,26746,2,380-4678267462
Ukraine,Soviet Union,T-64BV,captured,https://i.postimg.cc/nL9rTN9h/r134.png,2022-03-19,4678,26747,2,380-4678267472
Ukraine,Soviet Union,T-64BV,captured,https://i.postimg.cc/3Rpyrz3c/r133.png,2022-03-19,4678,26748,2,380-4678267482
Ukraine,Soviet Union,T-64BV,captured,https://i.postimg.cc/2y3ZvYBj/447.png,2022-03-19,4678,26749,2,380-4678267492
Ukraine,Soviet Union,T-64BV,captured,https://i.postimg.cc/k5dJtVjX/4f28.png,2022-03-19,4678,26750,2,380-4678267502
Ukraine,Soviet Union,T-64BV,captured,https://i.postimg.cc/VN6JN05r/ff7.png,2022-03-19,4678,26751,2,380-4678267512
Ukraine,Soviet Union,T-64BV,captured,https://i.postimg.cc/G2TXN9cy/5g2.png,2022-03-19,4678,26752,2,380-4678267522
Ukraine,Soviet Union,T-64BV,captured,https://i.postimg.cc/0jpxNpJv/43177.png,2022-03-19,4678,26753,2,380-4678267532
Ukraine,Soviet Union,T-64BV,captured,https://i.postimg.cc/WzKkTv85/4433.png,2022-03-26,4678,26756,2,380-4678267562
Ukraine,Soviet Union,T-64BV,captured,https://i.postimg.cc/rpCqm3R9/3fh.png,2022-03-26,4678,26757,2,380-4678267572
Ukraine,Soviet Union,T-64BV,captured,https://i.postimg.cc/VvnhdCCd/135.png,2022-03-26,4678,26758,2,380-4678267582
Ukraine,Soviet Union,T-64BV,captured,https://i.postimg.cc/g0GqzfGF/da1.png,2022-03-26,4678,26759,2,380-4678267592
Ukraine,Soviet Union,T-64BV,captured,https://postlmg.cc/56yhT3pX,2022-03-26,4678,21527,2,380-4678215272
Ukraine,Soviet Union,T-64BV,captured,https://i.postimg.cc/tTcRjW4p/h4.jpg,2022-04-04,4678,26765,2,380-4678267652
Ukraine,Soviet Union,T-64BV,captured,https://i.postimg.cc/BQjyj4bG/488.png,2022-04-11,4678,26771,2,380-4678267712
Ukraine,Soviet Union,T-64BV,captured,https://i.postimg.cc/W1WwgJHW/86.png,2022-04-11,4678,26772,2,380-4678267722
Ukraine,Soviet Union,T-64BV,captured,https://i.postimg.cc/9Qsjm1hC/580.png,2022-04-11,4678,26773,2,380-4678267732
Ukraine,Soviet Union,T-64BV,captured,https://i.postimg.cc/sDFKKK91/54.png,2022-04-13,4678,26776,2,380-4678267762
Ukraine,Soviet Union,T-64BV,captured,https://i.postimg.cc/gjpfPnRp/5j.png,2022-04-13,4678,26777,2,380-4678267772
Ukraine,Soviet Union,T-64BV,captured,https://i.postimg.cc/yxJgybJk/5t.png,2022-04-13,4678,26778,2,380-4678267782
Ukraine,Soviet Union,T-64BV,captured,https://i.postimg.cc/vHhDkn9Q/4f.png,2022-04-13,4678,26779,2,380-4678267792
Ukraine,Soviet Union,T-64BV,captured,https://i.postimg.cc/JzrNdFy7/478.png,2022-04-13,4678,26780,2,380-4678267802
Ukraine,Soviet Union,T-64BV,captured,https://i.postimg.cc/3r9hx6BG/54.jpg,2022-04-13,4678,26781,2,380-4678267812
Ukraine,Soviet Union,T-64BV,captured,https://i.postimg.cc/cCFqFNny/657.png,2022-04-13,4678,26782,2,380-4678267822
Ukraine,Soviet Union,T-64BV,captured,https://i.postimg.cc/3J251m83/38.png,2022-04-16,4678,25080,2,380-4678250802
Ukraine,Soviet Union,T-64BV,captured,https://i.postimg.cc/YS1Yrpw6/63.png,2022-04-16,4678,26787,2,380-4678267872
Ukraine,Soviet Union,T-64BV,captured,https://i.postimg.cc/k5p35dF5/64.png,2022-04-16,4678,26788,2,380-4678267882
Ukraine,Soviet Union,T-64BV,captured,https://i.postimg.cc/qMdjVM6G/776.jpg,2022-04-16,4678,26789,2,380-4678267892
Ukraine,Soviet Union,T-64BV,captured,https://i.postimg.cc/d3FsgJDL/6898.png,2022-04-17,4678,26790,2,380-4678267902
Ukraine,Soviet Union,T-64BV,captured,https://i.postimg.cc/L4yq9P6p/97.png,2022-04-20,4678,26791,2,380-4678267912
Ukraine,Soviet Union,T-64BV,captured,https://i.postimg.cc/8Pp9dbcf/b22.jpg,2022-04-20,4678,26792,2,380-4678267922
Ukraine,Soviet Union,T-64BV,captured,https://i.postimg.cc/QdVzwxpX/b1.jpg,2022-04-20,4678,26793,2,380-4678267932
Ukraine,Soviet Union,T-64BV,captured,https://i.postimg.cc/6QbtWYWJ/446.png,2022-04-20,4678,26794,2,380-4678267942
Ukraine,Soviet Union,T-64BV,captured,https://i.postimg.cc/zvptnPV0/468.png,2022-04-20,4678,26795,2,380-4678267952
Ukraine,Soviet Union,T-64BV,captured,https://i.postimg.cc/V6mxyh0W/499.png,2022-04-20,4678,26796,2,380-4678267962
Ukraine,Soviet Union,T-64BV,captured,https://i.postimg.cc/PfFRKJy4/7766.jpg,2022-04-20,4678,26797,2,380-4678267972
Ukraine,Soviet Union,T-64BV,captured,https://i.postimg.cc/Nff9Q7xw/90.jpg,2022-04-25,4678,26802,2,380-4678268022
Ukraine,Soviet Union,T-64BV,captured,https://i.postimg.cc/vBFH2tdT/5422.png,2022-05-03,4678,26807,2,380-4678268072
Ukraine,Soviet Union,T-64BV,captured,https://i.postimg.cc/0NJyCHFh/5423.png,2022-05-03,4678,26808,2,380-4678268082
Ukraine,Soviet Union,T-64BV,captured,https://i.postimg.cc/Nf6rZd3y/4f.png,2022-05-08,4678,26811,2,380-4678268112
Ukraine,Soviet Union,T-64BV,captured,https://i.postimg.cc/qqYpK8YH/d7.jpg,2022-05-08,4678,26812,2,380-4678268122
Ukraine,Soviet Union,T-64BV,captured,https://i.postimg.cc/d1Tdz9Vt/133.png,2022-05-10,4678,26813,2,380-4678268132
Ukraine,Soviet Union,T-64BV,captured,https://i.postimg.cc/RVmydn25/15.png,2022-05-10,4678,26814,2,380-4678268142
Ukraine,Soviet Union,T-64BV,captured,https://i.postimg.cc/DfC3hYw7/35.png,2022-05-15,4678,26818,2,380-4678268182
Ukraine,Soviet Union,T-64BV,captured,https://i.postimg.cc/fy36bD8m/4f.png,2022-05-15,4678,26819,2,380-4678268192
Ukraine,Soviet Union,T-64BV,captured,https://i.postimg.cc/dV7Vd1MB/69.png,2022-05-23,4678,26821,2,380-4678268212
Ukraine,Soviet Union,T-64BV,captured,https://i.postimg.cc/gJP4b5sH/g7.png,2022-06-06,4678,26826,2,380-4678268262
Ukraine,Soviet Union,T-64BV,captured,https://i.postimg.cc/DZyRGvkf/688.png,2022-06-29,4678,26831,2,380-4678268312
Ukraine,Soviet Union,T-64BV,captured,https://i.postimg.cc/2yh1TrML/2000.jpg,2022-07-09,4678,26833,2,380-4678268332
Ukraine,Soviet Union,T-64BV,captured,https://twitter.com/UAWeapons/status/1545899307802365953,2022-07-12,4678,26834,2,380-4678268342
Ukraine,Soviet Union,T-64BV,captured,https://twitter.com/UAWeapons/status/1545899329633898496,2022-07-12,4678,26835,2,380-4678268352
Ukraine,Soviet Union,T-64BV,captured,https://i.postimg.cc/9MSNY0Yb/7j.png,2022-08-08,4678,26855,2,380-4678268552
Ukraine,Soviet Union,T-64BV,captured,https://i.postimg.cc/L8pWr96x/48.png,2022-08-08,4678,26856,2,380-4678268562
Ukraine,Soviet Union,T-64BV,captured,https://i.postimg.cc/zfLHhQLW/dg.png,2022-08-08,4678,26857,2,380-4678268572
Ukraine,Soviet Union,T-64BV,captured,https://i.postimg.cc/KYQn2WKg/89.png,2022-08-08,4678,26858,2,380-4678268582
Ukraine,Soviet Union,T-64BV,captured,https://i.postimg.cc/J0QyNDbH/d8.png,2022-08-08,4678,26859,2,380-4678268592
Ukraine,Soviet Union,T-64BV,captured,https://twitter.com/RALee85/status/1558887657324875777,2022-08-15,4678,26861,2,380-4678268612
Ukraine,Soviet Union,T-64BV,captured,https://i.postimg.cc/Bvd6csGs/2002-t64bv.jpg,2022-08-15,4678,26862,2,380-4678268622
Ukraine,Soviet Union,T-64BV,captured,https://i.postimg.cc/1Xf6NdyB/f4.png,2022-09-15,4678,26868,2,380-4678268682
Ukraine,Soviet Union,T-64BV,captured,https://i.postimg.cc/XqS9FJwj/2001-t64bv.jpg,2022-09-27,4678,26870,2,380-4678268702
Ukraine,Soviet Union,T-64BV,captured,https://i.postimg.cc/xC5PJs9c/486.png,2022-10-17,4678,26877,2,380-4678268772
Ukraine,Soviet Union,T-64BV,captured,https://postimg.cc/w7DpP5bY,2022-10-18,4678,26882,2,380-4678268822
Ukraine,Soviet Union,T-64BV,captured,https://postimg.cc/CdNtfvt1,2022-10-18,4678,26883,2,380-4678268832
Ukraine,Soviet Union,T-64BV,captured,https://i.postimg.cc/KjMXXVdQ/65300.png,2022-10-21,4678,26885,2,380-4678268852
Ukraine,Soviet Union,T-64BV,captured,https://twitter.com/UAWeapons/status/1583805930461794306,2022-10-24,4678,20878,2,380-4678208782
Ukraine,Soviet Union,T-64BV,captured,https://i.postimg.cc/jj4ZWMxw/2004-t64bv-dam-capt.jpg,2022-11-16,4678,26901,2,380-4678269012
Ukraine,Soviet Union,T-64BV,captured,https://twitter.com/UAWeapons/status/1597298042256125952,2022-11-30,4678,26906,2,380-4678269062
Ukraine,Soviet Union,T-64BV,captured,https://i.postimg.cc/B6qvBYgF/2007-T-64-BV-capt-12-03-22.jpg,2022-12-05,4678,26941,2,380-4678269412
Ukraine,Soviet Union,T-64BV,captured,https://i.postimg.cc/RhYV9Mz1/2008-T-64-BV-capt-20-03-22.jpg,2022-12-05,4678,26942,2,380-4678269422
Ukraine,Soviet Union,T-64BV,captured,https://i.postimg.cc/6359v7WL/2010-T-64-BV-capt-28-03-22.jpg,2022-12-05,4678,26943,2,380-4678269432
Ukraine,Soviet Union,T-64BV,captured,https://i.postimg.cc/3whr3Szq/2011-T-64-BV-capt-16-04-22.jpg,2022-12-05,4678,26944,2,380-4678269442
Ukraine,Soviet Union,T-64BV,captured,https://i.postimg.cc/3N8DmwDJ/2008-t64bv-capt-23-04-22.jpg,2023-01-30,4678,26954,2,380-4678269542
Ukraine,Soviet Union,T-64BV,captured,https://i.postimg.cc/vBKh2yVG/2016-t64bv-capt-04-02-23.jpg,2023-02-13,4678,26960,2,380-4678269602
Ukraine,Soviet Union,T-64BV,captured,https://twitter.com/UAWeapons/status/1633907229647618048,2023-03-11,4678,26969,2,380-4678269692
Ukraine,Soviet Union,T-64BV,captured,https://i.postimg.cc/QtBymyyF/54g1.png,2023-03-29,4678,26979,2,380-4678269792
Ukraine,Soviet Union,T-64BV,captured,https://i.postimg.cc/zfNNVNvJ/68j.png,2023-03-30,4678,26980,2,380-4678269802
Ukraine,Soviet Union,T-64BV,captured,https://i.postimg.cc/J7FWjZ0Y/4f22.png,2023-03-30,4678,26981,2,380-4678269812
Ukraine,Soviet Union,T-64BV,captured,https://i.postimg.cc/yYz8m2XT/876.png,2023-04-03,4678,26984,2,380-4678269842
Ukraine,Soviet Union,T-64BV,captured,https://postlmg.cc/CdNtfvt1,2023-04-03,4678,26985,2,380-4678269852
Ukraine,Soviet Union,T-64BV,captured,https://postlmg.cc/bZ6fTTy0,2023-04-03,4678,26986,2,380-4678269862
Ukraine,Soviet Union,T-64BV,captured,https://i.postimg.cc/7Pg2zKcj/6880.png,2023-04-06,4678,26989,2,380-4678269892
Ukraine,Soviet Union,T-64BV,captured,https://i.postimg.cc/2yzx54QH/5542.png,2023-04-12,4678,26994,2,380-4678269942
Ukraine,Soviet Union,T-64BV,captured,https://i.postimg.cc/dthvvsRH/2029-t64bv-capt-10-07-23.jpg,2023-07-14,4678,27029,2,380-4678270292
Ukraine,Soviet Union,T-64BV,captured,https://i.postimg.cc/0NfXhjZ0/2010-T-64-BV-capt-24-09-24.jpg,2024-09-29,4678,27151,2,380-4678271512
Ukraine,Ukraine,T-64BV Obr. 2017,captured,https://i.postimg.cc/dtSpqWyp/7jj.png,2022-08-08,6496,27166,2,380-6496271662
Ukraine,Ukraine,T-64BV Obr. 2017,captured,https://i.postimg.cc/NFdzWLQW/f8.png,2022-08-08,6496,27167,2,380-6496271672
Ukraine,Ukraine,T-64BV Obr. 2017,captured,https://i.postimg.cc/HnwDJT4x/3d.png,2022-08-08,6496,27168,2,380-6496271682
Ukraine,Ukraine,T-64BV Obr. 2017,captured,https://i.postimg.cc/s2Yp08cW/96.png,2022-08-08,6496,27169,2,380-6496271692
Ukraine,Ukraine,T-64BV Obr. 2017,captured,https://i.postimg.cc/W3QJncFg/m91.png,2022-08-08,6496,27170,2,380-6496271702
Ukraine,Ukraine,T-64BV Obr. 2017,captured,https://i.postimg.cc/J7ZyLgHY/d70.png,2022-08-08,6496,27171,2,380-6496271712
Ukraine,Ukraine,T-64BV Obr. 2017,captured,https://postimg.cc/vxWbnnfX,2022-08-09,6496,27173,2,380-6496271732
Ukraine,Ukraine,T-64BV Zr. 2017,captured,https://i.postimg.cc/fyV1pjJq/f7.png,2022-10-17,6497,27175,2,380-6497271752
Ukraine,Ukraine,T-64BV Zr. 2017,captured,https://i.postimg.cc/NfgqfD1r/3d11.png,2022-10-18,6497,27177,2,380-6497271772
Ukraine,Ukraine,T-64BV Zr. 2017,captured,https://i.postimg.cc/TwLT9zbp/2040-T-64-BV-Zr-2017-capt-05-05-22.jpg,2022-12-05,6497,27181,2,380-6497271812
Ukraine,Ukraine,T-64BV Zr. 2017,captured,https://i.postimg.cc/QMnXc8H2/2041-T-64-BV-Zr-2017-capt-08-09-22.jpg,2022-12-05,6497,27182,2,380-6497271822
Ukraine,Ukraine,T-64BV Zr. 2017,captured,https://i.postimg.cc/W1gbLLYr/2009-T-64-BV-Zr-2017-capt-23-03-22.jpg,2022-12-05,6497,27183,2,380-6497271832
Ukraine,Ukraine,T-64BV Zr. 2017,captured,https://i.postimg.cc/7LZKyMgt/766.png,2023-04-08,6497,27187,2,380-6497271872
Ukraine,Ukraine,T-64BV Zr. 2017,captured,https://i.postimg.cc/VLSXhYZJ/2008-t64bv-2017-destr-17-05-23.jpg,2023-11-15,6497,27209,2,380-6497272092
Ukraine,Ukraine,T-64BV Zr. 2017,captured,https://i.postimg.cc/1XBTyWtz/2008-t64bv-2017-destr-17-05-23.jpg,2023-11-20,6497,27210,2,380-6497272102
Ukraine,Soviet Union,T-64BVK,captured,https://postimg.cc/xXWqBXhb,2022-10-18,6498,27214,2,380-6498272142
Ukraine,Soviet Union,T-72 'Ural',captured,https://i.postimg.cc/kgGrv2cn/2002.jpg,2022-07-26,6499,27216,2,380-6499272162
Ukraine,Soviet Union,T-72 'Ural',captured,https://i.postimg.cc/nzX0hqgz/2002.jpg,2022-07-27,6499,27217,2,380-6499272172
Ukraine,Soviet Union,T-72 'Ural',captured,https://i.postimg.cc/52Qf3fsc/2003-t72a.jpg,2022-07-30,6499,27218,2,380-6499272182
Ukraine,Soviet Union,T-72 'Ural',captured,https://i.postimg.cc/fTr9bZyZ/d7k.png,2022-08-08,6499,27219,2,380-6499272192
Ukraine,Soviet Union,T-72A/M1,captured,https://i.postimg.cc/3J5D4qNT/4380.png,2022-06-05,6500,27226,2,380-6500272262
Ukraine,Ukraine,T-72AMT,captured,https://i.postimg.cc/nzS4xq5Z/310.png,2022-03-26,6501,27228,2,380-6501272282
Ukraine,Ukraine,T-72AMT,captured,https://i.postimg.cc/nV7kXCHJ/24f.png,2022-03-26,6501,27229,2,380-6501272292
Ukraine,Ukraine,T-72AMT,captured,https://i.postimg.cc/mk7QR72G/678.png,2022-03-31,6501,27231,2,380-6501272312
Ukraine,Ukraine,T-72AMT,captured,https://i.postimg.cc/P5Ssy6vp/24.jpg,2022-03-31,6501,27232,2,380-6501272322
Ukraine,Ukraine,T-72AMT,captured,https://i.postimg.cc/9QZN39jX/8754.png,2022-06-26,6501,27236,2,380-6501272362
Ukraine,Ukraine,T-72AMT,captured,https://i.postimg.cc/qqjdYB88/543.png,2022-07-11,6501,27237,2,380-6501272372
Ukraine,Ukraine,T-72AMT,captured,https://i.postimg.cc/tJbw1Xvk/2001.jpg,2022-07-24,6501,27240,2,380-6501272402
Ukraine,Ukraine,T-72AMT,captured,https://i.postimg.cc/QdkdMWKj/2000.jpg,2022-08-30,6501,27241,2,380-6501272412
Ukraine,Ukraine,T-72AMT,captured,https://i.postimg.cc/SNMPnQkh/438.png,2022-11-10,6501,27243,2,380-6501272432
Ukraine,Ukraine,T-72AMT,captured,https://i.postimg.cc/kXwxkPH3/2002-t72amt-dam-capt-04-02-23.jpg,2023-02-12,6501,27245,2,380-6501272452
Ukraine,Ukraine,T-72AMT,captured,https://i.postimg.cc/cJy2SwPc/2010-T-72-AMT-capt-12-07-24.jpg,2024-07-15,6501,27251,2,380-6501272512
Ukraine,Soviet Union,T-72AV,captured,https://twitter.com/UAWeapons/status/1545899307802365953,2022-07-12,4680,26834,2,380-4680268342
Ukraine,Soviet Union,T-72AV,captured,https://twitter.com/RALee85/status/1558887657324875777,2022-08-15,4680,26861,2,380-4680268612
Ukraine,Soviet Union,T-72AV,captured,https://i.postimg.cc/TY5yXFcQ/2002-t72av.jpg,2022-09-20,4680,27258,2,380-4680272582
Ukraine,Soviet Union,T-72AV,captured,https://i.postimg.cc/52zTYMTy/g540.png,2022-10-17,4680,27259,2,380-4680272592
Ukraine,Soviet Union,T-72AV,captured,https://i.postimg.cc/Kc34cjCw/432.png,2022-10-20,4680,27260,2,380-4680272602
Ukraine,Soviet Union,T-72AV,captured,https://i.postimg.cc/cCsQzKTv/2013-t72av-capt-09-10-22.jpg,2023-01-01,4680,27264,2,380-4680272642
Ukraine,Soviet Union,T-72AV,captured,https://twitter.com/UAWeapons/status/1633907229647618048,2023-03-11,4680,26969,2,380-4680269692
Ukraine,Soviet Union,T-72AV,captured,https://i.postimg.cc/1XtS8Pkz/2007-t72av-capt-08-07-23.jpg,2023-07-14,4680,27273,2,380-4680272732
Ukraine,Soviet Union,T-72AV,captured,https://i.postimg.cc/vTQqJ4TV/2010-T-72-AV-capt-01-08-23.jpg,2023-08-24,4680,27276,2,380-4680272762
Ukraine,Soviet Union,T-72AV,captured,https://i.postimg.cc/gJP9QwsW/2000-T-72-AV-capt-28-02-23.jpg,2024-05-15,4680,27290,2,380-4680272902
Ukraine,Soviet Union,T-72AV,captured,https://i.postimg.cc/MKCKWR3Q/2015-T-72-AV-capt-20-09-24.jpg,2024-09-23,4680,27299,2,380-4680272992
Ukraine,Soviet Union,T-72B,captured,https://i.postimg.cc/Qt0YYkvD/321.png,2022-03-26,4681,27303,2,380-4681273032
Ukraine,Soviet Union,T-72B,captured,https://postlmg.cc/PLBJrr0x,2022-03-26,4681,27304,2,380-4681273042
Ukraine,Soviet Union,T-72B,captured,https://i.postimg.cc/gcvHPYnx/43.png,2022-04-08,4681,27305,2,380-4681273052
Ukraine,Soviet Union,T-72B,captured,https://postimg.cc/8smZ5GpV,2022-04-08,4681,27306,2,380-4681273062
Ukraine,Soviet Union,T-72B,captured,https://i.postimg.cc/FFbtjVK4/54.png,2022-06-01,4681,27312,2,380-4681273122
Ukraine,Soviet Union,T-72B,captured,https://i.postimg.cc/VLR2r3gr/29.png,2022-06-04,4681,27313,2,380-4681273132
Ukraine,Soviet Union,T-72B,captured,https://twitter.com/UAWeapons/status/1578365764729348096,2022-10-08,4681,27317,2,380-4681273172
Ukraine,Soviet Union,T-72B,captured,https://i.postimg.cc/7hzPs6Kz/45h.png,2022-10-17,4681,27318,2,380-4681273182
Ukraine,Poland,T-72M/M1(R),captured,https://twitter.com/UAWeapons/status/1572151857451274241,2022-09-22,6503,27353,2,380-6503273532
Ukraine,Poland,T-72M/M1(R),captured,https://i.postimg.cc/2yFVyz53/r4.png,2022-10-22,6503,27361,2,380-6503273612
Ukraine,Poland,T-72M/M1(R),captured,https://i.postimg.cc/Cx6dzrwC/r5.png,2022-10-22,6503,27362,2,380-6503273622
Ukraine,Poland,T-72M/M1(R),captured,https://i.postimg.cc/6p2WZ0Md/46p.png,2022-10-24,6503,27363,2,380-6503273632
Ukraine,Poland,T-72M/M1(R),captured,https://i.postimg.cc/cCKcFxDC/2009-t72m-capt-14-06-23.jpg,2023-06-23,6503,27378,2,380-6503273782
Ukraine,Soviet Union,T-72M1,captured,https://i.postimg.cc/hjkddd8B/47.png,2022-06-10,6504,27396,2,380-6504273962
Ukraine,Poland,T-72M1,captured,https://twitter.com/UAWeapons/status/1549762508885565441,2022-07-21,6504,27397,2,380-6504273972
Ukraine,Soviet Union,T-80BV,captured,https://i.postimg.cc/0jXKJsjL/f58.png,2022-03-19,4688,27407,2,380-4688274072
Ukraine,Soviet Union,T-80BV,captured,https://i.postimg.cc/4NkSDvHN/f21.png,2022-03-19,4688,27408,2,380-4688274082
Ukraine,Soviet Union,T-80BV,captured,https://i.postimg.cc/fb3dc6LV/389.png,2022-04-13,4688,27409,2,380-4688274092
Ukraine,Soviet Union,T-80BV,captured,https://i.postimg.cc/rFbMJRqZ/4f.png,2022-04-13,4688,27410,2,380-4688274102
Ukraine,Soviet Union,T-80BV,captured,https://i.postimg.cc/G352G9YJ/580.png,2022-05-11,4688,27413,2,380-4688274132
Ukraine,Soviet Union,T-80BV,captured,https://i.postimg.cc/VsJn5zPD/43f.jpg,2022-05-21,4688,27414,2,380-4688274142
Ukraine,Soviet Union,T-80BV,captured,https://i.postimg.cc/MT0KSR08/6522.png,2022-05-29,4688,27415,2,380-4688274152
Ukraine,Soviet Union,T-80BV,captured,https://i.postimg.cc/zvh7qCq7/2105.jpg,2022-07-21,4688,27417,2,380-4688274172
Ukraine,Soviet Union,T-80BV,captured,https://postimg.cc/DJfV8xMx,2022-09-08,4688,27419,2,380-4688274192
Ukraine,Ukraine,TMM-3M1 bridge layer,captured,https://i.postimg.cc/jjscx2rh/245.png,2022-03-26,6508,27460,2,380-6508274602
Ukraine,Ukraine,Triton,captured,https://i.postimg.cc/x8sb9gDh/45.png,2022-03-31,6509,27461,2,380-6509274612
Ukraine,Ukraine,Triton,captured,https://i.postimg.cc/9M2qR0bV/3388.jpg,2022-04-20,6509,27462,2,380-6509274622
Ukraine,Ukraine,Triton,captured,https://i.postimg.cc/SNrgtV68/57.png,2022-06-01,6509,27463,2,380-6509274632
Ukraine,Ukraine,Triton,captured,https://i.postimg.cc/wT6qjjMS/277.png,2022-06-06,6509,27464,2,380-6509274642
Ukraine,Ukraine,Triton-1,captured,https://postimg.cc/2V03L6Hb,2022-10-17,6510,27465,2,380-6510274652
Ukraine,Ukraine,Triton-1,captured,https://i.postimg.cc/rwTLMxLz/2008-Kozak-7-capt-31-08-24.jpg,2024-09-22,6510,27466,2,380-6510274662
Ukraine,Soviet Union,UAZ-452,captured,https://i.postimg.cc/NFjnSrgK/bl.png,2022-03-19,4709,27474,2,380-4709274742
Ukraine,Soviet Union,UAZ-452,captured,https://i.postimg.cc/d0vnz2LL/2dh.png,2022-03-26,4709,27475,2,380-4709274752
Ukraine,Soviet Union,UAZ-469,captured,https://i.postimg.cc/tgpMs65F/Screenshot-8026.png,2022-03-19,4711,27479,2,380-4711274792
Ukraine,Soviet Union,UAZ-469,captured,https://i.postimg.cc/kXMB2DzL/43.png,2022-03-26,4711,27480,2,380-4711274802
Ukraine,Soviet Union,UAZ-469,captured,https://i.postimg.cc/4dh6yP2f/d1.png,2022-03-26,4711,27481,2,380-4711274812
Ukraine,Soviet Union,UAZ-469,captured,https://i.postimg.cc/90crT04r/776.png,2022-03-26,4711,27482,2,380-4711274822
Ukraine,Soviet Union,UAZ-469 jeep,captured,https://i.postimg.cc/HLT8ySnD/1014.jpg,2022-07-04,6514,27485,2,380-6514274852
Ukraine,Soviet Union,UAZ-469 jeep,captured,https://i.postimg.cc/zvQDMzvw/2015-uaz469-capt-28-02-22.jpg,2023-05-12,6514,27490,2,380-6514274902
Ukraine,Ukraine,Unknown tank,captured,https://i.postimg.cc/NjnfBYFT/2001-unkn-tank.jpg,2022-08-15,4734,27664,2,380-4734276642
Ukraine,Ukraine,Unknown truck,captured,https://i.postimg.cc/JnP8Cxr0/Screenshot-8249.png,2022-03-19,4737,27759,2,380-4737277592
Ukraine,Ukraine,Unknown truck,captured,https://i.postimg.cc/SRtv4JHH/1dg.png,2022-03-26,4737,27763,2,380-4737277632
Ukraine,Ukraine,Unknown truck,captured,https://i.postimg.cc/vZ7sdvHn/f4.png,2022-03-26,4737,27764,2,380-4737277642
Ukraine,Ukraine,Unknown truck,captured,https://i.postimg.cc/KzPKpVCk/Screenshot-8115.png,2022-03-26,4737,27765,2,380-4737277652
Ukraine,Soviet Union,Ural-375D,captured,https://i.postimg.cc/FKC8wRyc/Screenshot-8025.png,2022-03-19,4741,27869,2,380-4741278692
Ukraine,Soviet Union,Ural-375D,captured,https://i.postimg.cc/5tqNnVFZ/f3.png,2022-03-26,4741,27870,2,380-4741278702
Ukraine,Soviet Union,Ural-375D,captured,https://i.postimg.cc/jdRM3Vky/f30.png,2022-03-26,4741,27871,2,380-4741278712
Ukraine,Soviet Union,Ural-375D,captured,https://i.postimg.cc/nrdDz39r/5g2.png,2022-03-26,4741,27872,2,380-4741278722
Ukraine,Soviet Union,Ural-375D,captured,https://i.postimg.cc/90crT04r/776.png,2022-03-26,4741,27482,2,380-4741274822
Ukraine,Soviet Union,Ural-375D,captured,https://i.postimg.cc/C5t52NPf/Screenshot-8111.png,2022-03-26,4741,27873,2,380-4741278732
Ukraine,Soviet Union,Ural-375D,captured,https://i.postimg.cc/SQtnjSSN/Screenshot-8112.png,2022-03-26,4741,27874,2,380-4741278742
Ukraine,Soviet Union,Ural-375D,captured,https://i.postimg.cc/2SzvZzbq/443.png,2022-03-26,4741,25218,2,380-4741252182
Ukraine,Soviet Union,Ural-375D,captured,https://i.postimg.cc/3JrJjW1H/Screenshot-8172.png,2022-03-26,4741,27875,2,380-4741278752
Ukraine,Soviet Union,Ural-375D,captured,https://i.postimg.cc/L8n977GC/Screenshot-8173.png,2022-03-26,4741,27876,2,380-4741278762
Ukraine,Soviet Union,Ural-375D,captured,https://i.postimg.cc/1tRY7xj4/Screenshot-8169.png,2022-03-26,4741,25594,2,380-4741255942
Ukraine,Soviet Union,Ural-375D,captured,https://i.postimg.cc/4y6PXBMj/Screenshot-8166.png,2022-03-26,4741,27877,2,380-4741278772
Ukraine,Soviet Union,Ural-375D,captured,https://i.postimg.cc/3wrx1NYG/Screenshot-8113.png,2022-03-26,4741,27878,2,380-4741278782
Ukraine,Soviet Union,Ural-375D,captured,https://i.postimg.cc/SsT2C89j/Screenshot-8133.png,2022-03-26,4741,27879,2,380-4741278792
Ukraine,Soviet Union,Ural-375D,captured,https://i.postimg.cc/NM5JHFdK/4331.png,2022-03-30,4741,27880,2,380-4741278802
Ukraine,Soviet Union,Ural-375D,captured,https://i.postimg.cc/tT4XMQ4W/6665.jpg,2022-03-30,4741,27881,2,380-4741278812
Ukraine,Soviet Union,Ural-375D,captured,https://i.postimg.cc/vHvy3FYx/31.png,2022-05-03,4741,27883,2,380-4741278832
Ukraine,Soviet Union,Ural-375D,captured,https://i.postimg.cc/P5WfMppV/399.png,2022-05-13,4741,27885,2,380-4741278852
Ukraine,Soviet Union,Ural-4320,captured,https://i.postimg.cc/2SHMm16F/456.png,2022-03-19,4742,27891,2,380-4742278912
Ukraine,Soviet Union,Ural-4320,captured,https://i.postimg.cc/02n6DFYg/314.png,2022-03-30,4742,27892,2,380-4742278922
Ukraine,Soviet Union,Ural-4320,captured,https://i.postimg.cc/2yMp268K/tt1.png,2022-04-18,4742,25429,2,380-4742254292
Ukraine,Soviet Union,Ural-4320,captured,https://i.postimg.cc/JnpvdY9K/32.png,2022-05-01,4742,27894,2,380-4742278942
Ukraine,Soviet Union,Ural-4320,captured,https://i.postimg.cc/GmVqtBjC/328.png,2022-05-03,4742,27895,2,380-4742278952
Ukraine,Soviet Union,Ural-4320,captured,https://i.postimg.cc/gjmtgKPy/470.png,2022-05-03,4742,27896,2,380-4742278962
Ukraine,France,VAB,captured,https://i.postimg.cc/ht0jwrmc/2095-VAB-capt-18-10-24.jpg,2024-10-22,6524,27967,2,380-6524279672
Ukraine,Ukraine,Varta,captured,https://i.postimg.cc/rmJCSVgp/g1.png,2022-03-19,6525,27971,2,380-6525279712
Ukraine,Ukraine,Varta,captured,https://i.postimg.cc/MpqsfLzt/66590.png,2022-03-19,6525,27972,2,380-6525279722
Ukraine,Ukraine,Varta,captured,https://i.postimg.cc/442p3Kn8/443.png,2022-03-19,6525,26708,2,380-6525267082
Ukraine,Ukraine,Varta,captured,https://i.postimg.cc/wj9GFM8d/66579.png,2022-03-19,6525,27973,2,380-6525279732
Ukraine,Ukraine,Varta,captured,https://i.postimg.cc/c4jKpNP5/7u.png,2022-03-19,6525,27974,2,380-6525279742
Ukraine,Ukraine,Varta,captured,https://i.postimg.cc/VvgqDJDh/7644.png,2022-03-19,6525,27975,2,380-6525279752
Ukraine,Ukraine,Varta,captured,https://i.postimg.cc/1tG278jF/130.png,2022-03-19,6525,27976,2,380-6525279762
Ukraine,Ukraine,Varta,captured,https://i.postimg.cc/28s1cv5k/f244.png,2022-03-19,6525,27977,2,380-6525279772
Ukraine,Ukraine,Varta,captured,https://i.postimg.cc/zGf1Wqkg/4312.png,2022-03-19,6525,27978,2,380-6525279782
Ukraine,Ukraine,Varta,captured,https://i.postimg.cc/ZnVDfxsb/438.png,2022-03-19,6525,27979,2,380-6525279792
Ukraine,Ukraine,Varta,captured,https://i.postimg.cc/s2j9JmdL/f4.jpg,2022-03-31,6525,27981,2,380-6525279812
Ukraine,Ukraine,Varta,captured,https://i.postimg.cc/FH6RQ6Sc/c1.png,2022-04-21,6525,27982,2,380-6525279822
Ukraine,Ukraine,Varta,captured,https://i.postimg.cc/4d7tkwNf/d1h.jpg,2022-04-23,6525,27983,2,380-6525279832
Ukraine,Ukraine,Varta,captured,https://i.postimg.cc/xT2zK4zR/5547.png,2022-05-29,6525,27985,2,380-6525279852
Ukraine,Ukraine,Varta,captured,https://twitter.com/UAWeapons/status/1545899359132389377,2022-07-12,6525,23375,2,380-6525233752
Ukraine,Ukraine,Varta,captured,https://i.postimg.cc/vZ05b1Hd/547.png,2022-10-17,6525,27988,2,380-6525279882
Ukraine,Ukraine,Varta,captured,https://postimg.cc/Sn5HxJPf,2022-10-18,6525,27990,2,380-6525279902
Ukraine,Ukraine,Varta,captured,https://postimg.cc/VrXX4dBz,2022-10-18,6525,27991,2,380-6525279912
Ukraine,Ukraine,Varta,captured,https://postimg.cc/Q9Qw6W5b,2022-10-18,6525,27992,2,380-6525279922
Ukraine,Ukraine,Varta,captured,https://postimg.cc/nX60mc5G,2022-10-18,6525,27993,2,380-6525279932
Ukraine,Ukraine,Varta,captured,https://postimg.cc/N2KMjnJL,2022-10-18,6525,27994,2,380-6525279942
Ukraine,Ukraine,Varta,captured,https://i.postimg.cc/WpDCYNTn/f27.png,2022-10-19,6525,27995,2,380-6525279952
Ukraine,Ukraine,Varta,captured,https://i.postimg.cc/NG8jzwVH/2120-Varta-capt-01-08-22.jpg,2022-12-05,6525,27998,2,380-6525279982
Ukraine,Ukraine,Varta,captured,https://i.postimg.cc/pXqXPJPV/2121-Varta-capt-01-08-22.jpg,2022-12-05,6525,27999,2,380-6525279992
Ukraine,Ukraine,Varta,captured,https://i.postimg.cc/bwdt7HRf/5497.png,2022-12-21,6525,28001,2,380-6525280012
Ukraine,Ukraine,Varta,captured,https://i.postimg.cc/K8jVkwmk/6529.png,2022-12-21,6525,28002,2,380-6525280022
Ukraine,Ukraine,Varta,captured,https://i.postimg.cc/5t7kxmh5/4383.png,2022-12-21,6525,28003,2,380-6525280032
Ukraine,Ukraine,Varta,captured,https://i.postimg.cc/Jz3fWZ7K/547.png,2022-12-21,6525,28004,2,380-6525280042
Ukraine,Ukraine,Varta,captured,https://i.postimg.cc/yd79bqQv/4382.png,2022-12-21,6525,28005,2,380-6525280052
Ukraine,Ukraine,Varta,captured,https://i.postimg.cc/hj0YkBSj/237.png,2022-12-21,6525,28006,2,380-6525280062
Ukraine,Ukraine,Varta,captured,https://i.postimg.cc/52N2T4bH/4384.png,2022-12-21,6525,28007,2,380-6525280072
Ukraine,Ukraine,Varta,captured,https://i.postimg.cc/6qLPNNtq/3287.png,2022-12-21,6525,28008,2,380-6525280082
Ukraine,Ukraine,Varta,captured,https://i.postimg.cc/3Ndks3gC/316.png,2022-12-21,6525,28009,2,380-6525280092
Ukraine,Ukraine,Varta,captured,https://i.postimg.cc/k5FRLLZ4/2004-varta-capt-16-01-23.png,2023-01-21,6525,28011,2,380-6525280112
Ukraine,Ukraine,Varta,captured,https://i.postimg.cc/T1SXymTX/438.png,2023-04-11,6525,28018,2,380-6525280182
Ukraine,Ukraine,Varta,captured,https://i.postimg.cc/FRdRwxTM/433.png,2023-04-12,6525,28019,2,380-6525280192
Ukraine,Ukraine,Varta,captured,https://i.postimg.cc/j2CSzjg1/2015-varta-capt-24-12-22.jpg,2023-05-02,6525,28020,2,380-6525280202
Ukraine,Ukraine,Varta,captured,https://i.postimg.cc/x8CGgyXm/2030-varta-capt-25-07-22.jpg,2023-05-23,6525,28021,2,380-6525280212
Ukraine,Ukraine,Varta,captured,https://i.postimg.cc/7LzrTPNh/2069-Varta-capt-13-07-22.jpg,2024-10-22,6525,28023,2,380-6525280232
Ukraine,Ukraine,Vepr AFV,captured,https://i.postimg.cc/TPhb8qxr/35.png,2022-04-10,6527,23687,2,380-6527236872
Ukraine,Ukraine,Vepr AFV,captured,https://i.postimg.cc/WbkQmHty/5gl.png,2022-05-25,6527,28028,2,380-6527280282
Ukraine,Ukraine,Vepr MRAP,captured,https://i.postimg.cc/0j3NhvTH/32dj.png,2022-03-19,6528,28029,2,380-6528280292
Ukraine,Ukraine,Weaponised VTOL UAV,captured,https://i.postimg.cc/XJjQbDmJ/488.png,2022-06-26,6530,28033,2,380-6530280332
Ukraine,Ukraine,Weaponised VTOL UAV,captured,https://i.postimg.cc/9FkpZB4v/32.png,2022-11-10,6530,28034,2,380-6530280342
Ukraine,Netherlands,YPR-765,captured,https://twitter.com/UAWeapons/status/1598719128763760644,2022-12-05,6532,28048,2,380-6532280482
Ukraine,Netherlands,YPR-765,captured,https://i.postimg.cc/W17wCJW7/2006-ypr765-capt-31-05-23.jpg,2023-07-10,6532,28068,2,380-6532280682
Ukraine,Netherlands,YPR-765,captured,https://i.postimg.cc/DyGWdMC3/2104-ypr765-capt-27-01-24.jpg,2024-01-30,6532,28090,2,380-6532280902
Ukraine,Netherlands,YPR-765,captured,https://i.postimg.cc/RZ9WVLd9/2026-YPR-765-capt-11-03-24.jpg,2024-04-08,6532,28098,2,380-6532280982
Ukraine,Soviet Union,Zhuk class patrol boat (Sea Guard),captured,https://i.postimg.cc/L5nyF4sY/g77.jpg,2022-03-19,6533,28117,2,380-6533281172
Ukraine,Soviet Union,Zhuk class patrol boat (Sea Guard),captured,https://i.postimg.cc/654HHQSF/g78.jpg,2022-03-19,6533,28118,2,380-6533281182
Ukraine,Soviet Union,ZiL-130,captured,https://i.postimg.cc/NFY7ntN8/2005-zil130-capt-28-02-22.jpg,2023-03-22,6534,28121,2,380-6534281212
Ukraine,Soviet Union,ZiL-131,captured,https://i.postimg.cc/P5Y9S2VJ/d23.png,2022-03-19,4764,28134,2,380-4764281342
Ukraine,Soviet Union,ZiL-131,captured,https://i.postimg.cc/vBpfYjxd/g8.png,2022-03-19,4764,28135,2,380-4764281352
Ukraine,Soviet Union,ZiL-131,captured,https://i.postimg.cc/7LSW8dKp/35.png,2022-03-19,4764,26237,2,380-4764262372
Ukraine,Soviet Union,ZiL-131,captured,https://i.postimg.cc/fL9yXJ40/bf.png,2022-03-19,4764,28136,2,380-4764281362
Ukraine,Soviet Union,ZiL-131,captured,https://i.postimg.cc/Bb3Fnx8v/bl.png,2022-03-19,4764,28137,2,380-4764281372
Ukraine,Soviet Union,ZiL-131,captured,https://postimg.cc/87Yh4HSS,2022-03-19,4764,28138,2,380-4764281382
Ukraine,Soviet Union,ZiL-131,captured,https://i.postimg.cc/fLFKfwz9/s4.png,2022-03-19,4764,28139,2,380-4764281392
Ukraine,Soviet Union,ZiL-131,captured,https://i.postimg.cc/YSjX5Wrj/dd11.png,2022-03-19,4764,28140,2,380-4764281402
Ukraine,Soviet Union,ZiL-131,captured,https://i.postimg.cc/Znf3n1fc/542f.png,2022-03-19,4764,28141,2,380-4764281412
Ukraine,Soviet Union,ZiL-131,captured,https://i.postimg.cc/0jN22LVY/d1h.png,2022-03-19,4764,28142,2,380-4764281422
Ukraine,Soviet Union,ZiL-131,captured,https://i.postimg.cc/kXMB2DzL/43.png,2022-03-26,4764,27480,2,380-4764274802
Ukraine,Soviet Union,ZiL-131,captured,https://i.postimg.cc/5tCYqTxz/5gh.png,2022-03-26,4764,28145,2,380-4764281452
Ukraine,Soviet Union,ZiL-131,captured,https://i.postimg.cc/4NqYS7zD/Screenshot-8119.png,2022-03-26,4764,28146,2,380-4764281462
Ukraine,Soviet Union,ZiL-131,captured,https://i.postimg.cc/MpBn265v/Screenshot-8120.png,2022-03-26,4764,28147,2,380-4764281472
Ukraine,Soviet Union,ZiL-131,captured,https://i.postimg.cc/G3XwPtVG/335.png,2022-03-26,4764,28148,2,380-4764281482
Ukraine,Soviet Union,ZiL-131,captured,https://i.postimg.cc/52B628K8/776.png,2022-03-26,4764,28149,2,380-4764281492
Ukraine,Soviet Union,ZiL-131,captured,https://i.postimg.cc/gjZJhhsy/14.png,2022-03-26,4764,28150,2,380-4764281502
Ukraine,Soviet Union,ZiL-131,captured,https://i.postimg.cc/Fsxkm2Wh/71.png,2022-03-26,4764,28151,2,380-4764281512
Ukraine,Soviet Union,ZiL-131,captured,https://i.postimg.cc/W3WjXwXL/Screenshot-8114.png,2022-03-26,4764,28152,2,380-4764281522
Ukraine,Soviet Union,ZiL-131,captured,https://i.postimg.cc/WpqbXQL5/Screenshot-8113.png,2022-03-26,4764,28153,2,380-4764281532
Ukraine,Soviet Union,ZiL-131,captured,https://i.postimg.cc/YCr7KPZK/Screenshot-8156.png,2022-03-26,4764,28154,2,380-4764281542
Ukraine,Soviet Union,ZiL-131,captured,https://i.postimg.cc/SxghyrbX/Screenshot-8159.png,2022-03-26,4764,28155,2,380-4764281552
Ukraine,Soviet Union,ZiL-131,captured,https://i.postimg.cc/jdK0P9sw/Screenshot-8123.png,2022-03-26,4764,28156,2,380-4764281562
Ukraine,Soviet Union,ZiL-131,captured,https://i.postimg.cc/Dwx8tLC6/Screenshot-8135.png,2022-03-26,4764,28157,2,380-4764281572
Ukraine,Soviet Union,ZiL-131,captured,https://i.postimg.cc/tTXvY0dp/Screenshot-8143.png,2022-03-26,4764,28158,2,380-4764281582
Ukraine,Soviet Union,ZiL-131,captured,https://i.postimg.cc/HLj4KptJ/Screenshot-8116.png,2022-03-26,4764,28159,2,380-4764281592
Ukraine,Soviet Union,ZiL-131,captured,https://i.postimg.cc/65Rmyxxy/5548.png,2022-03-26,4764,28160,2,380-4764281602
Ukraine,Soviet Union,ZiL-131,captured,https://i.postimg.cc/CMqVxGPy/tt3.png,2022-04-18,4764,28165,2,380-4764281652
Ukraine,Soviet Union,ZiL-131,captured,https://i.postimg.cc/66Rmy0HF/37.png,2022-04-25,4764,28167,2,380-4764281672
Ukraine,Soviet Union,ZiL-131,captured,https://i.postimg.cc/BbS3BJ4w/668.jpg,2022-05-01,4764,28170,2,380-4764281702
Ukraine,Soviet Union,ZiL-131,captured,https://i.postimg.cc/gJR5my9Q/769.png,2022-05-03,4764,28171,2,380-4764281712
Ukraine,Soviet Union,ZiL-131,captured,https://i.postimg.cc/cChFLXF9/4333.png,2022-05-03,4764,28172,2,380-4764281722
Ukraine,Soviet Union,ZiL-131,captured,https://i.postimg.cc/FsT4y5HJ/287.png,2022-05-14,4764,28175,2,380-4764281752
Ukraine,Soviet Union,ZiL-131,captured,https://i.postimg.cc/vH6XjZGt/4f6.png,2023-04-01,4764,28179,2,380-4764281792
Ukraine,Soviet Union,ZiL-131,captured,https://postlmg.cc/4nZKD5qC,2023-04-04,4764,28180,2,380-4764281802
Ukraine,Soviet Union,ZiL-131,captured,https://i.postimg.cc/VkykBdTy/887k.png,2023-04-17,4764,28182,2,380-4764281822
Ukraine,Soviet Union,ZiL-131,captured,https://i.postimg.cc/ryZpzJjd/2013-zil131-capt-04-03-22.jpg,2023-05-12,4764,28187,2,380-4764281872
Ukraine,Soviet Union,ZiL-131,captured,https://i.postimg.cc/5tJ4Dk4r/2001-zil131-capt-04-03-22.jpg,2023-05-12,4764,28188,2,380-4764281882
Ukraine,Soviet Union,ZiL-131,captured,https://i.postimg.cc/kgKM1dm8/2002-zil131-capt-04-03-22.jpg,2023-05-12,4764,28189,2,380-4764281892
Ukraine,Soviet Union,ZiL-131,captured,https://i.postimg.cc/7YDGd3yD/2024-Zi-L-131-dam-capt-29-08-22.jpg,2023-05-17,4764,28197,2,380-4764281972
Ukraine,Soviet Union,ZiL-131,captured,https://i.postimg.cc/CMbncvXm/2029-Zi-L-131-dam-capt-29-08-22.jpg,2023-05-17,4764,28198,2,380-4764281982
Ukraine,Soviet Union,ZiL-131,captured,https://i.postimg.cc/gJVGn38f/2002-Zi-L-131-capt-31-12-22.jpg,2023-07-24,4764,28214,2,380-4764282142
Ukraine,Soviet Union,ZiL-131,captured,https://i.postimg.cc/0NJk1TQ5/2027-Zi-L-131-capt-19-04-22.jpg,2023-07-24,4764,28215,2,380-4764282152
Ukraine,Soviet Union,ZiL-157,captured,https://i.postimg.cc/05h304Pd/Screenshot-8143.png,2022-03-26,6537,28272,2,380-6537282722
Ukraine,Soviet Union,ZiL-157,captured,https://i.postimg.cc/W3b21FJ6/2000-zil157-capt-04-03-22.jpg,2023-05-12,6537,28273,2,380-6537282732
Ukraine,Soviet Union,ZSU-23-4 'Shilka',captured,https://i.postimg.cc/nzwtKX39/4f3.png,2022-03-19,4765,28274,2,380-4765282742
Ukraine,Soviet Union,ZSU-23-4 'Shilka',captured,https://i.postimg.cc/KcC7csQq/477.png,2022-04-09,4765,24563,2,380-4765245632
Ukraine,Soviet Union,ZSU-23-4 'Shilka',captured,https://i.postimg.cc/GtdHb84x/68.png,2022-04-13,4765,28275,2,380-4765282752
Ukraine,Soviet Union,ZSU-23-4 Shilka,captured,https://i.postimg.cc/1XnYxB5j/5870.png,2022-10-17,4766,28277,2,380-4766282772
